Name,mean,date_date
HansHerkert,17.951097012952683,2022-10-02
YoloBasin,9.823148148148148,2022-10-02
HPond,21.79535864978903,2022-10-02
Lucky5,8.600680015111447,2022-10-02
76,24.88592964824121,2022-10-02
70,36.20449438202248,2022-10-02
71,3.065073716319268,2022-10-02
72,27.78265703168427,2022-10-02
64,32.82753824756606,2022-10-02
63,32.80966587112172,2022-10-02
Pond5,32.901041666666664,2022-10-02
Pond6,31.65282583621684,2022-10-02
Pond7,35.03500761035008,2022-10-02
Pond8,36.18918918918919,2022-10-02
Pond9,13.904017857142858,2022-10-02
Pond10,23.95697796432319,2022-10-02
Newstrom,15.998062015503876,2022-10-02
C300,3.127938764352105,2022-10-02
Souza1-4,5.710950080515298,2022-10-02
Souza106,17.928947368421053,2022-10-02
Dingville1,2.234465086483024,2022-10-02
Dingville3,5.220183486238532,2022-10-02
Dingville4,12.410604192355118,2022-10-02
ShadyOaks(MichaelRue),14.87617554858934,2022-10-02
NorthCreekHouse(R&F Ranch),23.337524818001324,2022-10-02
RioOsoRanch(RioOso),17.66131025957973,2022-10-02
Bluebird(R&F RealEstate),15.37318255250404,2022-10-02
Morrison(MichaelRue),22.290796160361374,2022-10-02
Knaggs,15.931864604610446,2022-10-02
TuleBasin(Chesapeak),15.73566610455312,2022-10-02
TuleBasin,20.759326113116728,2022-10-02
CapOil,17.62716207559257,2022-10-02
TidesEnd,22.341950113378683,2022-10-02
Field 29C,20.319344933469807,2022-10-02
Field 29B,21.83065953654189,2022-10-02
Field 29A,23.68166666666667,2022-10-02
Field 25E,16.914485165794066,2022-10-02
Field 25D,17.547899159663867,2022-10-02
Field 25C,18.924071082390952,2022-10-02
Field 26EE,27.818574514038875,2022-10-02
Field 26CW,26.401247401247403,2022-10-02
Field 26D - 50% ONLY,29.870212765957447,2022-10-02
Field 18,25.63136456211813,2022-10-02
Field 20A,17.685233841303205,2022-10-02
Field 20B,20.927991337303737,2022-10-02
Field 21,25.689724110355854,2022-10-02
Field and Tule,26.568842021488265,2022-10-02
055D,28.5503746877602,2022-10-02
055E,30.767234387672342,2022-10-02
056A,15.162273476112029,2022-10-02
056B,50.813899613899615,2022-10-02
056F,25.504748982360923,2022-10-02
056E,31.130522088353413,2022-10-02
056G,28.42584269662921,2022-10-02
056H,34.59476744186046,2022-10-02
056I,17.248834498834498,2022-10-02
056J,20.79463776383343,2022-10-02
056K,18.229557843731072,2022-10-02
056L,28.21826809015421,2022-10-02
056M,30.463687150837988,2022-10-02
056N,31.766784452296815,2022-10-02
056P,29.13701923076923,2022-10-02
056Q,25.161807580174926,2022-10-02
061,29.610966057441253,2022-10-02
068B,24.829129886506937,2022-10-02
069A3,15.936758893280633,2022-10-02
069B,23.646710136336694,2022-10-02
069C,27.97195767195767,2022-10-02
072A,22.10072895957588,2022-10-02
072B,23.01139240506329,2022-10-02
076A1,31.43128390596745,2022-10-02
076A1,31.43128390596745,2022-10-02
076B,32.183381088825215,2022-10-02
076CW,32.77235772357724,2022-10-02
078A,30.47831474597274,2022-10-02
078B,32.06133333333333,2022-10-02
078C,29.2275,2022-10-02
088,20.372584269662923,2022-10-02
089B,19.22994350282486,2022-10-02
089A,NA,2022-10-02
090A,28.88951310861423,2022-10-02
091A,25.7319587628866,2022-10-02
091B,4.501287001287001,2022-10-02
093A,9.95118549511855,2022-10-02
093B,14.563636363636364,2022-10-02
093C,19.190669371196755,2022-10-02
093D,17.151315789473685,2022-10-02
093E,17.3322454308094,2022-10-02
094B,15.623134328358208,2022-10-02
096AW2,23.337981952420016,2022-10-02
096AW1,23.519933554817275,2022-10-02
100A,23.46708794102159,2022-10-02
100B,28.906130268199234,2022-10-02
100C,23.925081433224754,2022-10-02
100DE,21.1980198019802,2022-10-02
100G,23.27840327533265,2022-10-02
100M1,22.374898785425103,2022-10-02
100N,27.312844036697246,2022-10-02
102D,21.768719806763286,2022-10-02
102G,19.62181818181818,2022-10-02
102J,19.56140350877193,2022-10-02
106H6,12.194444444444445,2022-10-02
106H3,15.434256055363322,2022-10-02
106H4,5.917948717948718,2022-10-02
106H2,16.28222523744912,2022-10-02
106H2,3.213888888888889,2022-10-02
110F,24.24306220095694,2022-10-02
110G,19.150273224043715,2022-10-02
110J,25.48576675849403,2022-10-02
110K,26.96034115138593,2022-10-02
110L,27.20777777777778,2022-10-02
111A,27.283261802575108,2022-10-02
111B,27.229580573951434,2022-10-02
111C,28.189823874755383,2022-10-02
111D,31.47349177330896,2022-10-02
111E,26.70349140177176,2022-10-02
111F,24.56721022476862,2022-10-02
111G,24.89986345015931,2022-10-02
111H,26.43945163747144,2022-10-02
111J,30.95393474088292,2022-10-02
111K,31.904761904761905,2022-10-02
116A,27.073954983922828,2022-10-02
116D,22.713389121338917,2022-10-02
131D,21.12335958005249,2022-10-02
131F,16.256476683937823,2022-10-02
192EN,24.541143654114364,2022-10-02
192ES,30.49083842309828,2022-10-02
203-42,32.197284345047926,2022-10-02
203-41,31.898718730933496,2022-10-02
205C,34.42649572649572,2022-10-02
205E,33.69327467001886,2022-10-02
205W,22.2317562149158,2022-10-02
206SW,13.81303602058319,2022-10-02
207E,27.21043771043771,2022-10-02
207W,31.703703703703702,2022-10-02
208E,32.84632352941176,2022-10-02
208W,27.88222222222222,2022-10-02
209E,31.57604895104895,2022-10-02
209W,29.7027027027027,2022-10-02
210E,33.63937282229965,2022-10-02
210W,25.94182389937107,2022-10-02
211E,33.31026528258362,2022-10-02
211C,32.30636604774536,2022-10-02
211SE,27.28076923076923,2022-10-02
211SWE,33.83805668016194,2022-10-02
211SWW,31.88744588744589,2022-10-02
211W,31.955675675675675,2022-10-02
212E,31.95654506437768,2022-10-02
212W,29.324324324324323,2022-10-02
213E,33.588747488278635,2022-10-02
213W,27.25084288604181,2022-10-02
214E,28.391255605381165,2022-10-02
214W,29.052693208430917,2022-10-02
215E,29.48419721871049,2022-10-02
215W,30.20812182741117,2022-10-02
216E,28.91514770584538,2022-10-02
216W,26.83240911891559,2022-10-02
217E,28.91467391304348,2022-10-02
217W,27.821470937129305,2022-10-02
218E,26.669496321448783,2022-10-02
218W,32.23887587822014,2022-10-02
219E,26.744355909694555,2022-10-02
219W,31.240841248303933,2022-10-02
220E,29.235649546827798,2022-10-02
220W,29.988727858293075,2022-10-02
221E,32.06187624750499,2022-10-02
221S,31.311914323962515,2022-10-02
221W,34.020757020757024,2022-10-02
222E,28.88568194680249,2022-10-02
222W,30.92372881355932,2022-10-02
Barale,25.6875,2022-10-02
BorderTule,25.58291152055072,2022-10-02
8-4,9.574370709382151,2022-10-02
21-1,22.42625982431808,2022-10-02
21-2,28.318083961248654,2022-10-02
5-3,12.823104693140792,2022-10-02
5-2,15.42178594046865,2022-10-02
5-1,17.86138014527845,2022-10-02
32-3,16.99363680861478,2022-10-02
32-2,17.744215134459036,2022-10-02
32-1,13.154015401540152,2022-10-02
21-3,32.62165308498254,2022-10-02
21-4,24.21152030217186,2022-10-02
16-2,22.57281553398058,2022-10-02
9-1,31.10208596713021,2022-10-02
22-1,27.074498567335244,2022-10-02
31-1,9.101629169899146,2022-10-02
31-2,7.886426592797784,2022-10-02
27-2,21.63672391017173,2022-10-02
18-5,29.74298056155508,2022-10-02
24-1,15.103571428571428,2022-10-02
17-2,17.187225743539738,2022-10-02
Staten Island Pilot,19.913532376890267,2022-10-02
D1A_019,23.127659574468087,2022-10-02
D1A_032,21.11746804625685,2022-10-02
D1A_050,31.626780626780626,2022-10-02
D3__017,28.490590525632705,2022-10-02
D3__018,28.90232185748599,2022-10-02
D3__025,17.242464835900872,2022-10-02
D3__074,14.416835016835018,2022-10-02
D3__080,14.224422442244224,2022-10-02
D3__085,14.104259376986647,2022-10-02
D4__010,15.701634159198736,2022-10-02
D4__038,16.55972906403941,2022-10-02
D4__039,13.105680317040951,2022-10-02
D4__056,16.774021352313166,2022-10-02
D4__060,16.2883939038687,2022-10-02
ROOS3,15.534124629080118,2022-10-02
ROOS2,16.631493506493506,2022-10-02
ROOS1,25.414583333333333,2022-10-02
TC014,40.21945701357466,2022-10-02
TC013,29.03652726310217,2022-10-02
TC015,29.4777183600713,2022-10-02
TC016,15.05355648535565,2022-10-02
TC012,15.170712909441232,2022-10-02
Knaggs_011,13.689813048454788,2022-10-02
Knaggs_010,20.668968692449354,2022-10-02
Knaggs_009,14.060421545667449,2022-10-02
TC022,17.480366492146597,2022-10-02
TC023,16.794466403162055,2022-10-02
TC020,10.853341985723556,2022-10-02
TC005,0,2022-10-02
TC006,0,2022-10-02
TC007_008,0,2022-10-02
12-1,20.935622317596568,2022-10-02
24-2W,17.1233140655106,2022-10-02
7-1,23.89731437598736,2022-10-02
39-2,28.244421906693717,2022-10-02
15-3,10.466602129719265,2022-10-02
10-4,NA,2022-10-02
6-4,17.73913043478261,2022-10-02
15-8,13.059659090909092,2022-10-02
15-6,23.55181347150259,2022-10-02
4-1,17.122514777001612,2022-10-02
23-1,NA,2022-10-02
17-1,15.4865,2022-10-02
1-3,29.80750721847931,2022-10-02
1-2,24.81581920903955,2022-10-02
13-1,18.76027397260274,2022-10-02
1-4,20.966887417218544,2022-10-02
36-2,10.102941176470589,2022-10-02
3-3/3-4,8.933092224231464,2022-10-02
39-4,46.72962962962963,2022-10-02
6-3,28.3953488372093,2022-10-02
15-1,28.089267285861716,2022-10-02
19-1,11.782142857142857,2022-10-02
24-2E,17.993333333333332,2022-10-02
18-6,26.89583333333333,2022-10-02
20-1,22.956976744186047,2022-10-02
,21.907894736842103,2022-10-02
13-3,29.306603773584907,2022-10-02
1-5,26.298850574712645,2022-10-02
36-2,15.4384,2022-10-02
10-2,9.423679060665362,2022-10-02
31-3,10.486338797814208,2022-10-02
31-3,11.814712389380531,2022-10-02
31-4,11.872,2022-10-02
24-2W,26.66062176165803,2022-10-02
17-3,25.675012774655084,2022-10-02
18-3,33.81746031746032,2022-10-02
13-2E,21.85681818181818,2022-10-02
13-5,29.647398843930635,2022-10-02
24-2W,18.543893129770996,2022-10-02
10-1,18.357009345794392,2022-10-02
3-1/3-2,23.49439775910364,2022-10-02
39-3,56.50931677018634,2022-10-02
6-2,29.262981574539364,2022-10-02
8-4,9.596881959910911,2022-10-02
33-4,17.220338983050848,2022-10-02
16-3,21.3320987654321,2022-10-02
7-4,27.277807344332093,2022-10-02
20-2,24.56973995271868,2022-10-02
,15.868824531516184,2022-10-02
24-3,15.69496855345912,2022-10-02
24-4,17.773371104815865,2022-10-02
20-3,29.11629279811098,2022-10-02
13-7,13.959375,2022-10-02
7-2,27.00692307692308,2022-10-02
12-2,13.090150250417365,2022-10-02
,13.432748538011696,2022-10-02
15-3,10.221183800623052,2022-10-02
10-4,15.904299583911234,2022-10-02
33-2,22.006349206349206,2022-10-02
38-5,46.91311754684838,2022-10-02
18-2,28.61874640598045,2022-10-02
,28.2827868852459,2022-10-02
18-1,10.96470588235294,2022-10-02
13-2W,22.16113744075829,2022-10-02
7-5,25.6515609264854,2022-10-02
,10.56060606060606,2022-10-02
13-6,18.88571428571429,2022-10-02
39-1,27.457278481012654,2022-10-02
15-2,17.454968041836143,2022-10-02
31-4,15.223744292237445,2022-10-02
9-2,18.590228013029314,2022-10-02
8-2,29.684892086330937,2022-10-02
27-1,18.139421116999596,2022-10-02
7-3,29.820572312451663,2022-10-02
19-2,44.743261455525605,2022-10-02
38-0,28.154448398576516,2022-10-02
,10.58937198067633,2022-10-02
39-3,51.34433962264151,2022-10-02
39-5,56.57425742574257,2022-10-02
39-5,51.88588235294117,2022-10-02
,37.36111111111112,2022-10-02
38-6,22.863325740318903,2022-10-02
8-3,30.815853658536582,2022-10-02
22-2,24.19833333333333,2022-10-02
22-2,26.19607843137255,2022-10-02
22-2,30.65972222222222,2022-10-02
19-1,15.52,2022-10-02
19-1,13.273381294964029,2022-10-02
19-1,15.149019607843137,2022-10-02
19-1,16.076045627376427,2022-10-02
19-1,16.577205882352942,2022-10-02
19-1,15.588669950738916,2022-10-02
19-1,14.725925925925926,2022-10-02
19-1,12.371428571428572,2022-10-02
19-1,13.410714285714286,2022-10-02
19-1,11.685185185185183,2022-10-02
24-2E,21.63722397476341,2022-10-02
24-3,16.79281767955801,2022-10-02
24-3,15.37049180327869,2022-10-02
24-4,16.783098591549297,2022-10-02
24-4,16.943859649122807,2022-10-02
19-2,42.2828535669587,2022-10-02
,19.666666666666668,2022-10-02
36-1,8.51207729468599,2022-10-02
36-1,10.240196078431373,2022-10-02
36-3,13.13953488372093,2022-10-02
23-1,NA,2022-10-02
6-3,24.70212765957447,2022-10-02
6-3,27.40983606557377,2022-10-02
39-3,49.575,2022-10-02
6-3,28.23333333333333,2022-10-02
6-3,27.23913043478261,2022-10-02
6-4,15.262096774193548,2022-10-02
6-5W,17.49107981220657,2022-10-02
6-5E,17.27188940092166,2022-10-02
22-2,23.445652173913043,2022-10-02
22-2,25.353571428571428,2022-10-02
22-2,22.88405797101449,2022-10-02
22-2,28.93,2022-10-02
,13.529780564263325,2022-10-02
,9.111527647610124,2022-10-02
,10.469833119383823,2022-10-02
,22.27586206896552,2022-10-02
,15.447608200455582,2022-10-02
,12.649645390070924,2022-10-02
,13.059508408796896,2022-10-02
,14.860748476936466,2022-10-02
,17.335403726708076,2022-10-02
23-1,26.30880361173815,2022-10-02
23-2,10.16421568627451,2022-10-02
34-2,12.287234042553193,2022-10-02
28-5,27.501910219675263,2022-10-02
28-4,10.681168831168833,2022-10-02
38-7,12.55746835443038,2022-10-02
28-2,12.790969899665551,2022-10-02
28-1,19.744376278118608,2022-10-02
16-1,10.148311306901617,2022-10-02
4-2,17.04493650276783,2022-10-02
HansHerkert,21.69680148030664,2022-10-07
YoloBasin,9.711574074074074,2022-10-07
HPond,20.99240506329114,2022-10-07
Lucky5,8.400453343407632,2022-10-07
76,22.871859296482413,2022-10-07
70,39.82651685393258,2022-10-07
71,3.1459074733096086,2022-10-07
72,25.47415230683713,2022-10-07
64,35.67315716272601,2022-10-07
63,35.82816229116945,2022-10-07
Pond5,25.66927083333333,2022-10-07
Pond6,27.65282583621684,2022-10-07
Pond7,27.013698630136982,2022-10-07
Pond8,28.06860706860707,2022-10-07
Pond9,11.993303571428571,2022-10-07
Pond10,23.01678908709339,2022-10-07
Newstrom,25.872739018087856,2022-10-07
C300,2.8649535265172226,2022-10-07
Souza1-4,4.913848631239936,2022-10-07
Souza106,10.16842105263158,2022-10-07
Dingville1,1.8443305573350417,2022-10-07
Dingville3,2.8525052928722654,2022-10-07
Dingville4,2.6017262638717638,2022-10-07
ShadyOaks(MichaelRue),16.681818181818183,2022-10-07
NorthCreekHouse(R&F Ranch),24.780277961614825,2022-10-07
RioOsoRanch(RioOso),17.60939431396786,2022-10-07
Bluebird(R&F RealEstate),29.59181475498115,2022-10-07
Morrison(MichaelRue),25.67701863354037,2022-10-07
Knaggs,16.32521155529618,2022-10-07
TuleBasin(Chesapeak),15.027613827993257,2022-10-07
TuleBasin,20.55956678700361,2022-10-07
CapOil,20.239910313901344,2022-10-07
TidesEnd,19.01541950113379,2022-10-07
Field 29C,12.327533265097236,2022-10-07
Field 29B,14.544563279857398,2022-10-07
Field 29A,15.261666666666668,2022-10-07
Field 25E,13.420593368237348,2022-10-07
Field 25D,12.48655462184874,2022-10-07
Field 25C,15.090468497576737,2022-10-07
Field 26EE,31.660907127429805,2022-10-07
Field 26CW,31.33264033264033,2022-10-07
Field 26D - 50% ONLY,35.23085106382979,2022-10-07
Field 18,27.19959266802444,2022-10-07
Field 20A,19.3342091434577,2022-10-07
Field 20B,23.02598808879264,2022-10-07
Field 21,27.77888844462215,2022-10-07
Field and Tule,26.88639076800637,2022-10-07
055D,21.488759367194007,2022-10-07
055E,28.80940794809408,2022-10-07
056A,19.7166392092257,2022-10-07
056B,42.29189189189189,2022-10-07
056F,25.87856173677069,2022-10-07
056E,36.52275769745649,2022-10-07
056G,37.20393258426967,2022-10-07
056H,35.84360465116279,2022-10-07
056I,24.56118881118881,2022-10-07
056J,19.932116371933827,2022-10-07
056K,19.68503937007874,2022-10-07
056L,35.33748517200475,2022-10-07
056M,54.5286312849162,2022-10-07
056N,38.11572438162544,2022-10-07
056P,32.47355769230769,2022-10-07
056Q,27.330903790087465,2022-10-07
061,33.693211488250654,2022-10-07
068B,33.27931904161412,2022-10-07
069A3,20.372859025032938,2022-10-07
069B,28.755779490219325,2022-10-07
069C,34.13703703703704,2022-10-07
072A,22.11994698475812,2022-10-07
072B,24.68227848101266,2022-10-07
076A1,33.65732368896926,2022-10-07
076A1,33.65732368896926,2022-10-07
076B,33.27029608404967,2022-10-07
076CW,33.699186991869915,2022-10-07
078A,31.473358116480792,2022-10-07
078B,32.51866666666667,2022-10-07
078C,29.8425,2022-10-07
088,20.84988764044944,2022-10-07
089B,20.394350282485878,2022-10-07
089A,NA,2022-10-07
090A,29.078651685393258,2022-10-07
091A,26.41623711340206,2022-10-07
091B,9.290862290862291,2022-10-07
093A,10.95397489539749,2022-10-07
093B,14.883916083916084,2022-10-07
093C,20.664638269100745,2022-10-07
093D,18.77960526315789,2022-10-07
093E,18.219321148825067,2022-10-07
094B,26.83412483039349,2022-10-07
096AW2,26.59392945036916,2022-10-07
096AW1,28.593023255813957,2022-10-07
100A,27.806213796735125,2022-10-07
100B,37.57136015325671,2022-10-07
100C,25.635179153094462,2022-10-07
100DE,24.125082508250824,2022-10-07
100G,21.52200614124872,2022-10-07
100M1,23.011336032388662,2022-10-07
100N,30.13211009174312,2022-10-07
102D,23.745169082125603,2022-10-07
102G,22.60909090909091,2022-10-07
102J,22.86842105263158,2022-10-07
106H6,16.852777777777778,2022-10-07
106H3,6.147058823529412,2022-10-07
106H4,9.673504273504273,2022-10-07
106H2,10.077340569877885,2022-10-07
106H2,5.908333333333333,2022-10-07
110F,25.69090909090909,2022-10-07
110G,20.270491803278688,2022-10-07
110J,26.183195592286506,2022-10-07
110K,28.8997867803838,2022-10-07
110L,27.86888888888889,2022-10-07
111A,30.98283261802575,2022-10-07
111B,28.896247240618106,2022-10-07
111C,30.6320939334638,2022-10-07
111D,32.29159049360146,2022-10-07
111E,24.98957790515894,2022-10-07
111F,27.47950639048039,2022-10-07
111G,28.303140646335912,2022-10-07
111H,28.852246763137853,2022-10-07
111J,32.35892514395393,2022-10-07
111K,31.28273809523809,2022-10-07
116A,25.90353697749196,2022-10-07
116D,25.10460251046025,2022-10-07
131D,26.4501312335958,2022-10-07
131F,13.89119170984456,2022-10-07
192EN,20.54532775453277,2022-10-07
192ES,33.96335369239311,2022-10-07
203-42,32.83226837060703,2022-10-07
203-41,32.59487492373398,2022-10-07
205C,34.46239316239316,2022-10-07
205E,34.27781269641735,2022-10-07
205W,22.635926222935044,2022-10-07
206SW,18.730703259005143,2022-10-07
207E,29.63047138047138,2022-10-07
207W,32.0527974783294,2022-10-07
208E,33.29926470588235,2022-10-07
208W,27.696296296296296,2022-10-07
209E,27.65909090909091,2022-10-07
209W,40.94282744282744,2022-10-07
210E,35.38501742160279,2022-10-07
210W,33.230345911949684,2022-10-07
211E,36.0363321799308,2022-10-07
211C,33.37533156498674,2022-10-07
211SE,27.703846153846158,2022-10-07
211SWE,37.40485829959514,2022-10-07
211SWW,32.98268398268398,2022-10-07
211W,34.89567567567568,2022-10-07
212E,33.70010729613734,2022-10-07
212W,31.85783783783784,2022-10-07
213E,31.107836570663096,2022-10-07
213W,30.394470667565745,2022-10-07
214E,36.28699551569507,2022-10-07
214W,35.88407494145199,2022-10-07
215E,35.41213653603034,2022-10-07
215W,35.12309644670051,2022-10-07
216E,32.64110622250157,2022-10-07
216W,30.669747381392483,2022-10-07
217E,31.31413043478261,2022-10-07
217W,30.5723606168446,2022-10-07
218E,29.620826259196377,2022-10-07
218W,36.71662763466042,2022-10-07
219E,30.96414342629482,2022-10-07
219W,33.47964721845319,2022-10-07
220E,34.62537764350453,2022-10-07
220W,32.388083735909824,2022-10-07
221E,33.63872255489022,2022-10-07
221S,36.79785809906292,2022-10-07
221W,36.8009768009768,2022-10-07
222E,32.17430673457838,2022-10-07
222W,35.215819209039545,2022-10-07
Barale,26.828125,2022-10-07
BorderTule,27.16359586960923,2022-10-07
8-4,11.391304347826088,2022-10-07
21-1,18.31530282015719,2022-10-07
21-2,24.617330462863293,2022-10-07
5-3,16.054753309265944,2022-10-07
5-2,19.4743508549715,2022-10-07
5-1,24.845641646489103,2022-10-07
32-3,25.34165442976016,2022-10-07
32-2,23.63039399624765,2022-10-07
32-1,14.27942794279428,2022-10-07
21-3,30.48544819557625,2022-10-07
21-4,19.11142587346553,2022-10-07
16-2,23.688543689320387,2022-10-07
9-1,31.077433628318584,2022-10-07
22-1,25.592406876790832,2022-10-07
31-1,12.460046547711404,2022-10-07
31-2,10.659972299168976,2022-10-07
27-2,23.20915896081021,2022-10-07
18-5,30.95680345572354,2022-10-07
24-1,14.428571428571429,2022-10-07
17-2,16.25938566552901,2022-10-07
Staten Island Pilot,0,2022-10-07
D1A_019,24.87391646966115,2022-10-07
D1A_032,24.090687766281192,2022-10-07
D1A_050,31.73076923076923,2022-10-07
D3__017,33.08955223880597,2022-10-07
D3__018,37.321056845476384,2022-10-07
D3__025,16.04286671131949,2022-10-07
D3__074,17.247138047138048,2022-10-07
D3__080,16.93003300330033,2022-10-07
D3__085,17.414494596312778,2022-10-07
D4__010,19.254085397996835,2022-10-07
D4__038,17.02524630541872,2022-10-07
D4__039,16.636063408190225,2022-10-07
D4__056,16.166370106761565,2022-10-07
D4__060,16.146541617819462,2022-10-07
ROOS3,14.576656775469832,2022-10-07
ROOS2,17.57792207792208,2022-10-07
ROOS1,21.383333333333333,2022-10-07
TC014,23.94117647058824,2022-10-07
TC013,32.19745897300159,2022-10-07
TC015,35.38057040998218,2022-10-07
TC016,13.959832635983265,2022-10-07
TC012,16.22543352601156,2022-10-07
Knaggs_011,13.07020221289584,2022-10-07
Knaggs_010,22.593922651933703,2022-10-07
Knaggs_009,14.20655737704918,2022-10-07
TC022,17.494764397905758,2022-10-07
TC023,16.211462450592887,2022-10-07
TC020,3.4282933160285527,2022-10-07
TC005,0,2022-10-07
TC006,0,2022-10-07
TC007_008,0,2022-10-07
12-1,20.78969957081545,2022-10-07
24-2W,17.134874759152215,2022-10-07
7-1,27.97314375987362,2022-10-07
39-2,39.13894523326572,2022-10-07
15-3,10.50242013552759,2022-10-07
10-4,NA,2022-10-07
6-4,19.14673913043478,2022-10-07
15-8,27.545454545454547,2022-10-07
15-6,28.067357512953368,2022-10-07
4-1,19.31703385276733,2022-10-07
23-1,NA,2022-10-07
17-1,13.1255,2022-10-07
1-3,35.379210779595766,2022-10-07
1-2,26.053107344632767,2022-10-07
13-1,19.220890410958905,2022-10-07
1-4,19.83443708609272,2022-10-07
36-2,14.75,2022-10-07
3-3/3-4,10.936106088004822,2022-10-07
39-4,48.42962962962963,2022-10-07
6-3,29.186046511627907,2022-10-07
15-1,29.940660474716204,2022-10-07
19-1,14.732142857142858,2022-10-07
24-2E,17.03,2022-10-07
18-6,31.77777777777778,2022-10-07
20-1,28.592441860465115,2022-10-07
,24.38815789473684,2022-10-07
13-3,30.50754716981132,2022-10-07
1-5,30.06513409961686,2022-10-07
36-2,20.3264,2022-10-07
10-2,11.966731898238748,2022-10-07
31-3,14.591530054644808,2022-10-07
31-3,16.874446902654867,2022-10-07
31-4,18.436,2022-10-07
24-2W,20.269430051813472,2022-10-07
17-3,32.33980582524272,2022-10-07
18-3,34.90702947845805,2022-10-07
13-2E,29.897727272727277,2022-10-07
13-5,29.387283236994215,2022-10-07
24-2W,13.80916030534351,2022-10-07
10-1,21.51214953271028,2022-10-07
3-1/3-2,20.96358543417367,2022-10-07
39-3,64.0807453416149,2022-10-07
6-2,28.614740368509214,2022-10-07
8-4,11.443207126948774,2022-10-07
33-4,23.146023468057365,2022-10-07
16-3,20.69938271604938,2022-10-07
7-4,27.406067056945183,2022-10-07
20-2,28.655437352245865,2022-10-07
,22.21465076660988,2022-10-07
24-3,15.21383647798742,2022-10-07
24-4,16.38243626062323,2022-10-07
20-3,28.626918536009445,2022-10-07
13-7,17.978125,2022-10-07
7-2,31.634615384615383,2022-10-07
12-2,13.412353923205345,2022-10-07
,16.432748538011698,2022-10-07
15-3,11.44392523364486,2022-10-07
10-4,23.30651872399445,2022-10-07
33-2,28.682539682539684,2022-10-07
38-5,48.06473594548552,2022-10-07
18-2,32.68545140885566,2022-10-07
,18.918032786885245,2022-10-07
18-1,10.715294117647058,2022-10-07
13-2W,32.22432859399684,2022-10-07
7-5,26.78247734138973,2022-10-07
,9.178451178451178,2022-10-07
13-6,19.56,2022-10-07
39-1,39.60601265822785,2022-10-07
15-2,16.895990703079605,2022-10-07
31-4,17.15068493150685,2022-10-07
9-2,17.481107491856676,2022-10-07
8-2,32.89064748201439,2022-10-07
27-1,20.7501019160212,2022-10-07
7-3,32.47447795823666,2022-10-07
19-2,49.392857142857146,2022-10-07
38-0,31.84626334519573,2022-10-07
,11.154589371980675,2022-10-07
39-3,57.52358490566038,2022-10-07
39-5,47.96039603960397,2022-10-07
39-5,55.38117647058824,2022-10-07
,45.583333333333336,2022-10-07
38-6,22.025816249050877,2022-10-07
8-3,29.60691056910569,2022-10-07
22-2,25.7,2022-10-07
22-2,28.176470588235293,2022-10-07
22-2,34.75,2022-10-07
19-1,15.937142857142858,2022-10-07
19-1,14.420863309352518,2022-10-07
19-1,17.20392156862745,2022-10-07
19-1,17.55133079847909,2022-10-07
19-1,16.90073529411765,2022-10-07
19-1,15.591133004926109,2022-10-07
19-1,17.01851851851852,2022-10-07
19-1,15.361904761904762,2022-10-07
19-1,13.603571428571428,2022-10-07
19-1,13.933333333333334,2022-10-07
24-2E,19.542586750788644,2022-10-07
24-3,17.185082872928177,2022-10-07
24-3,14.672131147540984,2022-10-07
24-4,14.75492957746479,2022-10-07
24-4,16.70877192982456,2022-10-07
19-2,45.24530663329161,2022-10-07
,26.377777777777776,2022-10-07
36-1,10.333333333333334,2022-10-07
36-1,11.47549019607843,2022-10-07
36-3,14.44186046511628,2022-10-07
23-1,NA,2022-10-07
6-3,25.03191489361702,2022-10-07
6-3,30.18032786885246,2022-10-07
39-3,54.09166666666667,2022-10-07
6-3,32.42,2022-10-07
6-3,28.190217391304348,2022-10-07
6-4,14.028225806451612,2022-10-07
6-5W,15.298591549295775,2022-10-07
6-5E,15.221198156682028,2022-10-07
22-2,24.195652173913043,2022-10-07
22-2,25.82857142857143,2022-10-07
22-2,25.89855072463768,2022-10-07
22-2,32,2022-10-07
,13.70846394984326,2022-10-07
,11.208059981255856,2022-10-07
,12.156611039794608,2022-10-07
,18.4153605015674,2022-10-07
,13.280182232346242,2022-10-07
,13.842553191489362,2022-10-07
,14.371280724450196,2022-10-07
,12.717145343777196,2022-10-07
,16.175983436853002,2022-10-07
23-1,26.18058690744921,2022-10-07
23-2,13.580882352941176,2022-10-07
34-2,17.00531914893617,2022-10-07
28-5,26.8595988538682,2022-10-07
28-4,18.637662337662334,2022-10-07
38-7,15.841012658227848,2022-10-07
28-2,17.190635451505017,2022-10-07
28-1,22.60838445807771,2022-10-07
16-1,17.519089574155654,2022-10-07
4-2,20.791924454575057,2022-10-07
HansHerkert,24.548770816812056,2022-10-09
YoloBasin,14.998148148148148,2022-10-09
HPond,28.22805907172996,2022-10-09
Lucky5,9.873819418209294,2022-10-09
76,20.965829145728645,2022-10-09
70,34.404044943820224,2022-10-09
71,2.5521098118962886,2022-10-09
72,30.60366870483602,2022-10-09
64,32.13282336578581,2022-10-09
63,31.92780429594272,2022-10-09
Pond5,30.71484375,2022-10-09
Pond6,30.034602076124568,2022-10-09
Pond7,30.403348554033485,2022-10-09
Pond8,35.53846153846154,2022-10-09
Pond9,12.986607142857142,2022-10-09
Pond10,26.48373557187828,2022-10-09
Newstrom,23.810723514211887,2022-10-09
C300,2.5680699835975944,2022-10-09
Souza1-4,5.103864734299517,2022-10-09
Souza106,5.455263157894737,2022-10-09
Dingville1,2.2415118513773225,2022-10-09
Dingville3,3.586450247000706,2022-10-09
Dingville4,3.2305795314426637,2022-10-09
ShadyOaks(MichaelRue),13.047021943573668,2022-10-09
NorthCreekHouse(R&F Ranch),30.00926538716082,2022-10-09
RioOsoRanch(RioOso),14.515451174289248,2022-10-09
Bluebird(R&F RealEstate),51.764135702746366,2022-10-09
Morrison(MichaelRue),38.47600225861096,2022-10-09
Knaggs,15.634519988327984,2022-10-09
TuleBasin(Chesapeak),17.658305227655987,2022-10-09
TuleBasin,21.574809466506217,2022-10-09
CapOil,21.58776425368353,2022-10-09
TidesEnd,23.290702947845805,2022-10-09
Field 29C,7.620266120777892,2022-10-09
Field 29B,18.045454545454547,2022-10-09
Field 29A,13.705,2022-10-09
Field 25E,14.342931937172777,2022-10-09
Field 25D,15.43109243697479,2022-10-09
Field 25C,13.533117932148627,2022-10-09
Field 26EE,38.008639308855294,2022-10-09
Field 26CW,34.45945945945946,2022-10-09
Field 26D - 50% ONLY,36.958510638297874,2022-10-09
Field 18,35.224032586558046,2022-10-09
Field 20A,20.858118759852864,2022-10-09
Field 20B,23.962100703844072,2022-10-09
Field 21,31.637744902039184,2022-10-09
Field and Tule,29.91384799044966,2022-10-09
055D,23.04329725228976,2022-10-09
055E,21.0551500405515,2022-10-09
056A,23.35255354200989,2022-10-09
056B,36.806177606177606,2022-10-09
056F,23.407055630936227,2022-10-09
056E,34.904953145917,2022-10-09
056G,37.347752808988766,2022-10-09
056H,33.88139534883721,2022-10-09
056I,23.925407925407924,2022-10-09
056J,15.05875641756988,2022-10-09
056K,25.818897637795278,2022-10-09
056L,34.13463819691578,2022-10-09
056M,54.167597765363126,2022-10-09
056N,33.48233215547703,2022-10-09
056P,32.10697115384615,2022-10-09
056Q,26.50145772594752,2022-10-09
061,32.84986945169713,2022-10-09
068B,20.3234552332913,2022-10-09
069A3,22.487483530961796,2022-10-09
069B,29.93479549496147,2022-10-09
069C,35.08571428571429,2022-10-09
072A,23.57720344599072,2022-10-09
072B,25.51962025316456,2022-10-09
076A1,32.230560578661844,2022-10-09
076A1,32.230560578661844,2022-10-09
076B,30.816618911174785,2022-10-09
076CW,31.62691960252936,2022-10-09
078A,28.61648079306072,2022-10-09
078B,28.877333333333333,2022-10-09
078C,29.96,2022-10-09
088,19.82292134831461,2022-10-09
089B,20.96440677966101,2022-10-09
089A,NA,2022-10-09
090A,31.780898876404493,2022-10-09
091A,17.891752577319586,2022-10-09
091B,11.066280566280566,2022-10-09
093A,10.895397489539748,2022-10-09
093B,16.516083916083915,2022-10-09
093C,21.01555104800541,2022-10-09
093D,18.268421052631577,2022-10-09
093E,18.008485639686683,2022-10-09
094B,31.549864314789687,2022-10-09
096AW2,28.989335520918782,2022-10-09
096AW1,30.30481727574751,2022-10-09
100A,26.776724591890467,2022-10-09
100B,32.25526819923372,2022-10-09
100C,29.64169381107492,2022-10-09
100DE,22.426072607260725,2022-10-09
100G,25.96724667349028,2022-10-09
100M1,16.718218623481782,2022-10-09
100N,29.48990825688073,2022-10-09
102D,23.97342995169082,2022-10-09
102G,23.464848484848485,2022-10-09
102J,22.457236842105264,2022-10-09
106H6,18.352777777777774,2022-10-09
106H3,8.826989619377162,2022-10-09
106H4,10.001709401709402,2022-10-09
106H2,8.815468113975577,2022-10-09
106H2,2.738888888888889,2022-10-09
110F,23.739712918660288,2022-10-09
110G,19.00409836065574,2022-10-09
110J,25.53902662993572,2022-10-09
110K,27.24392324093817,2022-10-09
110L,26.911851851851853,2022-10-09
111A,35.858369098712444,2022-10-09
111B,30.55187637969095,2022-10-09
111C,32.52641878669276,2022-10-09
111D,33.43418647166362,2022-10-09
111E,21.60917144346013,2022-10-09
111F,28.47950639048039,2022-10-09
111G,29.080109239872552,2022-10-09
111H,29.77608530083777,2022-10-09
111J,29.566218809980807,2022-10-09
111K,31.485119047619047,2022-10-09
116A,16.85209003215434,2022-10-09
116D,27.059623430962343,2022-10-09
131D,24.051181102362204,2022-10-09
131F,15.264248704663212,2022-10-09
192EN,16.375174337517432,2022-10-09
192ES,32.923931149361465,2022-10-09
203-42,32.67571884984026,2022-10-09
203-41,31.173886516168395,2022-10-09
205C,34.764102564102565,2022-10-09
205E,33.41671904462602,2022-10-09
205W,38.04891740176424,2022-10-09
206SW,21.481989708404804,2022-10-09
207E,54.34090909090909,2022-10-09
207W,32.06461780929866,2022-10-09
208E,32.571323529411764,2022-10-09
208W,27.512592592592597,2022-10-09
209E,26.121503496503497,2022-10-09
209W,36.565488565488565,2022-10-09
210E,32.81445993031359,2022-10-09
210W,29.590408805031448,2022-10-09
211E,32.99884659746252,2022-10-09
211C,31.70026525198939,2022-10-09
211SE,26.3,2022-10-09
211SWE,31.344129554655872,2022-10-09
211SWW,32.510822510822514,2022-10-09
211W,33.93459459459459,2022-10-09
212E,32.026824034334766,2022-10-09
212W,29.81135135135135,2022-10-09
213E,29.769591426657737,2022-10-09
213W,31.886041807147677,2022-10-09
214E,34.5280269058296,2022-10-09
214W,33.44847775175644,2022-10-09
215E,35.08091024020228,2022-10-09
215W,35.23857868020305,2022-10-09
216E,32.50534255185418,2022-10-09
216W,29.066543438077638,2022-10-09
217E,30.276086956521738,2022-10-09
217W,30.983985765124554,2022-10-09
218E,31.062818336162987,2022-10-09
218W,34.917447306791566,2022-10-09
219E,30.738379814077025,2022-10-09
219W,32.72523744911805,2022-10-09
220E,32.27190332326284,2022-10-09
220W,31.404186795491142,2022-10-09
221E,30.91816367265469,2022-10-09
221S,36.753681392235606,2022-10-09
221W,36.02564102564103,2022-10-09
222E,31.199773627617432,2022-10-09
222W,32.41016949152542,2022-10-09
Barale,26.375,2022-10-09
BorderTule,33.77039886616724,2022-10-09
8-4,12.99771167048055,2022-10-09
21-1,22.609801202034213,2022-10-09
21-2,38.10656620021528,2022-10-09
5-3,17.39410348977136,2022-10-09
5-2,30.103863204559847,2022-10-09
5-1,42.01997578692494,2022-10-09
32-3,36.872736172295646,2022-10-09
32-2,19.75171982489056,2022-10-09
32-1,15.665566556655666,2022-10-09
21-3,31.853317811408616,2022-10-09
21-4,27.98961284230406,2022-10-09
16-2,26.303300970873785,2022-10-09
9-1,30.715865992414663,2022-10-09
22-1,25.444126074498566,2022-10-09
31-1,12.100077579519008,2022-10-09
31-2,10.676592797783934,2022-10-09
27-2,20.907970057243507,2022-10-09
18-5,32.65658747300216,2022-10-09
24-1,16.632653061224488,2022-10-09
17-2,24.986348122866893,2022-10-09
Staten Island Pilot,41.902287708414114,2022-10-09
D1A_019,22.973207249802996,2022-10-09
D1A_032,21.776019476567257,2022-10-09
D1A_050,26.567901234567906,2022-10-09
D3__017,54.64503569110967,2022-10-09
D3__018,101.65172137710168,2022-10-09
D3__025,14.811118553248493,2022-10-09
D3__074,14.435690235690236,2022-10-09
D3__080,15.188778877887788,2022-10-09
D3__085,15.041958041958042,2022-10-09
D4__010,17.82024248813917,2022-10-09
D4__038,15.661945812807884,2022-10-09
D4__039,15.24768824306473,2022-10-09
D4__056,16.340747330960856,2022-10-09
D4__060,16.43259085580305,2022-10-09
ROOS3,17.7215628090999,2022-10-09
ROOS2,20.61796536796537,2022-10-09
ROOS1,27.29583333333333,2022-10-09
TC014,21.744343891402718,2022-10-09
TC013,28.85971413446268,2022-10-09
TC015,29.745989304812834,2022-10-09
TC016,13.293723849372386,2022-10-09
TC012,13.63121387283237,2022-10-09
Knaggs_011,13.681419305608546,2022-10-09
Knaggs_010,20.476519337016576,2022-10-09
Knaggs_009,13.656674473067916,2022-10-09
TC022,16.615837696335078,2022-10-09
TC023,14.93939393939394,2022-10-09
TC020,2.6054510058403637,2022-10-09
TC005,0,2022-10-09
TC006,0,2022-10-09
TC007_008,0,2022-10-09
12-1,30.223175965665234,2022-10-09
24-2W,19.670520231213874,2022-10-09
7-1,26.864928909952607,2022-10-09
39-2,47.58012170385396,2022-10-09
15-3,12.878993223620522,2022-10-09
10-4,NA,2022-10-09
6-4,18.03804347826087,2022-10-09
15-8,47.23011363636363,2022-10-09
15-6,44.49222797927461,2022-10-09
4-1,17.496507254164428,2022-10-09
23-1,NA,2022-10-09
17-1,13.527,2022-10-09
1-3,33.088546679499515,2022-10-09
1-2,28.70282485875706,2022-10-09
13-1,18.4554794520548,2022-10-09
1-4,20.65397350993377,2022-10-09
36-2,14.56372549019608,2022-10-09
3-3/3-4,12.037974683544304,2022-10-09
39-4,47.49444444444445,2022-10-09
6-3,28.624031007751935,2022-10-09
15-1,32.48090815273478,2022-10-09
19-1,14.771428571428572,2022-10-09
24-2E,21.88,2022-10-09
18-6,31.881944444444443,2022-10-09
20-1,27.376744186046512,2022-10-09
,33.276315789473685,2022-10-09
13-3,31.07547169811321,2022-10-09
1-5,28.84099616858237,2022-10-09
36-2,19.9504,2022-10-09
10-2,13.0440313111546,2022-10-09
31-3,14.76434426229508,2022-10-09
31-3,17.63716814159292,2022-10-09
31-4,16.6,2022-10-09
24-2W,23.137305699481864,2022-10-09
17-3,54.346959632089934,2022-10-09
18-3,33.587868480725625,2022-10-09
13-2E,30.78712121212121,2022-10-09
13-5,29.10982658959537,2022-10-09
24-2W,15.864503816793894,2022-10-09
10-1,20.405607476635517,2022-10-09
3-1/3-2,20.04901960784314,2022-10-09
39-3,76.08695652173913,2022-10-09
6-2,31.75544388609715,2022-10-09
8-4,13.069042316258352,2022-10-09
33-4,19.53194263363755,2022-10-09
16-3,20.28703703703704,2022-10-09
7-4,26.752527940393826,2022-10-09
20-2,27.68794326241135,2022-10-09
,27.955706984667803,2022-10-09
24-3,20.09119496855346,2022-10-09
24-4,21.076487252124647,2022-10-09
20-3,30.23494687131051,2022-10-09
13-7,16.925,2022-10-09
7-2,29.275384615384617,2022-10-09
12-2,15.12186978297162,2022-10-09
,15.830409356725148,2022-10-09
15-3,13.17705088265836,2022-10-09
10-4,20.50970873786408,2022-10-09
33-2,14.906349206349208,2022-10-09
38-5,60.38841567291312,2022-10-09
18-2,29.963197239792983,2022-10-09
,31.422131147540984,2022-10-09
18-1,12.327843137254902,2022-10-09
13-2W,30.192733017377567,2022-10-09
7-5,25.71802618328298,2022-10-09
,8.441077441077441,2022-10-09
13-6,21.05142857142857,2022-10-09
39-1,50.00632911392405,2022-10-09
15-2,16.93550261475886,2022-10-09
31-4,16.168949771689498,2022-10-09
9-2,23.407491856677524,2022-10-09
8-2,30.176978417266188,2022-10-09
27-1,19.021198532409294,2022-10-09
7-3,29.579273008507347,2022-10-09
19-2,55.1644204851752,2022-10-09
38-0,27.92669039145908,2022-10-09
,9.753623188405795,2022-10-09
39-3,70.2877358490566,2022-10-09
39-5,100.6039603960396,2022-10-09
39-5,94.42588235294116,2022-10-09
,64.19444444444444,2022-10-09
38-6,20.96431283219438,2022-10-09
8-3,30.445121951219512,2022-10-09
22-2,26.971666666666668,2022-10-09
22-2,29.31372549019608,2022-10-09
22-2,29.854166666666668,2022-10-09
19-1,16.377142857142857,2022-10-09
19-1,15.352517985611511,2022-10-09
19-1,17.36470588235294,2022-10-09
19-1,18.775665399239543,2022-10-09
19-1,19.246323529411764,2022-10-09
19-1,18.7192118226601,2022-10-09
19-1,16.28148148148148,2022-10-09
19-1,18.004761904761907,2022-10-09
19-1,14.507142857142858,2022-10-09
19-1,14.077777777777778,2022-10-09
24-2E,25.60567823343849,2022-10-09
24-3,19.616022099447516,2022-10-09
24-3,19.029508196721316,2022-10-09
24-4,19.88732394366197,2022-10-09
24-4,20.835087719298247,2022-10-09
19-2,51.72653316645808,2022-10-09
,23.88888888888889,2022-10-09
36-1,10.468599033816425,2022-10-09
36-1,11.127450980392156,2022-10-09
36-3,15.65891472868217,2022-10-09
23-1,NA,2022-10-09
6-3,25.97872340425532,2022-10-09
6-3,30.762295081967213,2022-10-09
39-3,62.90833333333333,2022-10-09
6-3,28.38,2022-10-09
6-3,27.755434782608692,2022-10-09
6-4,14.69758064516129,2022-10-09
6-5W,18.62347417840376,2022-10-09
6-5E,19.827188940092167,2022-10-09
22-2,25.26630434782609,2022-10-09
22-2,28.375,2022-10-09
22-2,27.05434782608696,2022-10-09
22-2,34.93,2022-10-09
,15.515151515151516,2022-10-09
,13.13120899718838,2022-10-09
,10.193838254172016,2022-10-09
,13.377742946708464,2022-10-09
,13.356492027334852,2022-10-09
,15.709219858156027,2022-10-09
,14.826649417852522,2022-10-09
,13.059181897302002,2022-10-09
,17.472049689440993,2022-10-09
23-1,26.17607223476298,2022-10-09
23-2,15.639705882352942,2022-10-09
34-2,17.96808510638298,2022-10-09
28-5,27.05826170009551,2022-10-09
28-4,30.283766233766237,2022-10-09
38-7,21.18126582278481,2022-10-09
28-2,21.87959866220736,2022-10-09
28-1,37.02096114519427,2022-10-09
16-1,23.040381791483117,2022-10-09
4-2,20.52295669163139,2022-10-09
HansHerkert,20.1786941580756,2022-10-14
YoloBasin,10.181481481481482,2022-10-14
HPond,20.318354430379745,2022-10-14
Lucky5,7.225160559123536,2022-10-14
76,22.7356783919598,2022-10-14
70,31.389662921348314,2022-10-14
71,2.772241992882562,2022-10-14
72,23.859366314619237,2022-10-14
64,28.861613351877608,2022-10-14
63,28.352028639618137,2022-10-14
Pond5,32.63671875,2022-10-14
Pond6,29.366782006920417,2022-10-14
Pond7,30.5662100456621,2022-10-14
Pond8,29.81288981288981,2022-10-14
Pond9,11.339285714285714,2022-10-14
Pond10,24.71458551941238,2022-10-14
Newstrom,3.0607235142118863,2022-10-14
C300,2.6528157463094586,2022-10-14
Souza1-4,4.8953301127214175,2022-10-14
Souza106,2.5105263157894737,2022-10-14
Dingville1,2.2126841768097374,2022-10-14
Dingville3,3.263232180663373,2022-10-14
Dingville4,2.5752157829839706,2022-10-14
ShadyOaks(MichaelRue),18.401253918495296,2022-10-14
NorthCreekHouse(R&F Ranch),21.906684315023163,2022-10-14
RioOsoRanch(RioOso),18.525339925834363,2022-10-14
Bluebird(R&F RealEstate),21.702746365105007,2022-10-14
Morrison(MichaelRue),21.617730095990964,2022-10-14
Knaggs,14.483075576305806,2022-10-14
TuleBasin(Chesapeak),13.70004215851602,2022-10-14
TuleBasin,18.98395507420778,2022-10-14
CapOil,16.7222934016656,2022-10-14
TidesEnd,21.75283446712018,2022-10-14
Field 29C,2.6970317297850563,2022-10-14
Field 29B,5.593582887700535,2022-10-14
Field 29A,2.5641666666666665,2022-10-14
Field 25E,1.962478184991274,2022-10-14
Field 25D,2.3117647058823527,2022-10-14
Field 25C,10.468497576736672,2022-10-14
Field 26EE,26.041036717062635,2022-10-14
Field 26CW,24.51975051975052,2022-10-14
Field 26D - 50% ONLY,27.832978723404256,2022-10-14
Field 18,24.65936863543788,2022-10-14
Field 20A,16.126116657908565,2022-10-14
Field 20B,19.576610720086627,2022-10-14
Field 21,24.69612155137945,2022-10-14
Field and Tule,32.59430959013132,2022-10-14
055D,39.62697751873439,2022-10-14
055E,14.992700729927009,2022-10-14
056A,15.903624382207578,2022-10-14
056B,27.87644787644788,2022-10-14
056F,23.681818181818183,2022-10-14
056E,29.168005354752346,2022-10-14
056G,25.74494382022472,2022-10-14
056H,31.51279069767442,2022-10-14
056I,17.43240093240093,2022-10-14
056J,18.743297204791787,2022-10-14
056K,21.049061175045427,2022-10-14
056L,25.844009489916964,2022-10-14
056M,27.583798882681563,2022-10-14
056N,28.72791519434629,2022-10-14
056P,26.46153846153846,2022-10-14
056Q,23.03206997084548,2022-10-14
061,26.969973890339425,2022-10-14
068B,23.023959646910463,2022-10-14
069A3,15.054018445322791,2022-10-14
069B,21.36751630112626,2022-10-14
069C,25.164021164021165,2022-10-14
072A,18.190854870775347,2022-10-14
072B,20.190506329113923,2022-10-14
076A1,28.70524412296564,2022-10-14
076A1,28.70524412296564,2022-10-14
076B,29.16141356255969,2022-10-14
076CW,29.14182475158085,2022-10-14
078A,27.62453531598513,2022-10-14
078B,29.197333333333333,2022-10-14
078C,26.94,2022-10-14
088,17.67820224719101,2022-10-14
089B,16.966101694915253,2022-10-14
089A,NA,2022-10-14
090A,25.646067415730336,2022-10-14
091A,23.38144329896907,2022-10-14
091B,3.5263835263835266,2022-10-14
093A,9.292887029288703,2022-10-14
093B,13.226573426573427,2022-10-14
093C,17.281271129141313,2022-10-14
093D,15.169078947368421,2022-10-14
093E,15.52284595300261,2022-10-14
094B,24.18249660786974,2022-10-14
096AW2,20.287120590648072,2022-10-14
096AW1,21.795681063122924,2022-10-14
100A,21.76461295418641,2022-10-14
100B,26.24185823754789,2022-10-14
100C,22.10097719869707,2022-10-14
100DE,19.303960396039603,2022-10-14
100G,15.643807574206756,2022-10-14
100M1,18.959514170040485,2022-10-14
100N,25.58073394495413,2022-10-14
102D,19.214975845410628,2022-10-14
102G,17.795151515151517,2022-10-14
102J,17.94188596491228,2022-10-14
106H6,15.705555555555556,2022-10-14
106H3,7.641868512110727,2022-10-14
106H4,9.72136752136752,2022-10-14
106H2,3.772048846675713,2022-10-14
106H2,3.55,2022-10-14
110F,21.005741626794254,2022-10-14
110G,17.599726775956285,2022-10-14
110J,22.964646464646464,2022-10-14
110K,24.01620469083156,2022-10-14
110L,23.502962962962965,2022-10-14
111A,26.00214592274678,2022-10-14
111B,26.365342163355407,2022-10-14
111C,26.47945205479452,2022-10-14
111D,28.47623400365631,2022-10-14
111E,13.5539343408025,2022-10-14
111F,17.435874834728956,2022-10-14
111G,22.552116522530724,2022-10-14
111H,23.923076923076923,2022-10-14
111J,28.24184261036468,2022-10-14
111K,29.866071428571427,2022-10-14
116A,25.45337620578778,2022-10-14
116D,19.851464435146443,2022-10-14
131D,18.456692913385822,2022-10-14
131F,13.840673575129534,2022-10-14
192EN,16.041143654114364,2022-10-14
192ES,26.889505830094397,2022-10-14
203-42,29.39856230031949,2022-10-14
203-41,29.41915802318487,2022-10-14
205C,30.565811965811967,2022-10-14
205E,30.348837209302324,2022-10-14
205W,17.788291900561347,2022-10-14
206SW,13.147512864493995,2022-10-14
207E,24.069023569023567,2022-10-14
207W,28.8053585500394,2022-10-14
208E,30.671323529411765,2022-10-14
208W,24.18888888888889,2022-10-14
209E,25.512237762237763,2022-10-14
209W,27.51871101871102,2022-10-14
210E,30.942508710801395,2022-10-14
210W,23.13050314465409,2022-10-14
211E,30.506920415224915,2022-10-14
211C,29.013262599469492,2022-10-14
211SE,24.619230769230768,2022-10-14
211SWE,29.526315789473685,2022-10-14
211SWW,27.20779220779221,2022-10-14
211W,28.69837837837838,2022-10-14
212E,29.17274678111588,2022-10-14
212W,26.98972972972973,2022-10-14
213E,20.66912257200268,2022-10-14
213W,25.63857046527309,2022-10-14
214E,25.733183856502244,2022-10-14
214W,26.71779859484777,2022-10-14
215E,27.307206068268016,2022-10-14
215W,27.05837563451777,2022-10-14
216E,27.46197360150849,2022-10-14
216W,24.914356130622306,2022-10-14
217E,26.70108695652174,2022-10-14
217W,25.83629893238434,2022-10-14
218E,25.831352574985853,2022-10-14
218W,29.186768149882905,2022-10-14
219E,25.14077025232404,2022-10-14
219W,29.05359565807327,2022-10-14
220E,26.821752265861026,2022-10-14
220W,27.74718196457327,2022-10-14
221E,29.905522288755822,2022-10-14
221S,28.717536813922354,2022-10-14
221W,31.11904761904762,2022-10-14
222E,26.37973967176005,2022-10-14
222W,28.90508474576271,2022-10-14
Barale,22.2890625,2022-10-14
BorderTule,24.84470540595262,2022-10-14
8-4,8.906178489702517,2022-10-14
21-1,14.49329634766528,2022-10-14
21-2,24.504843918191604,2022-10-14
5-3,11.436823104693142,2022-10-14
5-2,17.02153261557948,2022-10-14
5-1,16.914043583535108,2022-10-14
32-3,23.05580029368576,2022-10-14
32-2,16.173233270794245,2022-10-14
32-1,10.024202420242023,2022-10-14
21-3,30.516880093131547,2022-10-14
21-4,18.510859301227573,2022-10-14
16-2,20.72116504854369,2022-10-14
9-1,28.67067003792668,2022-10-14
22-1,25.020057306590257,2022-10-14
31-1,17.565554693560898,2022-10-14
31-2,7.854570637119114,2022-10-14
27-2,19.21884632320564,2022-10-14
18-5,28.49460043196544,2022-10-14
24-1,11.14795918367347,2022-10-14
17-2,21.580204778157,2022-10-14
Staten Island Pilot,14.461419154711129,2022-10-14
D1A_019,20.13317572892041,2022-10-14
D1A_032,18.17894096165551,2022-10-14
D1A_050,27.50902184235517,2022-10-14
D3__017,25.75016223231668,2022-10-14
D3__018,26.21297037630104,2022-10-14
D3__025,18.095780308104487,2022-10-14
D3__074,12.709090909090907,2022-10-14
D3__080,12.893069306930691,2022-10-14
D3__085,12.820089001907183,2022-10-14
D4__010,14.139694254085398,2022-10-14
D4__038,14.261083743842365,2022-10-14
D4__039,11.785336856010568,2022-10-14
D4__056,14.391459074733095,2022-10-14
D4__060,13.939038686987104,2022-10-14
ROOS3,13.579376854599406,2022-10-14
ROOS2,16.673160173160174,2022-10-14
ROOS1,25.210416666666667,2022-10-14
TC014,19.081447963800905,2022-10-14
TC013,26.958708311275807,2022-10-14
TC015,26.235294117647054,2022-10-14
TC016,13.42928870292887,2022-10-14
TC012,13.33179190751445,2022-10-14
Knaggs_011,11.847004959938957,2022-10-14
Knaggs_010,19.111878453038678,2022-10-14
Knaggs_009,13.063231850117097,2022-10-14
TC022,15.291230366492147,2022-10-14
TC023,14.017127799736496,2022-10-14
TC020,2.317326411421155,2022-10-14
TC005,0,2022-10-14
TC006,0,2022-10-14
TC007_008,0,2022-10-14
12-1,16.446351931330472,2022-10-14
24-2W,18.479768786127167,2022-10-14
7-1,23.07109004739337,2022-10-14
39-2,25.02231237322515,2022-10-14
15-3,9.269119070667957,2022-10-14
10-4,NA,2022-10-14
6-4,18.092391304347824,2022-10-14
15-8,23.34659090909091,2022-10-14
15-6,19.72020725388601,2022-10-14
4-1,15.914024717893604,2022-10-14
23-1,NA,2022-10-14
17-1,12.091,2022-10-14
1-3,25.613089509143407,2022-10-14
1-2,22.65310734463277,2022-10-14
13-1,18.003424657534246,2022-10-14
1-4,19.064569536423843,2022-10-14
36-2,10.044117647058824,2022-10-14
3-3/3-4,8.818565400843882,2022-10-14
39-4,13.850925925925926,2022-10-14
6-3,27.003875968992247,2022-10-14
15-1,27.19969040247678,2022-10-14
19-1,11.07857142857143,2022-10-14
24-2E,15.293333333333331,2022-10-14
18-6,28.01388888888889,2022-10-14
20-1,26.05058139534884,2022-10-14
,18.894736842105264,2022-10-14
13-3,27.383018867924527,2022-10-14
1-5,24.816091954022987,2022-10-14
36-2,15.2528,2022-10-14
10-2,9.681017612524462,2022-10-14
31-3,10.238387978142075,2022-10-14
31-3,11.648230088495575,2022-10-14
31-4,11.96,2022-10-14
24-2W,21.300518134715027,2022-10-14
17-3,23.80071538068472,2022-10-14
18-3,31.52777777777778,2022-10-14
13-2E,18.007575757575758,2022-10-14
13-5,27.404624277456648,2022-10-14
24-2W,15.120229007633588,2022-10-14
10-1,16.209345794392522,2022-10-14
3-1/3-2,15.647058823529411,2022-10-14
39-3,19.68633540372671,2022-10-14
6-2,27.37353433835846,2022-10-14
8-4,8.975501113585747,2022-10-14
33-4,16.40026075619296,2022-10-14
16-3,19.885185185185183,2022-10-14
7-4,25.784992017030337,2022-10-14
20-2,25.56205673758865,2022-10-14
,20.8824531516184,2022-10-14
24-3,15.58490566037736,2022-10-14
24-4,16.858356940509914,2022-10-14
20-3,27.169421487603305,2022-10-14
13-7,15.659375,2022-10-14
7-2,26.05076923076923,2022-10-14
12-2,13.56761268781302,2022-10-14
,14.91812865497076,2022-10-14
15-3,9.743509865005192,2022-10-14
10-4,15.090846047156727,2022-10-14
33-2,17.17936507936508,2022-10-14
38-5,40.82453151618399,2022-10-14
18-2,27.21564117308798,2022-10-14
,22.131147540983605,2022-10-14
18-1,10.418823529411764,2022-10-14
13-2W,16.55529225908373,2022-10-14
7-5,23.91842900302115,2022-10-14
,5.444444444444445,2022-10-14
13-6,21.51428571428572,2022-10-14
39-1,25.19778481012658,2022-10-14
15-2,17.3335270191749,2022-10-14
31-4,14.894977168949772,2022-10-14
9-2,13.351465798045602,2022-10-14
8-2,27.441007194244605,2022-10-14
27-1,17.385650224215247,2022-10-14
7-3,28.221577726218097,2022-10-14
19-2,43.91307277628032,2022-10-14
38-0,25.29608540925267,2022-10-14
,9.864734299516908,2022-10-14
39-3,16.452830188679247,2022-10-14
39-5,15.326732673267326,2022-10-14
39-5,25.50941176470588,2022-10-14
,44.833333333333336,2022-10-14
38-6,21.18071374335611,2022-10-14
8-3,28.404065040650405,2022-10-14
22-2,23.6,2022-10-14
22-2,25.931372549019606,2022-10-14
22-2,29.916666666666668,2022-10-14
19-1,12.668571428571427,2022-10-14
19-1,10.798561151079136,2022-10-14
19-1,12.572549019607845,2022-10-14
19-1,13.870722433460076,2022-10-14
19-1,16.96323529411765,2022-10-14
19-1,16.67241379310345,2022-10-14
19-1,12.685185185185183,2022-10-14
19-1,11.733333333333333,2022-10-14
19-1,10.342857142857143,2022-10-14
19-1,10.566666666666666,2022-10-14
24-2E,20.463722397476342,2022-10-14
24-3,19.80110497237569,2022-10-14
24-3,15.334426229508196,2022-10-14
24-4,15.391549295774649,2022-10-14
24-4,17.431578947368422,2022-10-14
19-2,40.5531914893617,2022-10-14
,19.88888888888889,2022-10-14
36-1,13.183574879227054,2022-10-14
36-1,13.323529411764708,2022-10-14
36-3,17.31782945736434,2022-10-14
23-1,NA,2022-10-14
6-3,22.861702127659573,2022-10-14
6-3,27.80327868852459,2022-10-14
39-3,14.533333333333331,2022-10-14
6-3,25.406666666666663,2022-10-14
6-3,24.690217391304348,2022-10-14
6-4,16.22983870967742,2022-10-14
6-5W,12.951173708920187,2022-10-14
6-5E,11.546082949308756,2022-10-14
22-2,22.39130434782609,2022-10-14
22-2,25.089285714285715,2022-10-14
22-2,21.797101449275363,2022-10-14
22-2,26.865,2022-10-14
,12.16405433646813,2022-10-14
,12.359887535145267,2022-10-14
,8.979460847240052,2022-10-14
,11.60501567398119,2022-10-14
,12.296127562642369,2022-10-14
,16.32482269503546,2022-10-14
,14.178525226390686,2022-10-14
,9.212358572671889,2022-10-14
,12.089026915113871,2022-10-14
23-1,24.93905191873589,2022-10-14
23-2,10.28921568627451,2022-10-14
34-2,12.670212765957446,2022-10-14
28-5,25.882043935052533,2022-10-14
28-4,13.947402597402595,2022-10-14
38-7,11.22886075949367,2022-10-14
28-2,12.46989966555184,2022-10-14
28-1,16.10122699386503,2022-10-14
16-1,14.883259911894273,2022-10-14
4-2,21.943340931292735,2022-10-14
HansHerkert,26.31482950039651,2022-10-21
YoloBasin,15.979166666666666,2022-10-21
HPond,28.552320675105484,2022-10-21
Lucky5,10.356252361163582,2022-10-21
76,20.951256281407037,2022-10-21
70,35.26606741573034,2022-10-21
71,3.1326893746822573,2022-10-21
72,28.956642579210676,2022-10-21
64,32.69610570236439,2022-10-21
63,33.069212410501194,2022-10-21
Pond5,31.690104166666668,2022-10-21
Pond6,27.761245674740483,2022-10-21
Pond7,26.814307458143077,2022-10-21
Pond8,28.58835758835759,2022-10-21
Pond9,12.830357142857142,2022-10-21
Pond10,26.09024134312697,2022-10-21
Newstrom,5.040697674418604,2022-10-21
C300,3.8343357025697102,2022-10-21
Souza1-4,3.4363929146537844,2022-10-21
Souza106,2.8289473684210527,2022-10-21
Dingville1,2.1582319026265213,2022-10-21
Dingville3,3.600564573041637,2022-10-21
Dingville4,2.8939580764488286,2022-10-21
ShadyOaks(MichaelRue),39.260188087774296,2022-10-21
NorthCreekHouse(R&F Ranch),30.503639973527463,2022-10-21
RioOsoRanch(RioOso),34.630407911001235,2022-10-21
Bluebird(R&F RealEstate),50.16747442110932,2022-10-21
Morrison(MichaelRue),32.34105025409373,2022-10-21
Knaggs,15.366063612489056,2022-10-21
TuleBasin(Chesapeak),15.52339797639123,2022-10-21
TuleBasin,37.84356197352587,2022-10-21
CapOil,23.406470211402947,2022-10-21
TidesEnd,21.42086167800453,2022-10-21
Field 29C,3.183213920163767,2022-10-21
Field 29B,2.734402852049911,2022-10-21
Field 29A,3.375,2022-10-21
Field 25E,6.722513089005235,2022-10-21
Field 25D,4.8352941176470585,2022-10-21
Field 25C,17.475767366720518,2022-10-21
Field 26EE,37.65226781857452,2022-10-21
Field 26CW,33.565488565488565,2022-10-21
Field 26D - 50% ONLY,36.71382978723404,2022-10-21
Field 18,36.24439918533605,2022-10-21
Field 20A,21.426694692590647,2022-10-21
Field 20B,24.136437466161343,2022-10-21
Field 21,32.260695721711315,2022-10-21
Field and Tule,30.021289295662555,2022-10-21
055D,33.255620316403,2022-10-21
055E,17.69991889699919,2022-10-21
056A,24.28995057660626,2022-10-21
056B,29.428571428571427,2022-10-21
056F,24.01289009497965,2022-10-21
056E,36.261044176706825,2022-10-21
056G,39.11404494382023,2022-10-21
056H,35.03023255813954,2022-10-21
056I,25.48543123543124,2022-10-21
056J,39.42441528807758,2022-10-21
056K,40.3373712901272,2022-10-21
056L,35.5693950177936,2022-10-21
056M,56.67039106145251,2022-10-21
056N,34.551236749116605,2022-10-21
056P,33.54447115384615,2022-10-21
056Q,27.293002915451893,2022-10-21
061,33.806788511749346,2022-10-21
068B,19.57440100882724,2022-10-21
069A3,22.138339920948617,2022-10-21
069B,31.641375222288087,2022-10-21
069C,36.55238095238095,2022-10-21
072A,20.949635520212063,2022-10-21
072B,25.695569620253163,2022-10-21
076A1,32.55877034358047,2022-10-21
076A1,32.55877034358047,2022-10-21
076B,31.702005730659025,2022-10-21
076CW,33.20415537488708,2022-10-21
078A,29.12453531598513,2022-10-21
078B,29.034666666666663,2022-10-21
078C,30.33,2022-10-21
088,20.39191011235955,2022-10-21
089B,21.74858757062147,2022-10-21
089A,NA,2022-10-21
090A,30.382022471910112,2022-10-21
091A,22.66881443298969,2022-10-21
091B,12.415701415701417,2022-10-21
093A,11.087866108786612,2022-10-21
093B,17.5020979020979,2022-10-21
093C,21.378634212305613,2022-10-21
093D,18.44078947368421,2022-10-21
093E,18.873368146214094,2022-10-21
094B,37.83378561736771,2022-10-21
096AW2,29.488925348646436,2022-10-21
096AW1,30.991694352159467,2022-10-21
100A,26.078988941548182,2022-10-21
100B,30.32088122605364,2022-10-21
100C,27.332247557003257,2022-10-21
100DE,23.042904290429043,2022-10-21
100G,38.66632548618219,2022-10-21
100M1,31.55060728744939,2022-10-21
100N,30.53119266055046,2022-10-21
102D,25.793478260869566,2022-10-21
102G,24.634545454545453,2022-10-21
102J,23.782894736842103,2022-10-21
106H6,16.05,2022-10-21
106H3,26.46712802768166,2022-10-21
106H4,18.8991452991453,2022-10-21
106H2,8.583446404341927,2022-10-21
106H2,6.527777777777778,2022-10-21
110F,24.07464114832536,2022-10-21
110G,20.845628415300546,2022-10-21
110J,26.16115702479339,2022-10-21
110K,27.622601279317696,2022-10-21
110L,27.427407407407408,2022-10-21
111A,35.66523605150215,2022-10-21
111B,30.33664459161148,2022-10-21
111C,32.61252446183953,2022-10-21
111D,33.93967093235832,2022-10-21
111E,16.79364252214695,2022-10-21
111F,17.17055971793742,2022-10-21
111G,18.200273099681382,2022-10-21
111H,20.86747905559787,2022-10-21
111J,30.370441458733204,2022-10-21
111K,32.38392857142857,2022-10-21
116A,25.63022508038585,2022-10-21
116D,27.90481171548117,2022-10-21
131D,23.85433070866142,2022-10-21
131F,14.830310880829016,2022-10-21
192EN,17.315202231520225,2022-10-21
192ES,33.88228761799,2022-10-21
203-42,32.70287539936102,2022-10-21
203-41,31.754728492983528,2022-10-21
205C,35.9025641025641,2022-10-21
205E,34.33940917661848,2022-10-21
205W,32.241379310344826,2022-10-21
206SW,22.217838765008576,2022-10-21
207E,53.72222222222222,2022-10-21
207W,32.501182033096924,2022-10-21
208E,33.54558823529412,2022-10-21
208W,29.542962962962964,2022-10-21
209E,27.977272727272727,2022-10-21
209W,28.321205821205822,2022-10-21
210E,33.37369337979094,2022-10-21
210W,24.93081761006289,2022-10-21
211E,33.54728950403691,2022-10-21
211C,32.67042440318303,2022-10-21
211SE,27.996153846153845,2022-10-21
211SWE,31.692307692307693,2022-10-21
211SWW,33.18614718614719,2022-10-21
211W,35.357837837837835,2022-10-21
212E,32.74517167381974,2022-10-21
212W,30.908648648648647,2022-10-21
213E,16.18620227729404,2022-10-21
213W,32,2022-10-21
214E,35.687219730941706,2022-10-21
214W,34.59718969555035,2022-10-21
215E,36.48925410872314,2022-10-21
215W,35.378172588832484,2022-10-21
216E,33.24638592080453,2022-10-21
216W,29.636475662353668,2022-10-21
217E,31.007608695652173,2022-10-21
217W,31.673784104389085,2022-10-21
218E,32.13638936049802,2022-10-21
218W,35.79449648711944,2022-10-21
219E,31.57171314741036,2022-10-21
219W,33.087516960651286,2022-10-21
220E,34.45921450151057,2022-10-21
220W,32.38003220611916,2022-10-21
221E,31.996007984031937,2022-10-21
221S,36.65863453815261,2022-10-21
221W,37.523809523809526,2022-10-21
222E,32.14827391058291,2022-10-21
222W,33.55819209039548,2022-10-21
Barale,27.375,2022-10-21
BorderTule,33.203077546061955,2022-10-21
8-4,12.386727688787186,2022-10-21
21-1,15.816458622283864,2022-10-21
21-2,27.46178686759957,2022-10-21
5-3,16.553549939831527,2022-10-21
5-2,22.63521215959468,2022-10-21
5-1,26.47820823244552,2022-10-21
32-3,31.77533039647577,2022-10-21
32-2,19.135084427767357,2022-10-21
32-1,13.973597359735974,2022-10-21
21-3,30.9988358556461,2022-10-21
21-4,20.77998111425873,2022-10-21
16-2,25.43572815533981,2022-10-21
9-1,30.27338811630847,2022-10-21
22-1,25.248567335243557,2022-10-21
31-1,19.499612102404964,2022-10-21
31-2,19.892659279778396,2022-10-21
27-2,20.62351387054161,2022-10-21
18-5,32.46004319654428,2022-10-21
24-1,17.95561224489796,2022-10-21
17-2,43.844466114090686,2022-10-21
Staten Island Pilot,34.994183792167505,2022-10-21
D1A_019,23.235618597320723,2022-10-21
D1A_032,22.493609251369445,2022-10-21
D1A_050,27.06315289648623,2022-10-21
D3__017,49.582089552238806,2022-10-21
D3__018,101.83186549239392,2022-10-21
D3__025,25.04286671131949,2022-10-21
D3__074,14.63030303030303,2022-10-21
D3__080,15.603960396039604,2022-10-21
D3__085,16.29688493324857,2022-10-21
D4__010,17.842909857670005,2022-10-21
D4__038,15.955049261083744,2022-10-21
D4__039,15.130779392338177,2022-10-21
D4__056,17.337188612099645,2022-10-21
D4__060,16.980070339976553,2022-10-21
ROOS3,16.462908011869438,2022-10-21
ROOS2,19.969155844155843,2022-10-21
ROOS1,28.58333333333333,2022-10-21
TC014,21.28054298642534,2022-10-21
TC013,29.30068819481207,2022-10-21
TC015,30.56951871657754,2022-10-21
TC016,14.539748953974897,2022-10-21
TC012,13.182273603082852,2022-10-21
Knaggs_011,13.571919114841664,2022-10-21
Knaggs_010,20.156077348066297,2022-10-21
Knaggs_009,13.091334894613585,2022-10-21
TC022,17.281413612565444,2022-10-21
TC023,15.403162055335969,2022-10-21
TC020,2.234263465282284,2022-10-21
TC005,0,2022-10-21
TC006,0,2022-10-21
TC007_008,0,2022-10-21
12-1,24.261802575107296,2022-10-21
24-2W,17.54913294797688,2022-10-21
7-1,27.180094786729857,2022-10-21
39-2,46.10141987829615,2022-10-21
15-3,11.71539206195547,2022-10-21
10-4,NA,2022-10-21
6-4,26.595108695652176,2022-10-21
15-8,39.99147727272727,2022-10-21
15-6,38.27461139896373,2022-10-21
4-1,17.342826437399246,2022-10-21
23-1,NA,2022-10-21
17-1,40.8845,2022-10-21
1-3,26.790182868142445,2022-10-21
1-2,27.185310734463275,2022-10-21
13-1,32.763698630136986,2022-10-21
1-4,19.45860927152318,2022-10-21
36-2,14.647058823529411,2022-10-21
3-3/3-4,11.900542495479204,2022-10-21
39-4,13.024074074074074,2022-10-21
6-3,27.813953488372093,2022-10-21
15-1,32.11145510835913,2022-10-21
19-1,15.196428571428571,2022-10-21
24-2E,19.52,2022-10-21
18-6,32.81944444444444,2022-10-21
20-1,28.22209302325581,2022-10-21
,30.894736842105264,2022-10-21
13-3,30.859433962264152,2022-10-21
1-5,26.67049808429119,2022-10-21
36-2,19.1264,2022-10-21
10-2,13.047945205479452,2022-10-21
31-3,15.433743169398907,2022-10-21
31-3,28.69966814159292,2022-10-21
31-4,27.636,2022-10-21
24-2W,19.6839378238342,2022-10-21
17-3,43.601941747572816,2022-10-21
18-3,32.69784580498866,2022-10-21
13-2E,25.85378787878788,2022-10-21
13-5,28.38583815028902,2022-10-21
24-2W,15.263358778625957,2022-10-21
10-1,20.345794392523363,2022-10-21
3-1/3-2,15.397058823529411,2022-10-21
39-3,23.08385093167702,2022-10-21
6-2,30.90452261306533,2022-10-21
8-4,12.630289532293986,2022-10-21
33-4,19.445893089960887,2022-10-21
16-3,19.650617283950616,2022-10-21
7-4,26.270356572645024,2022-10-21
20-2,29.25,2022-10-21
,26.7427597955707,2022-10-21
24-3,15.069182389937106,2022-10-21
24-4,17.756373937677054,2022-10-21
20-3,31.154073199527744,2022-10-21
13-7,31.853125,2022-10-21
7-2,29.78538461538461,2022-10-21
12-2,14.886477462437396,2022-10-21
,15.853801169590644,2022-10-21
15-3,12.527518172377986,2022-10-21
10-4,20.860610263522886,2022-10-21
33-2,14.657142857142857,2022-10-21
38-5,14.974446337308349,2022-10-21
18-2,29.93502012650949,2022-10-21
,27.5327868852459,2022-10-21
18-1,14.570980392156862,2022-10-21
13-2W,18.830173775671405,2022-10-21
7-5,25.716012084592144,2022-10-21
,4.656565656565657,2022-10-21
13-6,29.36,2022-10-21
39-1,49.44620253164557,2022-10-21
15-2,16.239395700174317,2022-10-21
31-4,27.908675799086762,2022-10-21
9-2,17.490553745928338,2022-10-21
8-2,29.79064748201439,2022-10-21
27-1,19.03750509580106,2022-10-21
7-3,29.065738592420725,2022-10-21
19-2,10.549865229110512,2022-10-21
38-0,27.99288256227758,2022-10-21
,10.21256038647343,2022-10-21
39-3,21.099056603773583,2022-10-21
39-5,18.41584158415841,2022-10-21
39-5,19.06117647058824,2022-10-21
,12.61111111111111,2022-10-21
38-6,20.29384965831435,2022-10-21
8-3,30.45853658536585,2022-10-21
22-2,26.598333333333333,2022-10-21
22-2,28.71078431372549,2022-10-21
22-2,30.47222222222222,2022-10-21
19-1,17.074285714285715,2022-10-21
19-1,14.43884892086331,2022-10-21
19-1,16.898039215686275,2022-10-21
19-1,19.669201520912548,2022-10-21
19-1,19.59558823529412,2022-10-21
19-1,21.53448275862069,2022-10-21
19-1,16.951851851851853,2022-10-21
19-1,15.957142857142856,2022-10-21
19-1,15.353571428571428,2022-10-21
19-1,14.244444444444444,2022-10-21
24-2E,23.81388012618297,2022-10-21
24-3,14.11049723756906,2022-10-21
24-3,12.544262295081968,2022-10-21
24-4,17.532394366197185,2022-10-21
24-4,19.96842105263158,2022-10-21
19-2,10.32415519399249,2022-10-21
,23.55555555555556,2022-10-21
36-1,15.270531400966185,2022-10-21
36-1,18.308823529411764,2022-10-21
36-3,18.914728682170544,2022-10-21
23-1,NA,2022-10-21
6-3,26.76595744680851,2022-10-21
6-3,30.704918032786885,2022-10-21
39-3,21.341666666666665,2022-10-21
6-3,29.773333333333333,2022-10-21
6-3,27.570652173913043,2022-10-21
6-4,22.79032258064516,2022-10-21
6-5W,15.554929577464788,2022-10-21
6-5E,16.44009216589862,2022-10-21
22-2,23.89673913043478,2022-10-21
22-2,27.589285714285715,2022-10-21
22-2,27.88768115942029,2022-10-21
22-2,35.355,2022-10-21
,14.434691745036572,2022-10-21
,12.91377694470478,2022-10-21
,9.768934531450578,2022-10-21
,11.772727272727272,2022-10-21
,11.287015945330296,2022-10-21
,16.201418439716313,2022-10-21
,15.86287192755498,2022-10-21
,9.324630113141865,2022-10-21
,14.32712215320911,2022-10-21
23-1,25.8686230248307,2022-10-21
23-2,15.504901960784316,2022-10-21
34-2,18.622340425531917,2022-10-21
28-5,25.787010506208212,2022-10-21
28-4,28.18961038961039,2022-10-21
38-7,19.15139240506329,2022-10-21
28-2,21.26923076923077,2022-10-21
28-1,31.89826175869121,2022-10-21
16-1,25.57856093979442,2022-10-21
4-2,24.352328231846304,2022-10-21
HansHerkert,20.89320644990748,2022-10-26
YoloBasin,12.45324074074074,2022-10-26
HPond,21.127637130801688,2022-10-26
Lucky5,9.54665659236872,2022-10-26
76,19.03467336683417,2022-10-26
70,30.85303370786517,2022-10-26
71,4.9786476868327405,2022-10-26
72,19.495831017231797,2022-10-26
64,28.641863699582757,2022-10-26
63,28.06563245823389,2022-10-26
Pond5,27.252604166666668,2022-10-26
Pond6,25.7277970011534,2022-10-26
Pond7,24.878234398782343,2022-10-26
Pond8,25.422037422037423,2022-10-26
Pond9,11.950892857142858,2022-10-26
Pond10,18.442812172088143,2022-10-26
Newstrom,3.341731266149871,2022-10-26
C300,5.779114270092947,2022-10-26
Souza1-4,3.859903381642512,2022-10-26
Souza106,2.906140350877193,2022-10-26
Dingville1,2.4971172325432414,2022-10-26
Dingville3,3.7889908256880735,2022-10-26
Dingville4,3.023427866831073,2022-10-26
ShadyOaks(MichaelRue),35.50156739811912,2022-10-26
NorthCreekHouse(R&F Ranch),23.27597617471873,2022-10-26
RioOsoRanch(RioOso),19.35723114956737,2022-10-26
Bluebird(R&F RealEstate),29.165858912224017,2022-10-26
Morrison(MichaelRue),10.4901185770751,2022-10-26
Knaggs,13.250802451123432,2022-10-26
TuleBasin(Chesapeak),11.80185497470489,2022-10-26
TuleBasin,16.290814279983955,2022-10-26
CapOil,14.258488148622678,2022-10-26
TidesEnd,22.164625850340137,2022-10-26
Field 29C,2.7932446264073696,2022-10-26
Field 29B,2.794117647058824,2022-10-26
Field 29A,3.5275,2022-10-26
Field 25E,6.719022687609075,2022-10-26
Field 25D,6.444537815126051,2022-10-26
Field 25C,13.190630048465266,2022-10-26
Field 26EE,26.84233261339093,2022-10-26
Field 26CW,24.159043659043657,2022-10-26
Field 26D - 50% ONLY,27.73404255319149,2022-10-26
Field 18,24.975560081466394,2022-10-26
Field 20A,15.772990015764584,2022-10-26
Field 20B,18.84569572279372,2022-10-26
Field 21,24.772091163534583,2022-10-26
Field and Tule,29.18225228810187,2022-10-26
055D,33.242298084929224,2022-10-26
055E,14.657745336577454,2022-10-26
056A,17.64827018121911,2022-10-26
056B,26.662548262548263,2022-10-26
056F,21.189280868385342,2022-10-26
056E,28.32730923694779,2022-10-26
056G,25.360112359550563,2022-10-26
056H,31.16569767441861,2022-10-26
056I,17.442890442890445,2022-10-26
056J,24.600114090131203,2022-10-26
056K,19.99091459721381,2022-10-26
056L,25.5,2022-10-26
056M,27.25418994413408,2022-10-26
056N,29.215547703180214,2022-10-26
056P,26.974759615384617,2022-10-26
056Q,23.28134110787172,2022-10-26
061,26.635770234986943,2022-10-26
068B,21.684110970996212,2022-10-26
069A3,15.359683794466402,2022-10-26
069B,21.37937166567872,2022-10-26
069C,25.502116402116403,2022-10-26
072A,17.954937044400264,2022-10-26
072B,20.243037974683546,2022-10-26
076A1,27.443037974683545,2022-10-26
076A1,27.443037974683545,2022-10-26
076B,28.304680038204392,2022-10-26
076CW,28.823848238482384,2022-10-26
078A,26.9640644361834,2022-10-26
078B,28.32133333333333,2022-10-26
078C,26.11125,2022-10-26
088,17.140224719101123,2022-10-26
089B,17.01581920903955,2022-10-26
089A,NA,2022-10-26
090A,25.09737827715356,2022-10-26
091A,17.155927835051546,2022-10-26
091B,15.750965250965251,2022-10-26
093A,9.03765690376569,2022-10-26
093B,12.76923076923077,2022-10-26
093C,17.324543610547668,2022-10-26
093D,15.178289473684211,2022-10-26
093E,15.285248041775455,2022-10-26
094B,24.772048846675712,2022-10-26
096AW2,20.050861361771943,2022-10-26
096AW1,21.37707641196013,2022-10-26
100A,21.107951553449183,2022-10-26
100B,25.99712643678161,2022-10-26
100C,21.3485342019544,2022-10-26
100DE,18.97095709570957,2022-10-26
100G,22.48618219037871,2022-10-26
100M1,17.65991902834008,2022-10-26
100N,24.510091743119265,2022-10-26
102D,19.042874396135264,2022-10-26
102G,17.427272727272726,2022-10-26
102J,17.38048245614035,2022-10-26
106H6,11.808333333333334,2022-10-26
106H3,28.747404844290656,2022-10-26
106H4,22.646153846153847,2022-10-26
106H2,17.118046132971507,2022-10-26
106H2,35.144444444444446,2022-10-26
110F,20.552153110047847,2022-10-26
110G,16.92349726775956,2022-10-26
110J,22.528007346189163,2022-10-26
110K,23.63454157782516,2022-10-26
110L,23.105185185185185,2022-10-26
111A,26.53862660944206,2022-10-26
111B,25.306843267108167,2022-10-26
111C,25.98630136986301,2022-10-26
111D,28.457038391224863,2022-10-26
111E,13.263157894736842,2022-10-26
111F,12.747465843984134,2022-10-26
111G,13.931269913518436,2022-10-26
111H,16.249047981721247,2022-10-26
111J,26.7831094049904,2022-10-26
111K,28.98809523809524,2022-10-26
116A,14.82636655948553,2022-10-26
116D,19.122384937238493,2022-10-26
131D,16.830708661417322,2022-10-26
131F,13.25,2022-10-26
192EN,15.576708507670851,2022-10-26
192ES,26.62520821765686,2022-10-26
203-42,29.409744408945688,2022-10-26
203-41,29.50213544844417,2022-10-26
205C,29.847008547008546,2022-10-26
205E,29.04776869893149,2022-10-26
205W,15.001603849238172,2022-10-26
206SW,13.449399656946827,2022-10-26
207E,23.420875420875426,2022-10-26
207W,27.86682427107959,2022-10-26
208E,29.736764705882354,2022-10-26
208W,24.571851851851854,2022-10-26
209E,26.194055944055943,2022-10-26
209W,23.05509355509356,2022-10-26
210E,30.125435540069688,2022-10-26
210W,21.57547169811321,2022-10-26
211E,30.002883506343714,2022-10-26
211C,28.21816976127321,2022-10-26
211SE,25.392307692307693,2022-10-26
211SWE,27.53846153846154,2022-10-26
211SWW,28.004329004329005,2022-10-26
211W,27.89945945945946,2022-10-26
212E,28.10944206008584,2022-10-26
212W,26.015135135135136,2022-10-26
213E,10.586738111185532,2022-10-26
213W,25.64531355360755,2022-10-26
214E,26.40695067264574,2022-10-26
214W,26.783372365339577,2022-10-26
215E,27.72945638432364,2022-10-26
215W,28.42258883248731,2022-10-26
216E,27.698302954116908,2022-10-26
216W,24.754158964879853,2022-10-26
217E,26.021195652173912,2022-10-26
217W,25.744958481613285,2022-10-26
218E,26.216185625353702,2022-10-26
218W,28.96896955503513,2022-10-26
219E,24.783532536520585,2022-10-26
219W,29.07055630936228,2022-10-26
220E,26.98489425981873,2022-10-26
220W,27.816425120772948,2022-10-26
221E,29.02195608782435,2022-10-26
221S,29.453815261044177,2022-10-26
221W,31.15934065934066,2022-10-26
222E,25.77136389360498,2022-10-26
222W,28.111299435028247,2022-10-26
Barale,25.328125,2022-10-26
BorderTule,21.02996558007694,2022-10-26
8-4,8.832951945080092,2022-10-26
21-1,9.245954692556634,2022-10-26
21-2,10.829924650161464,2022-10-26
5-3,10.871841155234655,2022-10-26
5-2,11.875870804306524,2022-10-26
5-1,12.898305084745765,2022-10-26
32-3,18.41752325012237,2022-10-26
32-2,15.26641651031895,2022-10-26
32-1,9.03960396039604,2022-10-26
21-3,29.9674039580908,2022-10-26
21-4,10.377714825306894,2022-10-26
16-2,20.010873786407767,2022-10-26
9-1,28.02307206068268,2022-10-26
22-1,24.583094555873924,2022-10-26
31-1,17.875872769588828,2022-10-26
31-2,19.547783933518005,2022-10-26
27-2,18.830030823425805,2022-10-26
18-5,28.870410367170628,2022-10-26
24-1,12.512244897959183,2022-10-26
17-2,19.06387128230132,2022-10-26
Staten Island Pilot,13.63668088406359,2022-10-26
D1A_019,23.43183609141056,2022-10-26
D1A_032,20.80219111381619,2022-10-26
D1A_050,27.765432098765437,2022-10-26
D3__017,25.303698896820247,2022-10-26
D3__018,25.927942353883108,2022-10-26
D3__025,13.5304755525787,2022-10-26
D3__074,12.05858585858586,2022-10-26
D3__080,12.572277227722772,2022-10-26
D3__085,12.231404958677686,2022-10-26
D4__010,13.088560885608857,2022-10-26
D4__038,14.195812807881774,2022-10-26
D4__039,11.43791281373844,2022-10-26
D4__056,14.311387900355871,2022-10-26
D4__060,14.039859320046894,2022-10-26
ROOS3,12.472799208704254,2022-10-26
ROOS2,14.994588744588745,2022-10-26
ROOS1,27.447916666666668,2022-10-26
TC014,18.86651583710407,2022-10-26
TC013,27.26045526733721,2022-10-26
TC015,26.176470588235293,2022-10-26
TC016,13.427615062761506,2022-10-26
TC012,11.320231213872832,2022-10-26
Knaggs_011,10.474628004578404,2022-10-26
Knaggs_010,18.43232044198895,2022-10-26
Knaggs_009,11.62248243559719,2022-10-26
TC022,14.86714659685864,2022-10-26
TC023,13.859025032938076,2022-10-26
TC020,2.5957170668397143,2022-10-26
TC005,0,2022-10-26
TC006,0,2022-10-26
TC007_008,0,2022-10-26
12-1,12.75107296137339,2022-10-26
24-2W,13.33718689788054,2022-10-26
7-1,22.117693522906794,2022-10-26
39-2,24.226166328600407,2022-10-26
15-3,8.26621490803485,2022-10-26
10-4,NA,2022-10-26
6-4,15.894021739130435,2022-10-26
15-8,39.29545454545455,2022-10-26
15-6,34.318652849740936,2022-10-26
4-1,15.08221386351424,2022-10-26
23-1,NA,2022-10-26
17-1,15.4285,2022-10-26
1-3,24.59287776708373,2022-10-26
1-2,21.030508474576276,2022-10-26
13-1,26.30821917808219,2022-10-26
1-4,15.690397350993376,2022-10-26
36-2,12.179738562091504,2022-10-26
3-3/3-4,8.799879445449065,2022-10-26
39-4,8.721296296296297,2022-10-26
6-3,27.573643410852718,2022-10-26
15-1,28.70381836945305,2022-10-26
19-1,11.992857142857142,2022-10-26
24-2E,14.26,2022-10-26
18-6,27.36805555555556,2022-10-26
20-1,24.718604651162792,2022-10-26
,15.24342105263158,2022-10-26
13-3,26.838679245283014,2022-10-26
1-5,24.05555555555556,2022-10-26
36-2,15.0416,2022-10-26
10-2,9.42270058708415,2022-10-26
31-3,10.58674863387978,2022-10-26
31-3,25.534845132743364,2022-10-26
31-4,24.98,2022-10-26
24-2W,12.893782383419689,2022-10-26
17-3,19.536535513541136,2022-10-26
18-3,30.598639455782312,2022-10-26
13-2E,16.92878787878788,2022-10-26
13-5,26.621387283236995,2022-10-26
24-2W,11.215648854961833,2022-10-26
10-1,16.11214953271028,2022-10-26
3-1/3-2,12.595238095238097,2022-10-26
39-3,16.354037267080745,2022-10-26
6-2,28.269681742043552,2022-10-26
8-4,8.875278396436526,2022-10-26
33-4,15.345501955671446,2022-10-26
16-3,18.821604938271605,2022-10-26
7-4,24.428951569984036,2022-10-26
20-2,24.615248226950357,2022-10-26
,21.148211243611584,2022-10-26
24-3,12.00314465408805,2022-10-26
24-4,14.286118980169972,2022-10-26
20-3,27.61688311688312,2022-10-26
13-7,27.190625,2022-10-26
7-2,25.79153846153846,2022-10-26
12-2,19.30050083472454,2022-10-26
,15.403508771929824,2022-10-26
15-3,8.515057113187954,2022-10-26
10-4,14.0748959778086,2022-10-26
33-2,14.753968253968257,2022-10-26
38-5,9.724020442930152,2022-10-26
18-2,27.38125359401955,2022-10-26
,12.401639344262296,2022-10-26
18-1,11.981176470588236,2022-10-26
13-2W,12.090837282780411,2022-10-26
7-5,22.686807653575027,2022-10-26
,5.338383838383838,2022-10-26
13-6,26.388571428571428,2022-10-26
39-1,23.658227848101262,2022-10-26
15-2,13.338756536897153,2022-10-26
31-4,25.095890410958905,2022-10-26
9-2,8.78729641693811,2022-10-26
8-2,26.15539568345324,2022-10-26
27-1,16.977986139421116,2022-10-26
7-3,27.266434648105182,2022-10-26
19-2,11.570754716981131,2022-10-26
38-0,24.005693950177932,2022-10-26
,8.73913043478261,2022-10-26
39-3,13.99056603773585,2022-10-26
39-5,13.782178217821782,2022-10-26
39-5,12.950588235294118,2022-10-26
,8.833333333333334,2022-10-26
38-6,19.32725892179195,2022-10-26
8-3,29.102032520325203,2022-10-26
22-2,24.221666666666668,2022-10-26
22-2,25.642156862745097,2022-10-26
22-2,31.23611111111111,2022-10-26
19-1,28.49142857142857,2022-10-26
19-1,12.420863309352518,2022-10-26
19-1,13.329411764705885,2022-10-26
19-1,14.079847908745249,2022-10-26
19-1,17.441176470588236,2022-10-26
19-1,16.155172413793103,2022-10-26
19-1,14.144444444444444,2022-10-26
19-1,31.29047619047619,2022-10-26
19-1,10.932142857142855,2022-10-26
19-1,11.811111111111112,2022-10-26
24-2E,14.037854889589903,2022-10-26
24-3,11.143646408839778,2022-10-26
24-3,11.701639344262295,2022-10-26
24-4,13.39718309859155,2022-10-26
24-4,15.63157894736842,2022-10-26
19-2,23.84668335419274,2022-10-26
,21.88888888888889,2022-10-26
36-1,11.101449275362318,2022-10-26
36-1,13.127450980392156,2022-10-26
36-3,16.108527131782946,2022-10-26
23-1,NA,2022-10-26
6-3,25.53191489361702,2022-10-26
6-3,28.40983606557377,2022-10-26
39-3,12.216666666666669,2022-10-26
6-3,24.313333333333333,2022-10-26
6-3,25.592391304347824,2022-10-26
6-4,16.173387096774192,2022-10-26
6-5W,12.43474178403756,2022-10-26
6-5E,9.81336405529954,2022-10-26
22-2,23.14130434782609,2022-10-26
22-2,25.989285714285717,2022-10-26
22-2,22.94202898550725,2022-10-26
22-2,29.315,2022-10-26
,12.630094043887148,2022-10-26
,11.050609184629804,2022-10-26
,7.907573812580231,2022-10-26
,10.960815047021944,2022-10-26
,8.994305239179955,2022-10-26
,14.275177304964538,2022-10-26
,12.811125485122895,2022-10-26
,7.34029590948651,2022-10-26
,11.03726708074534,2022-10-26
23-1,25.76433408577878,2022-10-26
23-2,9.745098039215684,2022-10-26
34-2,12.632978723404255,2022-10-26
28-5,25.314231136580705,2022-10-26
28-4,13,2022-10-26
38-7,11.014177215189871,2022-10-26
28-2,13.005016722408026,2022-10-26
28-1,14.732617586912063,2022-10-26
16-1,12.69309838472834,2022-10-26
4-2,22.580592640833604,2022-10-26
HansHerkert,22.82024848004229,2022-10-31
YoloBasin,10.33101851851852,2022-10-31
HPond,17.50675105485232,2022-10-31
Lucky5,10.467321496033245,2022-10-31
76,22.88391959798995,2022-10-31
70,37.813033707865166,2022-10-31
71,8.345195729537366,2022-10-31
72,23.34130072262368,2022-10-31
64,32.93045897079277,2022-10-31
63,32.866348448687354,2022-10-31
Pond5,32.102864583333336,2022-10-31
Pond6,21.606689734717417,2022-10-31
Pond7,20.37138508371385,2022-10-31
Pond8,19.93347193347193,2022-10-31
Pond9,11.622767857142858,2022-10-31
Pond10,16.81532004197272,2022-10-31
Newstrom,4.1828165374677,2022-10-31
C300,8.839256424275561,2022-10-31
Souza1-4,5.088566827697263,2022-10-31
Souza106,5.121052631578947,2022-10-31
Dingville1,4.85970531710442,2022-10-31
Dingville3,4.877911079745942,2022-10-31
Dingville4,5.328606658446363,2022-10-31
ShadyOaks(MichaelRue),29.189655172413797,2022-10-31
NorthCreekHouse(R&F Ranch),25.13567174056916,2022-10-31
RioOsoRanch(RioOso),23.828182941903584,2022-10-31
Bluebird(R&F RealEstate),30.067851373182556,2022-10-31
Morrison(MichaelRue),4.139469226425748,2022-10-31
Knaggs,14.84709658593522,2022-10-31
TuleBasin(Chesapeak),11.562394603709947,2022-10-31
TuleBasin,20.11833132771761,2022-10-31
CapOil,19.60057655349135,2022-10-31
TidesEnd,18.194104308390024,2022-10-31
Field 29C,6.424769703172979,2022-10-31
Field 29B,8.240641711229946,2022-10-31
Field 29A,10.356666666666667,2022-10-31
Field 25E,11.06282722513089,2022-10-31
Field 25D,10.65798319327731,2022-10-31
Field 25C,17.168012924071082,2022-10-31
Field 26EE,29.771058315334773,2022-10-31
Field 26CW,29.53742203742204,2022-10-31
Field 26D - 50% ONLY,33.441489361702125,2022-10-31
Field 18,27.10997963340122,2022-10-31
Field 20A,18.24908039936941,2022-10-31
Field 20B,21.96805630752572,2022-10-31
Field 21,27.40183926429428,2022-10-31
Field and Tule,23.917230401910068,2022-10-31
055D,33.63447127393839,2022-10-31
055E,16.828061638280616,2022-10-31
056A,21.347611202635917,2022-10-31
056B,28.27953667953668,2022-10-31
056F,21.971506105834465,2022-10-31
056E,36.14390896921017,2022-10-31
056G,33.22921348314607,2022-10-31
056H,32.990697674418605,2022-10-31
056I,23.513986013986013,2022-10-31
056J,24.52025099828865,2022-10-31
056K,21.2610539067232,2022-10-31
056L,32.60320284697509,2022-10-31
056M,48.6340782122905,2022-10-31
056N,35.987632508833926,2022-10-31
056P,30.23317307692308,2022-10-31
056Q,25.448979591836736,2022-10-31
061,31.01436031331593,2022-10-31
068B,24.544136191677172,2022-10-31
069A3,19.051383399209485,2022-10-31
069B,26.09602845287493,2022-10-31
069C,29.926455026455027,2022-10-31
072A,18.83035122597747,2022-10-31
072B,23.486075949367088,2022-10-31
076A1,30.491862567811932,2022-10-31
076A1,30.491862567811932,2022-10-31
076B,30.33715377268386,2022-10-31
076CW,31.5546522131888,2022-10-31
078A,28.553283767038412,2022-10-31
078B,29.290666666666667,2022-10-31
078C,26.435,2022-10-31
088,18.430112359550563,2022-10-31
089B,25.319209039548024,2022-10-31
089A,NA,2022-10-31
090A,27.215355805243444,2022-10-31
091A,21.97680412371134,2022-10-31
091B,21.666666666666668,2022-10-31
093A,10.02092050209205,2022-10-31
093B,14.937062937062937,2022-10-31
093C,19.49763353617309,2022-10-31
093D,18.034868421052632,2022-10-31
093E,17.239556135770236,2022-10-31
094B,25.48100407055631,2022-10-31
096AW2,24.203445447087777,2022-10-31
096AW1,25.50332225913621,2022-10-31
100A,24.08320168509742,2022-10-31
100B,30.662835249042143,2022-10-31
100C,25.19543973941368,2022-10-31
100DE,22.03234323432343,2022-10-31
100G,26.559877175025587,2022-10-31
100M1,24.101214574898787,2022-10-31
100N,27.973394495412844,2022-10-31
102D,21.444444444444443,2022-10-31
102G,20.50121212121212,2022-10-31
102J,20.910087719298247,2022-10-31
106H6,11.897222222222222,2022-10-31
106H3,54.27162629757785,2022-10-31
106H4,42.47350427350428,2022-10-31
106H2,35.56716417910448,2022-10-31
106H2,43.852777777777774,2022-10-31
110F,23.522488038277512,2022-10-31
110G,19.239071038251367,2022-10-31
110J,23.76584022038568,2022-10-31
110K,26.501492537313432,2022-10-31
110L,25.34851851851852,2022-10-31
111A,29.736051502145923,2022-10-31
111B,26.65121412803532,2022-10-31
111C,28.379647749510763,2022-10-31
111D,31.07495429616088,2022-10-31
111E,15.98488796248046,2022-10-31
111F,15.44160423093874,2022-10-31
111G,16.24852071005917,2022-10-31
111H,17.85986290936786,2022-10-31
111J,29.35700575815739,2022-10-31
111K,29.5,2022-10-31
116A,18.62700964630225,2022-10-31
116D,22.83786610878661,2022-10-31
131D,22.73490813648294,2022-10-31
131F,12.532383419689118,2022-10-31
192EN,19.02649930264993,2022-10-31
192ES,31.511937812326487,2022-10-31
203-42,31.727635782747605,2022-10-31
203-41,31.409395973154364,2022-10-31
205C,33.11880341880342,2022-10-31
205E,32.044626021370206,2022-10-31
205W,17.40336808340016,2022-10-31
206SW,18.271012006861064,2022-10-31
207E,25.97138047138047,2022-10-31
207W,30.5397951142632,2022-10-31
208E,32.440441176470586,2022-10-31
208W,27.714074074074077,2022-10-31
209E,28.60664335664336,2022-10-31
209W,24.57172557172557,2022-10-31
210E,32.82839721254356,2022-10-31
210W,22.696540880503143,2022-10-31
211E,32.96078431372549,2022-10-31
211C,30.61074270557029,2022-10-31
211SE,25.234615384615385,2022-10-31
211SWE,36.11740890688259,2022-10-31
211SWW,34.54545454545455,2022-10-31
211W,32.76756756756757,2022-10-31
212E,31.974248927038627,2022-10-31
212W,29.48216216216216,2022-10-31
213E,12.137307434695243,2022-10-31
213W,29.30546190155091,2022-10-31
214E,35.619955156950674,2022-10-31
214W,35.10889929742389,2022-10-31
215E,33.52465233881163,2022-10-31
215W,33.66878172588832,2022-10-31
216E,31.125707102451287,2022-10-31
216W,28.738139248305608,2022-10-31
217E,29.82336956521739,2022-10-31
217W,28.822064056939503,2022-10-31
218E,28.78324844368987,2022-10-31
218W,34.10889929742389,2022-10-31
219E,30.06905710491368,2022-10-31
219W,31.44708276797829,2022-10-31
220E,33.770392749244714,2022-10-31
220W,31.768115942028984,2022-10-31
221E,31.21556886227545,2022-10-31
221S,35.55555555555556,2022-10-31
221W,30.56043956043956,2022-10-31
222E,30.18279569892473,2022-10-31
222W,32.78531073446328,2022-10-31
Barale,22.1875,2022-10-31
BorderTule,23.945130593237497,2022-10-31
8-4,11.00228832951945,2022-10-31
21-1,13.001386962552012,2022-10-31
21-2,13.403659849300324,2022-10-31
5-3,15.312274368231048,2022-10-31
5-2,15.825205826472452,2022-10-31
5-1,19.265133171912836,2022-10-31
32-3,22.173764072442488,2022-10-31
32-2,22.044402751719826,2022-10-31
32-1,12.895489548954895,2022-10-31
21-3,32.52270081490105,2022-10-31
21-4,11.261567516525025,2022-10-31
16-2,24.25242718446602,2022-10-31
9-1,31.717130214917827,2022-10-31
22-1,27.09383954154728,2022-10-31
31-1,21.211792086889066,2022-10-31
31-2,23.843490304709142,2022-10-31
27-2,23.11360634081902,2022-10-31
18-5,31.367170626349893,2022-10-31
24-1,26.81122448979592,2022-10-31
17-2,29.454900048756706,2022-10-31
Staten Island Pilot,0,2022-10-31
D1A_019,25.54294720252167,2022-10-31
D1A_032,23.54047474132684,2022-10-31
D1A_050,30.88034188034188,2022-10-31
D3__017,17.317975340687866,2022-10-31
D3__018,18.752602081665334,2022-10-31
D3__025,14.318151373074349,2022-10-31
D3__074,16.334006734006735,2022-10-31
D3__080,16.297029702970296,2022-10-31
D3__085,16.426573426573427,2022-10-31
D4__010,17.972588297311546,2022-10-31
D4__038,16.60591133004926,2022-10-31
D4__039,15.684280052840158,2022-10-31
D4__056,16.28825622775801,2022-10-31
D4__060,16.277842907385697,2022-10-31
ROOS3,12.054401582591494,2022-10-31
ROOS2,16.2987012987013,2022-10-31
ROOS1,26.60625,2022-10-31
TC014,20.660633484162897,2022-10-31
TC013,29.58867125463208,2022-10-31
TC015,33.344919786096256,2022-10-31
TC016,14.988284518828452,2022-10-31
TC012,14.816570327552986,2022-10-31
Knaggs_011,11.569629912247231,2022-10-31
Knaggs_010,21.41390423572744,2022-10-31
Knaggs_009,12.446838407494145,2022-10-31
TC022,17.92931937172775,2022-10-31
TC023,20.908432147562586,2022-10-31
TC020,5.3595068137573,2022-10-31
TC005,0,2022-10-31
TC006,0,2022-10-31
TC007_008,0,2022-10-31
12-1,15.227467811158798,2022-10-31
24-2W,19.759152215799613,2022-10-31
7-1,26.131121642969983,2022-10-31
39-2,30.71501014198783,2022-10-31
15-3,9.359148112294289,2022-10-31
10-4,NA,2022-10-31
6-4,16.82336956521739,2022-10-31
15-8,30.53409090909091,2022-10-31
15-6,27.05699481865285,2022-10-31
4-1,18.118753358409457,2022-10-31
23-1,NA,2022-10-31
17-1,23.3155,2022-10-31
1-3,25.4446583253128,2022-10-31
1-2,20.8135593220339,2022-10-31
13-1,27.410958904109588,2022-10-31
1-4,18.410596026490065,2022-10-31
36-2,20.56045751633987,2022-10-31
3-3/3-4,10.448462929475587,2022-10-31
39-4,11.65277777777778,2022-10-31
6-3,29.282945736434108,2022-10-31
15-1,29.46904024767802,2022-10-31
19-1,16.05,2022-10-31
24-2E,15.973333333333333,2022-10-31
18-6,32.21527777777778,2022-10-31
20-1,28.584883720930232,2022-10-31
,16.105263157894736,2022-10-31
13-3,29.51981132075472,2022-10-31
1-5,25.865900383141764,2022-10-31
36-2,18.2832,2022-10-31
10-2,11.37866927592955,2022-10-31
31-3,26.421448087431692,2022-10-31
31-3,28.825774336283185,2022-10-31
31-4,28.32,2022-10-31
24-2W,18.97668393782384,2022-10-31
17-3,28.70209504343383,2022-10-31
18-3,35.28458049886621,2022-10-31
13-2E,21.541666666666668,2022-10-31
13-5,27.50722543352601,2022-10-31
24-2W,12.4618320610687,2022-10-31
10-1,20.897196261682243,2022-10-31
3-1/3-2,15.618347338935576,2022-10-31
39-3,22.096273291925467,2022-10-31
6-2,29.061976549413732,2022-10-31
8-4,11.064587973273944,2022-10-31
33-4,21.71577574967405,2022-10-31
16-3,22.05925925925926,2022-10-31
7-4,28.54922831293241,2022-10-31
20-2,28.38770685579196,2022-10-31
,16.303236797274277,2022-10-31
24-3,10.132075471698114,2022-10-31
24-4,12.988668555240793,2022-10-31
20-3,29.39374262101535,2022-10-31
13-7,29.740625,2022-10-31
7-2,30.46384615384616,2022-10-31
12-2,21.53589315525877,2022-10-31
,18.076023391812864,2022-10-31
15-3,11.063343717549325,2022-10-31
10-4,21.93481276005548,2022-10-31
33-2,21.33333333333333,2022-10-31
38-5,20.916524701873936,2022-10-31
18-2,33.68832662449684,2022-10-31
,11.364754098360656,2022-10-31
18-1,14.076078431372547,2022-10-31
13-2W,15.308056872037914,2022-10-31
7-5,27.619335347432024,2022-10-31
,4.239057239057239,2022-10-31
13-6,26.234285714285715,2022-10-31
39-1,33.640822784810126,2022-10-31
15-2,23.37071470075537,2022-10-31
31-4,24.70319634703196,2022-10-31
9-2,9.6371335504886,2022-10-31
8-2,33.72230215827338,2022-10-31
27-1,20.72768039135752,2022-10-31
7-3,31.73124516627997,2022-10-31
19-2,27.48854447439353,2022-10-31
38-0,24.965836298932384,2022-10-31
,11.429951690821255,2022-10-31
39-3,20.53301886792453,2022-10-31
39-5,18.534653465346533,2022-10-31
39-5,16.905882352941177,2022-10-31
,20.88888888888889,2022-10-31
38-6,22.343963553530752,2022-10-31
8-3,30.651219512195123,2022-10-31
22-2,26.21,2022-10-31
22-2,28.955882352941178,2022-10-31
22-2,34.0625,2022-10-31
19-1,29.445714285714285,2022-10-31
19-1,14.647482014388489,2022-10-31
19-1,19.823529411764707,2022-10-31
19-1,16.950570342205324,2022-10-31
19-1,18.522058823529413,2022-10-31
19-1,17.96551724137931,2022-10-31
19-1,17.14814814814815,2022-10-31
19-1,28.814285714285717,2022-10-31
19-1,13.314285714285717,2022-10-31
19-1,16.977777777777778,2022-10-31
24-2E,21.425867507886437,2022-10-31
24-3,10.48342541436464,2022-10-31
24-3,10.432786885245902,2022-10-31
24-4,12.969014084507045,2022-10-31
24-4,15.143859649122806,2022-10-31
19-2,31.54255319148936,2022-10-31
,23.22222222222222,2022-10-31
36-1,12.42512077294686,2022-10-31
36-1,15.215686274509803,2022-10-31
36-3,18.92248062015504,2022-10-31
23-1,NA,2022-10-31
6-3,26.78723404255319,2022-10-31
6-3,29.950819672131143,2022-10-31
39-3,16.508333333333333,2022-10-31
6-3,34.013333333333335,2022-10-31
6-3,28.21195652173913,2022-10-31
6-4,16.342741935483872,2022-10-31
6-5W,12.395305164319248,2022-10-31
6-5E,11.317972350230416,2022-10-31
22-2,24.32608695652174,2022-10-31
22-2,26.392857142857142,2022-10-31
22-2,26.58695652173913,2022-10-31
22-2,31.94,2022-10-31
,12.33228840125392,2022-10-31
,10.756326148078726,2022-10-31
,8.743260590500642,2022-10-31
,12.849529780564264,2022-10-31
,8.355353075170843,2022-10-31
,12.595744680851064,2022-10-31
,12.159120310478654,2022-10-31
,7.295039164490862,2022-10-31
,11.4824016563147,2022-10-31
23-1,27.140632054176077,2022-10-31
23-2,12.441176470588236,2022-10-31
34-2,17.632978723404257,2022-10-31
28-5,28.94173829990449,2022-10-31
28-4,18.85584415584416,2022-10-31
38-7,15.86227848101266,2022-10-31
28-2,18.12541806020067,2022-10-31
28-1,21.59355828220859,2022-10-31
16-1,18.309838472834063,2022-10-31
4-2,25.3676326929339,2022-10-31
HansHerkert,23.923605604017972,2022-11-02
YoloBasin,19.42037037037037,2022-11-02
HPond,26.053797468354432,2022-11-02
Lucky5,16.044578768417075,2022-11-02
76,37.46934673366834,2022-11-02
70,49.330786516853934,2022-11-02
71,12.338078291814949,2022-11-02
72,36.60867148415787,2022-11-02
64,46.81710709318498,2022-11-02
63,46.64558472553699,2022-11-02
Pond5,40.622395833333336,2022-11-02
Pond6,25.84890426758939,2022-11-02
Pond7,24.94672754946728,2022-11-02
Pond8,24.17047817047817,2022-11-02
Pond9,15.950892857142858,2022-11-02
Pond10,25.37145855194124,2022-11-02
Newstrom,9.443152454780362,2022-11-02
C300,10.39311098961181,2022-11-02
Souza1-4,7.383252818035427,2022-11-02
Souza106,6.912280701754386,2022-11-02
Dingville1,6.240871236386932,2022-11-02
Dingville3,8.788285109386027,2022-11-02
Dingville4,7.398273736128237,2022-11-02
ShadyOaks(MichaelRue),40.63636363636363,2022-11-02
NorthCreekHouse(R&F Ranch),36.36267372600926,2022-11-02
RioOsoRanch(RioOso),34.02224969097652,2022-11-02
Bluebird(R&F RealEstate),42.480883144857295,2022-11-02
Morrison(MichaelRue),6.182947487295313,2022-11-02
Knaggs,32.282025094835134,2022-11-02
TuleBasin(Chesapeak),18.34464586846543,2022-11-02
TuleBasin,26.098275170477336,2022-11-02
CapOil,31.48398462524023,2022-11-02
TidesEnd,24.367346938775512,2022-11-02
Field 29C,4.464687819856704,2022-11-02
Field 29B,7.005347593582887,2022-11-02
Field 29A,8.89,2022-11-02
Field 25E,12.93891797556719,2022-11-02
Field 25D,12.693277310924367,2022-11-02
Field 25C,22.63974151857835,2022-11-02
Field 26EE,43.01295896328294,2022-11-02
Field 26CW,48.45426195426195,2022-11-02
Field 26D - 50% ONLY,58.62978723404255,2022-11-02
Field 18,37.82841140529531,2022-11-02
Field 20A,23.681555438780872,2022-11-02
Field 20B,27.750947482403895,2022-11-02
Field 21,33.36985205917633,2022-11-02
Field and Tule,23.56744926382809,2022-11-02
055D,38.40216486261449,2022-11-02
055E,19.16626115166261,2022-11-02
056A,24.290774299835256,2022-11-02
056B,31.345173745173746,2022-11-02
056F,25.39416553595658,2022-11-02
056E,43.60575635876841,2022-11-02
056G,41.40955056179775,2022-11-02
056H,36.538372093023256,2022-11-02
056I,26.24242424242424,2022-11-02
056J,39.66343411294923,2022-11-02
056K,36.8267716535433,2022-11-02
056L,36.53855278766311,2022-11-02
056M,61.07891061452514,2022-11-02
056N,35.543286219081274,2022-11-02
056P,33.80769230769231,2022-11-02
056Q,28.52915451895044,2022-11-02
061,35.753263707571804,2022-11-02
068B,27.686002522068097,2022-11-02
069A3,23.607378129117254,2022-11-02
069B,33.07883817427386,2022-11-02
069C,39.180952380952384,2022-11-02
072A,20.455268389662027,2022-11-02
072B,28.206962025316457,2022-11-02
076A1,33.07323688969259,2022-11-02
076A1,33.07323688969259,2022-11-02
076B,32.49570200573066,2022-11-02
076CW,33.8383017163505,2022-11-02
078A,30.519826517967783,2022-11-02
078B,29.422666666666668,2022-11-02
078C,30.86875,2022-11-02
088,29.02876404494382,2022-11-02
089B,30.754802259887004,2022-11-02
089A,NA,2022-11-02
090A,27.668539325842698,2022-11-02
091A,30.712628865979383,2022-11-02
091B,23.584942084942085,2022-11-02
093A,12.258019525801952,2022-11-02
093B,19.11608391608392,2022-11-02
093C,22.45841784989858,2022-11-02
093D,19.85855263157895,2022-11-02
093E,20.307441253263708,2022-11-02
094B,30.85074626865672,2022-11-02
096AW2,34.26333059885152,2022-11-02
096AW1,33.834717607973424,2022-11-02
100A,34.0115850447604,2022-11-02
100B,33.87452107279694,2022-11-02
100C,26.12703583061889,2022-11-02
100DE,26.66138613861386,2022-11-02
100G,33.37973387922211,2022-11-02
100M1,39.80161943319838,2022-11-02
100N,35.55321100917431,2022-11-02
102D,31.35990338164251,2022-11-02
102G,31.172727272727272,2022-11-02
102J,27.24561403508772,2022-11-02
106H6,16.586111111111112,2022-11-02
106H3,62.60553633217993,2022-11-02
106H4,55.65128205128205,2022-11-02
106H2,47.19402985074627,2022-11-02
106H2,58.99166666666667,2022-11-02
110F,27.454545454545453,2022-11-02
110G,23.670765027322403,2022-11-02
110J,29.630394857667586,2022-11-02
110K,31.54456289978678,2022-11-02
110L,31.944444444444443,2022-11-02
111A,33.066523605150216,2022-11-02
111B,29.82891832229581,2022-11-02
111C,33.01761252446184,2022-11-02
111D,35.8363802559415,2022-11-02
111E,17.97081813444502,2022-11-02
111F,18.06875275451741,2022-11-02
111G,18.782885753299954,2022-11-02
111H,22.7014470677837,2022-11-02
111J,34.59500959692898,2022-11-02
111K,37.04464285714285,2022-11-02
116A,37.20900321543408,2022-11-02
116D,29.726987447698743,2022-11-02
131D,24.620734908136484,2022-11-02
131F,14.287564766839376,2022-11-02
192EN,22.67852161785216,2022-11-02
192ES,42.94891726818434,2022-11-02
203-42,35.32747603833866,2022-11-02
203-41,34.81391092129347,2022-11-02
205C,38.40427350427351,2022-11-02
205E,38.402262727844125,2022-11-02
205W,28.888532477947077,2022-11-02
206SW,23.329331046312177,2022-11-02
207E,40.77272727272727,2022-11-02
207W,34.24586288416076,2022-11-02
208E,34.58308823529412,2022-11-02
208W,28.39925925925926,2022-11-02
209E,26.405594405594407,2022-11-02
209W,26.76819126819127,2022-11-02
210E,34.02264808362369,2022-11-02
210W,24.919025157232703,2022-11-02
211E,36.64936562860439,2022-11-02
211C,35.09681697612732,2022-11-02
211SE,27.76923076923077,2022-11-02
211SWE,33.72064777327935,2022-11-02
211SWW,36.493506493506494,2022-11-02
211W,39.67243243243243,2022-11-02
212E,36.2162017167382,2022-11-02
212W,33.34162162162162,2022-11-02
213E,13.13596784996651,2022-11-02
213W,31.191503708698583,2022-11-02
214E,37.247757847533634,2022-11-02
214W,36.93793911007026,2022-11-02
215E,38.89127686472819,2022-11-02
215W,36.25380710659898,2022-11-02
216E,32.15713387806411,2022-11-02
216W,31.42698706099815,2022-11-02
217E,32.959782608695654,2022-11-02
217W,32.14056939501779,2022-11-02
218E,31.08715336728919,2022-11-02
218W,38.31206088992974,2022-11-02
219E,31.93027888446215,2022-11-02
219W,34.07394843962008,2022-11-02
220E,36.51057401812689,2022-11-02
220W,33.06602254428341,2022-11-02
221E,33.15036593479707,2022-11-02
221S,38.08701472556894,2022-11-02
221W,32.94261294261294,2022-11-02
222E,34.230899830220714,2022-11-02
222W,34.75028248587571,2022-11-02
Barale,24.4140625,2022-11-02
BorderTule,33.749949382466085,2022-11-02
8-4,20.068649885583525,2022-11-02
21-1,22.687933425797503,2022-11-02
21-2,24.508073196986008,2022-11-02
5-3,25.894705174488568,2022-11-02
5-2,29.164027865737808,2022-11-02
5-1,34.086561743341406,2022-11-02
32-3,35.93392070484582,2022-11-02
32-2,40.3358348968105,2022-11-02
32-1,22.61166116611661,2022-11-02
21-3,42.58090803259604,2022-11-02
21-4,17.67610953729934,2022-11-02
16-2,43.42757281553398,2022-11-02
9-1,50.88843236409608,2022-11-02
22-1,41.32091690544413,2022-11-02
31-1,32.532971295577966,2022-11-02
31-2,31.33518005540166,2022-11-02
27-2,37.51387054161162,2022-11-02
18-5,50.76457883369331,2022-11-02
24-1,39.51836734693877,2022-11-02
17-2,40.04875670404681,2022-11-02
Staten Island Pilot,33.67080263668088,2022-11-02
D1A_019,29.713947990543737,2022-11-02
D1A_032,31.36579427875837,2022-11-02
D1A_050,34.964387464387464,2022-11-02
D3__017,21.754055807916934,2022-11-02
D3__018,25.2017614091273,2022-11-02
D3__025,47.03148024112525,2022-11-02
D3__074,27.864646464646466,2022-11-02
D3__080,29.48778877887789,2022-11-02
D3__085,26.71137952956135,2022-11-02
D4__010,35.79388508170796,2022-11-02
D4__038,34.283251231527096,2022-11-02
D4__039,30.05085865257596,2022-11-02
D4__056,33.02313167259786,2022-11-02
D4__060,35.95545134818288,2022-11-02
ROOS3,23.320722057368943,2022-11-02
ROOS2,26.432359307359302,2022-11-02
ROOS1,34.93541666666667,2022-11-02
TC014,27.5316742081448,2022-11-02
TC013,33.64955002646903,2022-11-02
TC015,39.71033868092692,2022-11-02
TC016,19.343096234309623,2022-11-02
TC012,26.960308285163777,2022-11-02
Knaggs_011,30.55055322396032,2022-11-02
Knaggs_010,39.63443830570903,2022-11-02
Knaggs_009,27.52833723653396,2022-11-02
TC022,33.60929319371728,2022-11-02
TC023,38.72924901185771,2022-11-02
TC020,8.249188838416613,2022-11-02
TC005,0,2022-11-02
TC006,0,2022-11-02
TC007_008,0,2022-11-02
12-1,25.141630901287552,2022-11-02
24-2W,50.35260115606936,2022-11-02
7-1,43.29225908372828,2022-11-02
39-2,42.85699797160243,2022-11-02
15-3,15.771539206195548,2022-11-02
10-4,NA,2022-11-02
6-4,29.807065217391305,2022-11-02
15-8,47.96306818181818,2022-11-02
15-6,42.5699481865285,2022-11-02
4-1,35.537345513164965,2022-11-02
23-1,NA,2022-11-02
17-1,34.5415,2022-11-02
1-3,36.28585178055823,2022-11-02
1-2,36.82598870056497,2022-11-02
13-1,39.60102739726028,2022-11-02
1-4,30.15397350993377,2022-11-02
36-2,33.02777777777778,2022-11-02
3-3/3-4,20.549125979505725,2022-11-02
39-4,33.81944444444444,2022-11-02
6-3,41.08527131782946,2022-11-02
15-1,45.48761609907121,2022-11-02
19-1,32.04642857142857,2022-11-02
24-2E,27.75,2022-11-02
18-6,47.63194444444444,2022-11-02
20-1,42.503488372093024,2022-11-02
,28.125,2022-11-02
13-3,48.2066037735849,2022-11-02
1-5,35.272030651341,2022-11-02
36-2,29.2656,2022-11-02
10-2,23.292563600782778,2022-11-02
31-3,39.42827868852459,2022-11-02
31-3,38.12057522123894,2022-11-02
31-4,38.44,2022-11-02
24-2W,47.29533678756477,2022-11-02
17-3,42.26980071538068,2022-11-02
18-3,47.98299319727891,2022-11-02
13-2E,36.1939393939394,2022-11-02
13-5,46.471098265895954,2022-11-02
24-2W,21.12404580152672,2022-11-02
10-1,44.330841121495325,2022-11-02
3-1/3-2,37.03361344537815,2022-11-02
39-3,44.75776397515528,2022-11-02
6-2,43.44221105527638,2022-11-02
8-4,20.03563474387528,2022-11-02
33-4,42.96219035202086,2022-11-02
16-3,53.58950617283951,2022-11-02
7-4,41.44438531133581,2022-11-02
20-2,42.30851063829788,2022-11-02
,19.793867120954005,2022-11-02
24-3,18.55974842767296,2022-11-02
24-4,23.19830028328612,2022-11-02
20-3,40.95513577331759,2022-11-02
13-7,38.759375,2022-11-02
7-2,49.87307692307692,2022-11-02
12-2,34.891485809682806,2022-11-02
,33.27485380116959,2022-11-02
15-3,30.71858774662513,2022-11-02
10-4,50.09153952843273,2022-11-02
33-2,38.01428571428571,2022-11-02
38-5,48.80068143100511,2022-11-02
18-2,45.646348476135714,2022-11-02
,23.02868852459016,2022-11-02
18-1,24.294901960784312,2022-11-02
13-2W,25.759083728278043,2022-11-02
7-5,39.06847935548842,2022-11-02
,8.31986531986532,2022-11-02
13-6,36.89714285714286,2022-11-02
39-1,77.52215189873418,2022-11-02
15-2,45.16211504938989,2022-11-02
31-4,39.15981735159817,2022-11-02
9-2,20.230618892508144,2022-11-02
8-2,49.26834532374101,2022-11-02
27-1,38.46840603342846,2022-11-02
7-3,44.97215777262181,2022-11-02
19-2,46.34029649595687,2022-11-02
38-0,48.0220640569395,2022-11-02
,21.507246376811597,2022-11-02
39-3,40.83490566037736,2022-11-02
39-5,38.45544554455446,2022-11-02
39-5,33.93176470588235,2022-11-02
,55.47222222222222,2022-11-02
38-6,32.463933181473045,2022-11-02
8-3,38.92154471544716,2022-11-02
22-2,39.766666666666666,2022-11-02
22-2,42.65686274509804,2022-11-02
22-2,43.49305555555556,2022-11-02
19-1,39.05714285714286,2022-11-02
19-1,25.14388489208633,2022-11-02
19-1,30.435294117647057,2022-11-02
19-1,34.97718631178707,2022-11-02
19-1,44.5110294117647,2022-11-02
19-1,37.00738916256157,2022-11-02
19-1,30.20740740740741,2022-11-02
19-1,41.023809523809526,2022-11-02
19-1,22.425,2022-11-02
19-1,32.474074074074075,2022-11-02
24-2E,49.85173501577287,2022-11-02
24-3,19.03038674033149,2022-11-02
24-3,17.8,2022-11-02
24-4,23.183098591549296,2022-11-02
24-4,24.64210526315789,2022-11-02
19-2,41.82540675844806,2022-11-02
,28.155555555555555,2022-11-02
36-1,23.97584541062802,2022-11-02
36-1,23.186274509803923,2022-11-02
36-3,34.48062015503876,2022-11-02
23-1,NA,2022-11-02
6-3,39.48936170212766,2022-11-02
6-3,44.14754098360656,2022-11-02
39-3,39.641666666666666,2022-11-02
6-3,44.21333333333333,2022-11-02
6-3,41.39673913043478,2022-11-02
6-4,25.491935483870968,2022-11-02
6-5W,20.099530516431926,2022-11-02
6-5E,21.55069124423963,2022-11-02
22-2,39.60869565217392,2022-11-02
22-2,47.02142857142857,2022-11-02
22-2,38.992753623188406,2022-11-02
22-2,43.31,2022-11-02
,18.87669801462905,2022-11-02
,15.10215557638238,2022-11-02
,15.428754813863929,2022-11-02
,31.087774294670847,2022-11-02
,11.440774487471526,2022-11-02
,20.11914893617021,2022-11-02
,17.441138421733505,2022-11-02
,11.114012184508269,2022-11-02
,24.213250517598343,2022-11-02
23-1,50.62979683972912,2022-11-02
23-2,20.965686274509803,2022-11-02
34-2,27.680851063829788,2022-11-02
28-5,35.48519579751672,2022-11-02
28-4,27.01233766233766,2022-11-02
38-7,24.40658227848101,2022-11-02
28-2,28.610367892976587,2022-11-02
28-1,32.16717791411043,2022-11-02
16-1,28.602790014684288,2022-11-02
4-2,37.39921849560404,2022-11-02
HansHerkert,46.6893999471319,2022-11-07
YoloBasin,16.921296296296298,2022-11-07
HPond,22.63670886075949,2022-11-07
Lucky5,12.697015489233094,2022-11-07
76,24.48793969849246,2022-11-07
70,65.71685393258427,2022-11-07
71,11.340111845449924,2022-11-07
72,25.21845469705392,2022-11-07
64,65.32197496522949,2022-11-07
63,63.85918854415274,2022-11-07
Pond5,32.463541666666664,2022-11-07
Pond6,25.24567474048443,2022-11-07
Pond7,27.846270928462708,2022-11-07
Pond8,24.13929313929314,2022-11-07
Pond9,14.665178571428571,2022-11-07
Pond10,20.4386149003148,2022-11-07
Newstrom,6.366279069767442,2022-11-07
C300,9.470202296336796,2022-11-07
Souza1-4,5.260869565217392,2022-11-07
Souza106,4.414035087719299,2022-11-07
Dingville1,3.900064061499039,2022-11-07
Dingville3,5.505998588567396,2022-11-07
Dingville4,4.643649815043156,2022-11-07
ShadyOaks(MichaelRue),36.059561128526646,2022-11-07
NorthCreekHouse(R&F Ranch),35.43150231634679,2022-11-07
RioOsoRanch(RioOso),28.03337453646477,2022-11-07
Bluebird(R&F RealEstate),41.84006462035541,2022-11-07
Morrison(MichaelRue),5.422360248447205,2022-11-07
Knaggs,29.03924715494602,2022-11-07
TuleBasin(Chesapeak),17.024451939291737,2022-11-07
TuleBasin,25.51263537906137,2022-11-07
CapOil,19.967648942985267,2022-11-07
TidesEnd,24.868480725623584,2022-11-07
Field 29C,3.501535312180143,2022-11-07
Field 29B,3.850267379679144,2022-11-07
Field 29A,4.548333333333333,2022-11-07
Field 25E,3.196335078534031,2022-11-07
Field 25D,4.378991596638656,2022-11-07
Field 25C,21.581583198707595,2022-11-07
Field 26EE,44.65658747300216,2022-11-07
Field 26CW,46.30353430353431,2022-11-07
Field 26D - 50% ONLY,53.68617021276596,2022-11-07
Field 18,47.5081466395112,2022-11-07
Field 20A,37.35470310036784,2022-11-07
Field 20B,44.04547915538711,2022-11-07
Field 21,49.574970011995205,2022-11-07
Field and Tule,29.60007958615201,2022-11-07
055D,50.19900083263947,2022-11-07
055E,31.38280616382806,2022-11-07
056A,27.682866556836903,2022-11-07
056B,45.176833976833976,2022-11-07
056F,37.64789687924016,2022-11-07
056E,55.64457831325301,2022-11-07
056G,54.32022471910113,2022-11-07
056H,54.38546511627907,2022-11-07
056I,30.528554778554778,2022-11-07
056J,22.260695949800343,2022-11-07
056K,20.197456087219862,2022-11-07
056L,51.20937129300118,2022-11-07
056M,56.78840782122905,2022-11-07
056N,54.22703180212015,2022-11-07
056P,49.27764423076923,2022-11-07
056Q,41.15160349854227,2022-11-07
061,53.422976501305484,2022-11-07
068B,24.21752837326608,2022-11-07
069A3,26.73913043478261,2022-11-07
069B,43.44042679312389,2022-11-07
069C,52.56402116402116,2022-11-07
072A,32.622929092113985,2022-11-07
072B,43.8746835443038,2022-11-07
076A1,37.42766726943942,2022-11-07
076A1,37.42766726943942,2022-11-07
076B,38.355300859598856,2022-11-07
076CW,49.80397470641373,2022-11-07
078A,49.99876084262701,2022-11-07
078B,52.63333333333333,2022-11-07
078C,47.56375,2022-11-07
088,48.35730337078652,2022-11-07
089B,33.80282485875706,2022-11-07
089A,NA,2022-11-07
090A,49.27902621722846,2022-11-07
091A,17.23840206185567,2022-11-07
091B,10.774131274131276,2022-11-07
093A,24.36122733612273,2022-11-07
093B,33.15524475524475,2022-11-07
093C,35.80324543610548,2022-11-07
093D,35.46052631578947,2022-11-07
093E,35.005221932114885,2022-11-07
094B,24.64280868385346,2022-11-07
096AW2,44.08695652173913,2022-11-07
096AW1,46.41860465116279,2022-11-07
100A,45.7451290152712,2022-11-07
100B,55.24760536398468,2022-11-07
100C,39.22475570032573,2022-11-07
100DE,38.55709570957096,2022-11-07
100G,30.83725690890481,2022-11-07
100M1,38.25344129554656,2022-11-07
100N,51.195412844036696,2022-11-07
102D,43.84842995169082,2022-11-07
102G,41.07636363636364,2022-11-07
102J,34.32236842105263,2022-11-07
106H6,19.77777777777778,2022-11-07
106H3,37.6038062283737,2022-11-07
106H4,30.71452991452992,2022-11-07
106H2,24.77883310719132,2022-11-07
106H2,32.17777777777778,2022-11-07
110F,43.16937799043063,2022-11-07
110G,40.704918032786885,2022-11-07
110J,44.33654729109274,2022-11-07
110K,47.80383795309169,2022-11-07
110L,49.187777777777775,2022-11-07
111A,42.66952789699571,2022-11-07
111B,44.29028697571744,2022-11-07
111C,46.07240704500978,2022-11-07
111D,53.28793418647167,2022-11-07
111E,26.442417926003127,2022-11-07
111F,25.41956809167034,2022-11-07
111G,26.7742375967228,2022-11-07
111H,31.954303122619955,2022-11-07
111J,55.531669865643,2022-11-07
111K,60.85416666666666,2022-11-07
116A,36.942122186495176,2022-11-07
116D,44.4989539748954,2022-11-07
131D,40.30183727034121,2022-11-07
131F,18.496113989637305,2022-11-07
192EN,34.91143654114365,2022-11-07
192ES,59.19322598556358,2022-11-07
203-42,47.706869009584665,2022-11-07
203-41,46.86577181208054,2022-11-07
205C,52.92393162393162,2022-11-07
205E,55.45254556882464,2022-11-07
205W,19.41138732959102,2022-11-07
206SW,22.454545454545453,2022-11-07
207E,21.82154882154882,2022-11-07
207W,44.39322301024429,2022-11-07
208E,48.07867647058824,2022-11-07
208W,40.64,2022-11-07
209E,42.34965034965035,2022-11-07
209W,39.40956340956341,2022-11-07
210E,46.53135888501742,2022-11-07
210W,37.019654088050324,2022-11-07
211E,49.67993079584775,2022-11-07
211C,46.01525198938992,2022-11-07
211SE,43.33461538461538,2022-11-07
211SWE,45.59109311740891,2022-11-07
211SWW,49.004329004329,2022-11-07
211W,50.93081081081081,2022-11-07
212E,49.16577253218884,2022-11-07
212W,44.4,2022-11-07
213E,22.494976557267247,2022-11-07
213W,39.60080917060014,2022-11-07
214E,47.497757847533634,2022-11-07
214W,45.67447306791569,2022-11-07
215E,45.49178255372946,2022-11-07
215W,46.85406091370558,2022-11-07
216E,42.49905719673161,2022-11-07
216W,40.20517560073937,2022-11-07
217E,45.60978260869565,2022-11-07
217W,44.191577698695134,2022-11-07
218E,41.29824561403509,2022-11-07
218W,53.21135831381733,2022-11-07
219E,41.86985391766268,2022-11-07
219W,41.24762550881954,2022-11-07
220E,44.36102719033233,2022-11-07
220W,38.74235104669887,2022-11-07
221E,49.57418496340652,2022-11-07
221S,55.71887550200803,2022-11-07
221W,43.53052503052504,2022-11-07
222E,45.77023203169213,2022-11-07
222W,51.05310734463277,2022-11-07
Barale,30.1015625,2022-11-07
BorderTule,26.701559020044545,2022-11-07
8-4,14.711670480549198,2022-11-07
21-1,15.157189089227924,2022-11-07
21-2,16.853067814854683,2022-11-07
5-3,16.701564380264742,2022-11-07
5-2,8.777074097530082,2022-11-07
5-1,15.253026634382566,2022-11-07
32-3,20.38913362701909,2022-11-07
32-2,33.06879299562226,2022-11-07
32-1,15.4004400440044,2022-11-07
21-3,52.38649592549476,2022-11-07
21-4,14.58734655335222,2022-11-07
16-2,43.391844660194174,2022-11-07
9-1,56.22092288242731,2022-11-07
22-1,51.39040114613181,2022-11-07
31-1,38.39720713731575,2022-11-07
31-2,42.72368421052632,2022-11-07
27-2,36.45046235138705,2022-11-07
18-5,54.248380129589634,2022-11-07
24-1,34.86377551020408,2022-11-07
17-2,26.258898098488544,2022-11-07
Staten Island Pilot,11.101589763474214,2022-11-07
D1A_019,21.26162332545311,2022-11-07
D1A_032,49.1631162507608,2022-11-07
D1A_050,55.68233618233618,2022-11-07
D3__017,31.1829980532122,2022-11-07
D3__018,27.67413931144916,2022-11-07
D3__025,27.341594105827195,2022-11-07
D3__074,22.09023569023569,2022-11-07
D3__080,27.891749174917493,2022-11-07
D3__085,25.663064208518755,2022-11-07
D4__010,29.878228782287824,2022-11-07
D4__038,39.2173645320197,2022-11-07
D4__039,14.464332892998678,2022-11-07
D4__056,33.995551601423486,2022-11-07
D4__060,29.287221570926143,2022-11-07
ROOS3,21.47626112759644,2022-11-07
ROOS2,22.37878787878788,2022-11-07
ROOS1,35.016666666666666,2022-11-07
TC014,35.66968325791855,2022-11-07
TC013,44.67866596082583,2022-11-07
TC015,52.79055258467023,2022-11-07
TC016,26.539748953974897,2022-11-07
TC012,24.14335260115607,2022-11-07
Knaggs_011,23.82869133918352,2022-11-07
Knaggs_010,39.20441988950276,2022-11-07
Knaggs_009,25.31288056206089,2022-11-07
TC022,39.57002617801047,2022-11-07
TC023,44.52832674571805,2022-11-07
TC020,4.409474367293965,2022-11-07
TC005,0,2022-11-07
TC006,0,2022-11-07
TC007_008,0,2022-11-07
12-1,19.313304721030043,2022-11-07
24-2W,40.19460500963391,2022-11-07
7-1,44.5781990521327,2022-11-07
39-2,41.588235294117645,2022-11-07
15-3,14.461761858664085,2022-11-07
10-4,NA,2022-11-07
6-4,19.758152173913043,2022-11-07
15-8,36.98295454545455,2022-11-07
15-6,35.21243523316062,2022-11-07
4-1,28.339602364320257,2022-11-07
23-1,NA,2022-11-07
17-1,21.5175,2022-11-07
1-3,44.13089509143407,2022-11-07
1-2,25.766101694915253,2022-11-07
13-1,40.76883561643836,2022-11-07
1-4,20.5976821192053,2022-11-07
36-2,40.02777777777778,2022-11-07
3-3/3-4,18.6998191681736,2022-11-07
39-4,34.412962962962965,2022-11-07
6-3,45.65116279069768,2022-11-07
15-1,31.88699690402477,2022-11-07
19-1,39.64642857142857,2022-11-07
24-2E,20.68,2022-11-07
18-6,49.73611111111112,2022-11-07
20-1,38.69127906976744,2022-11-07
,21.19736842105263,2022-11-07
13-3,49.92358490566038,2022-11-07
1-5,40.51915708812261,2022-11-07
36-2,20.1024,2022-11-07
10-2,20.779843444227005,2022-11-07
31-3,39.9207650273224,2022-11-07
31-3,39.55420353982301,2022-11-07
31-4,36.824,2022-11-07
24-2W,40.33678756476684,2022-11-07
17-3,27.681144609095558,2022-11-07
18-3,55.541383219954646,2022-11-07
13-2E,28.993181818181817,2022-11-07
13-5,49.08815028901734,2022-11-07
24-2W,18.173664122137403,2022-11-07
10-1,33.2411214953271,2022-11-07
3-1/3-2,27.75,2022-11-07
39-3,65.98447204968944,2022-11-07
6-2,50.61641541038526,2022-11-07
8-4,14.848552338530066,2022-11-07
33-4,31.71838331160365,2022-11-07
16-3,44.13024691358024,2022-11-07
7-4,48.6216072378925,2022-11-07
20-2,37.4113475177305,2022-11-07
,22.584327086882453,2022-11-07
24-3,17.87421383647799,2022-11-07
24-4,20.379603399433428,2022-11-07
20-3,38.47520661157025,2022-11-07
13-7,45.378125,2022-11-07
7-2,50.65,2022-11-07
12-2,39.97829716193656,2022-11-07
,28.473684210526315,2022-11-07
15-3,36.386292834890966,2022-11-07
10-4,30.897364771151175,2022-11-07
33-2,38.15238095238095,2022-11-07
38-5,35.58432708688245,2022-11-07
18-2,49.07073030477286,2022-11-07
,16.057377049180328,2022-11-07
18-1,20.82745098039216,2022-11-07
13-2W,24.88862559241706,2022-11-07
7-5,46.041289023162136,2022-11-07
,7.942760942760943,2022-11-07
13-6,45.74857142857143,2022-11-07
39-1,35.72626582278481,2022-11-07
15-2,36.52701917489832,2022-11-07
31-4,40.23287671232877,2022-11-07
9-2,14.710097719869706,2022-11-07
8-2,58.35827338129496,2022-11-07
27-1,35.11618426416633,2022-11-07
7-3,53.18097447795824,2022-11-07
19-2,46.43261455525607,2022-11-07
38-0,31.8846975088968,2022-11-07
,17.73913043478261,2022-11-07
39-3,62.71698113207548,2022-11-07
39-5,81.67326732673267,2022-11-07
39-5,46.61882352941176,2022-11-07
,33.416666666666664,2022-11-07
38-6,42.30144267274108,2022-11-07
8-3,41.17357723577236,2022-11-07
22-2,40.305,2022-11-07
22-2,49.05882352941177,2022-11-07
22-2,52.201388888888886,2022-11-07
19-1,35.16571428571429,2022-11-07
19-1,33.71223021582734,2022-11-07
19-1,43.188235294117646,2022-11-07
19-1,45.70342205323194,2022-11-07
19-1,44.16544117647059,2022-11-07
19-1,43.64039408866995,2022-11-07
19-1,41.5925925925926,2022-11-07
19-1,32.385714285714286,2022-11-07
19-1,40.207142857142856,2022-11-07
19-1,39.83703703703704,2022-11-07
24-2E,42.54258675078864,2022-11-07
24-3,19.212707182320443,2022-11-07
24-3,16.82950819672131,2022-11-07
24-4,19.47605633802817,2022-11-07
24-4,22.435087719298245,2022-11-07
19-2,38.64580725907384,2022-11-07
,21.6,2022-11-07
36-1,24.159420289855078,2022-11-07
36-1,24.66176470588235,2022-11-07
36-3,35.87596899224806,2022-11-07
23-1,NA,2022-11-07
6-3,42.723404255319146,2022-11-07
6-3,46.71311475409836,2022-11-07
39-3,55.79166666666666,2022-11-07
6-3,48.60666666666667,2022-11-07
6-3,44.58152173913044,2022-11-07
6-4,16.903225806451612,2022-11-07
6-5W,15.505164319248829,2022-11-07
6-5E,15.223502304147466,2022-11-07
22-2,41.09239130434783,2022-11-07
22-2,44.975,2022-11-07
22-2,39.15217391304348,2022-11-07
22-2,52.67,2022-11-07
,18.75026123301985,2022-11-07
,14.88659793814433,2022-11-07
,16.65211810012837,2022-11-07
,32.32131661442006,2022-11-07
,11.761958997722097,2022-11-07
,17.920567375886524,2022-11-07
,16.489003880983184,2022-11-07
,10.203655352480418,2022-11-07
,18.26915113871636,2022-11-07
23-1,51.99751693002257,2022-11-07
23-2,13.82843137254902,2022-11-07
34-2,18.659574468085108,2022-11-07
28-5,42.62464183381089,2022-11-07
28-4,14.153896103896104,2022-11-07
38-7,16.579240506329114,2022-11-07
28-2,10.489966555183946,2022-11-07
28-1,18.967791411042946,2022-11-07
16-1,18.784140969162998,2022-11-07
4-2,37.79387821556496,2022-11-07
HansHerkert,61.51308485329104,2022-11-12
YoloBasin,15.319907407407408,2022-11-12
HPond,20.68691983122363,2022-11-12
Lucky5,11.091424253872308,2022-11-12
76,26.965829145728645,2022-11-12
70,64.37797752808989,2022-11-12
71,11.976614133197764,2022-11-12
72,26.667593107281824,2022-11-12
64,58.03337969401947,2022-11-12
63,63.94391408114559,2022-11-12
Pond5,24.85286458333333,2022-11-12
Pond6,21.103806228373703,2022-11-12
Pond7,19.750380517503807,2022-11-12
Pond8,18.20893970893971,2022-11-12
Pond9,9.4375,2022-11-12
Pond10,19.693599160545645,2022-11-12
Newstrom,6.228682170542636,2022-11-12
C300,9.13832695462001,2022-11-12
Souza1-4,5.255233494363929,2022-11-12
Souza106,5.119298245614036,2022-11-12
Dingville1,5.85970531710442,2022-11-12
Dingville3,6.006351446718419,2022-11-12
Dingville4,6.5813810110974105,2022-11-12
ShadyOaks(MichaelRue),4.384012539184953,2022-11-12
NorthCreekHouse(R&F Ranch),36.94970218398412,2022-11-12
RioOsoRanch(RioOso),37.37948084054389,2022-11-12
Bluebird(R&F RealEstate),39.6165858912224,2022-11-12
Morrison(MichaelRue),4.220779220779221,2022-11-12
Knaggs,30.982054274875985,2022-11-12
TuleBasin(Chesapeak),14.246627318718382,2022-11-12
TuleBasin,24.334937825912554,2022-11-12
CapOil,21.305253042921205,2022-11-12
TidesEnd,20.225396825396825,2022-11-12
Field 29C,6.946775844421699,2022-11-12
Field 29B,6.351158645276293,2022-11-12
Field 29A,6.305833333333333,2022-11-12
Field 25E,6.131762652705061,2022-11-12
Field 25D,6.06218487394958,2022-11-12
Field 25C,19.661550888529888,2022-11-12
Field 26EE,7.790496760259179,2022-11-12
Field 26CW,44.88461538461539,2022-11-12
Field 26D - 50% ONLY,41.238297872340425,2022-11-12
Field 18,34.55397148676171,2022-11-12
Field 20A,51.63741460851288,2022-11-12
Field 20B,61.38494856524093,2022-11-12
Field 21,59.2047181127549,2022-11-12
Field and Tule,22.042379625945085,2022-11-12
055D,37.90258118234805,2022-11-12
055E,28.54663422546634,2022-11-12
056A,26.26029654036244,2022-11-12
056B,39.175289575289575,2022-11-12
056F,30.41316146540027,2022-11-12
056E,42.08433734939759,2022-11-12
056G,51.43089887640449,2022-11-12
056H,43.46279069767442,2022-11-12
056I,30.014568764568764,2022-11-12
056J,30.04791785510553,2022-11-12
056K,24.070866141732285,2022-11-12
056L,43.69869513641756,2022-11-12
056M,69.25,2022-11-12
056N,48.29946996466431,2022-11-12
056P,39.91586538461539,2022-11-12
056Q,34.80320699708455,2022-11-12
061,45.65796344647519,2022-11-12
068B,26.26292559899117,2022-11-12
069A3,29.337285902503293,2022-11-12
069B,41.00652045050386,2022-11-12
069C,49.01851851851852,2022-11-12
072A,29.582504970178928,2022-11-12
072B,39.34367088607595,2022-11-12
076A1,6.563291139240507,2022-11-12
076A1,6.563291139240507,2022-11-12
076B,12.538681948424069,2022-11-12
076CW,44.504968383017165,2022-11-12
078A,45.78438661710037,2022-11-12
078B,46.934666666666665,2022-11-12
078C,44.23125,2022-11-12
088,44.93977528089888,2022-11-12
089B,12.458757062146892,2022-11-12
089A,NA,2022-11-12
090A,50.45131086142322,2022-11-12
091A,5.132731958762887,2022-11-12
091B,4.862290862290863,2022-11-12
093A,20.695955369595534,2022-11-12
093B,32.65874125874126,2022-11-12
093C,33.42055442866802,2022-11-12
093D,35.04013157894737,2022-11-12
093E,31.983681462140996,2022-11-12
094B,25.618724559023068,2022-11-12
096AW2,42.97128794093519,2022-11-12
096AW1,45.42358803986711,2022-11-12
100A,44.75882043180621,2022-11-12
100B,70.71647509578544,2022-11-12
100C,47.63192182410423,2022-11-12
100DE,36.04587458745875,2022-11-12
100G,31.56601842374616,2022-11-12
100M1,46.382995951417,2022-11-12
100N,69.92018348623853,2022-11-12
102D,44.41183574879227,2022-11-12
102G,42.36424242424243,2022-11-12
102J,38.03947368421053,2022-11-12
106H6,30.872222222222224,2022-11-12
106H3,68.03114186851211,2022-11-12
106H4,50.91452991452992,2022-11-12
106H2,41.208955223880594,2022-11-12
106H2,51.625,2022-11-12
110F,42.427751196172245,2022-11-12
110G,57.42486338797814,2022-11-12
110J,45.14921946740129,2022-11-12
110K,48.63454157782516,2022-11-12
110L,48.17925925925926,2022-11-12
111A,60.40343347639485,2022-11-12
111B,62.25496688741722,2022-11-12
111C,63.04109589041096,2022-11-12
111D,65.8510054844607,2022-11-12
111E,52.11620635747785,2022-11-12
111F,52.90788893785809,2022-11-12
111G,51.04779244424215,2022-11-12
111H,37.686976389946686,2022-11-12
111J,62.75623800383877,2022-11-12
111K,61.24404761904762,2022-11-12
116A,40.85209003215434,2022-11-12
116D,62.5407949790795,2022-11-12
131D,70.12073490813648,2022-11-12
131F,19.62953367875648,2022-11-12
192EN,37.50767085076709,2022-11-12
192ES,51.418656302054416,2022-11-12
203-42,39.88977635782748,2022-11-12
203-41,38.68944478340452,2022-11-12
205C,49.55897435897436,2022-11-12
205E,49.66939032055311,2022-11-12
205W,18.68003207698476,2022-11-12
206SW,27.56089193825043,2022-11-12
207E,23.01515151515152,2022-11-12
207W,40.150512214342,2022-11-12
208E,39.249264705882354,2022-11-12
208W,35.63333333333333,2022-11-12
209E,35.84178321678322,2022-11-12
209W,31.022869022869024,2022-11-12
210E,44.55226480836237,2022-11-12
210W,35.87106918238994,2022-11-12
211E,48.94232987312572,2022-11-12
211C,45.68103448275862,2022-11-12
211SE,38.86153846153846,2022-11-12
211SWE,43.32793522267207,2022-11-12
211SWW,47.22077922077922,2022-11-12
211W,50.15567567567568,2022-11-12
212E,51.09603004291846,2022-11-12
212W,44.39891891891892,2022-11-12
213E,20.227729403884798,2022-11-12
213W,36.35738368172623,2022-11-12
214E,50.16031390134529,2022-11-12
214W,48.97423887587822,2022-11-12
215E,43.70290771175727,2022-11-12
215W,43.526649746192895,2022-11-12
216E,39.73601508485229,2022-11-12
216W,37.04990757855823,2022-11-12
217E,42.87173913043478,2022-11-12
217W,40.95373665480427,2022-11-12
218E,37.09451046972269,2022-11-12
218W,46.37002341920375,2022-11-12
219E,38.5796812749004,2022-11-12
219W,38.24559023066486,2022-11-12
220E,45.987915407854985,2022-11-12
220W,36.971014492753625,2022-11-12
221E,42.08183632734531,2022-11-12
221S,49.724230254350736,2022-11-12
221W,39.02258852258852,2022-11-12
222E,40.75947934352009,2022-11-12
222W,43.67175141242938,2022-11-12
Barale,24.6328125,2022-11-12
BorderTule,21.558412634136467,2022-11-12
8-4,15.711670480549198,2022-11-12
21-1,18.508090614886733,2022-11-12
21-2,19.6232508073197,2022-11-12
5-3,23.380866425992775,2022-11-12
5-2,12.856871437618748,2022-11-12
5-1,6.72639225181598,2022-11-12
32-3,12.238374938815468,2022-11-12
32-2,37.903064415259536,2022-11-12
32-1,18.848184818481847,2022-11-12
21-3,48.80325960419092,2022-11-12
21-4,14.248347497639282,2022-11-12
16-2,45.4695145631068,2022-11-12
9-1,52.68963337547408,2022-11-12
22-1,52.58381088825215,2022-11-12
31-1,38.69123351435221,2022-11-12
31-2,46.08102493074792,2022-11-12
27-2,37.0154117129018,2022-11-12
18-5,51.14038876889849,2022-11-12
24-1,31.05765306122449,2022-11-12
17-2,33.00877620672843,2022-11-12
Staten Island Pilot,0,2022-11-12
D1A_019,2.869188337273444,2022-11-12
D1A_032,19.11746804625685,2022-11-12
D1A_050,41.67094017094017,2022-11-12
D3__017,23.96560674886437,2022-11-12
D3__018,6.808646917534027,2022-11-12
D3__025,4.139316811788346,2022-11-12
D3__074,5.928619528619529,2022-11-12
D3__080,29.33333333333333,2022-11-12
D3__085,26.879211697393515,2022-11-12
D4__010,27.014232999472853,2022-11-12
D4__038,26.204433497536947,2022-11-12
D4__039,6.059445178335535,2022-11-12
D4__056,17.512455516014235,2022-11-12
D4__060,6.738569753810082,2022-11-12
ROOS3,17.34371909000989,2022-11-12
ROOS2,20.674242424242426,2022-11-12
ROOS1,24.3,2022-11-12
TC014,38.59276018099548,2022-11-12
TC013,43.81154049761778,2022-11-12
TC015,50.1283422459893,2022-11-12
TC016,21.641004184100417,2022-11-12
TC012,21.00115606936416,2022-11-12
Knaggs_011,25.431133155284243,2022-11-12
Knaggs_010,46.40515653775322,2022-11-12
Knaggs_009,22.582669789227165,2022-11-12
TC022,32.86387434554974,2022-11-12
TC023,25.12582345191041,2022-11-12
TC020,6.285528877352369,2022-11-12
TC005,0,2022-11-12
TC006,0,2022-11-12
TC007_008,0,2022-11-12
12-1,20.25751072961373,2022-11-12
24-2W,35.20038535645472,2022-11-12
7-1,40.95892575039495,2022-11-12
39-2,59.48275862068966,2022-11-12
15-3,13.809293320425944,2022-11-12
10-4,NA,2022-11-12
6-4,23.592391304347824,2022-11-12
15-8,46.64204545454545,2022-11-12
15-6,39.88860103626943,2022-11-12
4-1,31.967759269210102,2022-11-12
23-1,NA,2022-11-12
17-1,26.2885,2022-11-12
1-3,43.46968238691049,2022-11-12
1-2,44.04632768361582,2022-11-12
13-1,46.3013698630137,2022-11-12
1-4,19.99337748344371,2022-11-12
36-2,57.82516339869281,2022-11-12
3-3/3-4,13.725135623869802,2022-11-12
39-4,51.74722222222222,2022-11-12
6-3,38.2093023255814,2022-11-12
15-1,17.29205366357069,2022-11-12
19-1,46.43214285714286,2022-11-12
24-2E,23.96,2022-11-12
18-6,49.77777777777778,2022-11-12
20-1,36.85872093023256,2022-11-12
,25.019736842105264,2022-11-12
13-3,48.422641509433966,2022-11-12
1-5,34.44444444444444,2022-11-12
36-2,27.7536,2022-11-12
10-2,17.535225048923678,2022-11-12
31-3,41.28278688524591,2022-11-12
31-3,38.38716814159292,2022-11-12
31-4,37.792,2022-11-12
24-2W,36.00777202072539,2022-11-12
17-3,33.27899846704139,2022-11-12
18-3,50.98185941043084,2022-11-12
13-2E,33.84772727272728,2022-11-12
13-5,39.36271676300578,2022-11-12
24-2W,19.97519083969466,2022-11-12
10-1,34.08785046728972,2022-11-12
3-1/3-2,26.63235294117647,2022-11-12
39-3,99.84782608695652,2022-11-12
6-2,44.80737018425461,2022-11-12
8-4,15.76391982182628,2022-11-12
33-4,40.97913950456324,2022-11-12
16-3,46.30185185185185,2022-11-12
7-4,45.53432676955828,2022-11-12
20-2,38.70626477541372,2022-11-12
,16.632027257240203,2022-11-12
24-3,17.39308176100629,2022-11-12
24-4,21.46175637393768,2022-11-12
20-3,42.47992916174734,2022-11-12
13-7,51.75,2022-11-12
7-2,51.25692307692308,2022-11-12
12-2,35.36560934891486,2022-11-12
,40.36842105263158,2022-11-12
15-3,34.21391484942887,2022-11-12
10-4,38.19833564493759,2022-11-12
33-2,56.55714285714286,2022-11-12
38-5,52.95400340715503,2022-11-12
18-2,44.35480161012076,2022-11-12
,14.479508196721312,2022-11-12
18-1,19.941960784313725,2022-11-12
13-2W,27.53791469194313,2022-11-12
7-5,43.201409869083584,2022-11-12
,4.55050505050505,2022-11-12
13-6,56.09142857142857,2022-11-12
39-1,61.55537974683544,2022-11-12
15-2,35.07553747821034,2022-11-12
31-4,37.406392694063925,2022-11-12
9-2,17.03843648208469,2022-11-12
8-2,63.91294964028777,2022-11-12
27-1,34.512841418671016,2022-11-12
7-3,49.3430007733952,2022-11-12
19-2,38.02156334231806,2022-11-12
38-0,54.85907473309609,2022-11-12
,20.52173913043478,2022-11-12
39-3,92.79245283018868,2022-11-12
39-5,116.76237623762376,2022-11-12
39-5,83.39058823529412,2022-11-12
,49.833333333333336,2022-11-12
38-6,38.49430523917995,2022-11-12
8-3,41.46869918699187,2022-11-12
22-2,36.97166666666666,2022-11-12
22-2,44.41666666666666,2022-11-12
22-2,41.958333333333336,2022-11-12
19-1,30.97142857142857,2022-11-12
19-1,34.44964028776978,2022-11-12
19-1,36.294117647058826,2022-11-12
19-1,36.44106463878327,2022-11-12
19-1,44.95220588235294,2022-11-12
19-1,45.36699507389162,2022-11-12
19-1,47.10740740740741,2022-11-12
19-1,29.68095238095238,2022-11-12
19-1,42.957142857142856,2022-11-12
19-1,45.20740740740741,2022-11-12
24-2E,39.39432176656151,2022-11-12
24-3,18.831491712707184,2022-11-12
24-3,17.839344262295082,2022-11-12
24-4,19.50985915492958,2022-11-12
24-4,21.47017543859649,2022-11-12
19-2,30.543178973717147,2022-11-12
,27.933333333333334,2022-11-12
36-1,29.014492753623188,2022-11-12
36-1,28.725490196078432,2022-11-12
36-3,59.627906976744185,2022-11-12
23-1,NA,2022-11-12
6-3,38.723404255319146,2022-11-12
6-3,38.65573770491803,2022-11-12
39-3,124.275,2022-11-12
6-3,42,2022-11-12
6-3,41.66847826086956,2022-11-12
6-4,22.286290322580644,2022-11-12
6-5W,15.708920187793428,2022-11-12
6-5E,15.175115207373272,2022-11-12
22-2,41.34239130434783,2022-11-12
22-2,40.92142857142857,2022-11-12
22-2,40.39855072463768,2022-11-12
22-2,47.415,2022-11-12
,17.262277951933125,2022-11-12
,13.207122774133085,2022-11-12
,17.034659820282414,2022-11-12
,38.407523510971785,2022-11-12
,10.47380410022779,2022-11-12
,17.029787234042555,2022-11-12
,14.86934023285899,2022-11-12
,10.08616187989556,2022-11-12
,21.608695652173918,2022-11-12
23-1,49.8686230248307,2022-11-12
23-2,12.933823529411764,2022-11-12
34-2,18.70212765957447,2022-11-12
28-5,39.18385864374403,2022-11-12
28-4,4.407792207792208,2022-11-12
38-7,17.062784810126583,2022-11-12
28-2,3.842809364548495,2022-11-12
28-1,13.484151329243351,2022-11-12
16-1,22.17107195301028,2022-11-12
4-2,37.50016281341583,2022-11-12
HansHerkert,43.21940259053661,2022-11-14
YoloBasin,18.79537037037037,2022-11-14
HPond,26.174261603375527,2022-11-14
Lucky5,13.273517189270873,2022-11-14
76,42.18391959798995,2022-11-14
70,43.63820224719101,2022-11-14
71,11.512963904422978,2022-11-14
72,38.569205113952194,2022-11-14
64,42.47426981919333,2022-11-14
63,40.60560859188544,2022-11-14
Pond5,23.48828125,2022-11-14
Pond6,24.459054209919262,2022-11-14
Pond7,21.540334855403348,2022-11-14
Pond8,21.083160083160084,2022-11-14
Pond9,8.752232142857142,2022-11-14
Pond10,20.414480587618048,2022-11-14
Newstrom,4.299095607235143,2022-11-14
C300,5.119737561509021,2022-11-14
Souza1-4,3.525764895330113,2022-11-14
Souza106,2.568421052631579,2022-11-14
Dingville1,2.0416399743754003,2022-11-14
Dingville3,3.863091037402964,2022-11-14
Dingville4,2.85881627620222,2022-11-14
ShadyOaks(MichaelRue),3.9231974921630095,2022-11-14
NorthCreekHouse(R&F Ranch),28.027134348113837,2022-11-14
RioOsoRanch(RioOso),40.5327564894932,2022-11-14
Bluebird(R&F RealEstate),37.658050619278406,2022-11-14
Morrison(MichaelRue),4.836250705815924,2022-11-14
Knaggs,25.36781441494018,2022-11-14
TuleBasin(Chesapeak),14.627529510961214,2022-11-14
TuleBasin,31.046530284797434,2022-11-14
CapOil,21.440102498398463,2022-11-14
TidesEnd,21.15419501133787,2022-11-14
Field 29C,2.8986693961105425,2022-11-14
Field 29B,2.7549019607843137,2022-11-14
Field 29A,3.0475,2022-11-14
Field 25E,2.2801047120418847,2022-11-14
Field 25D,2.8714285714285714,2022-11-14
Field 25C,26.796445880452342,2022-11-14
Field 26EE,5.762419006479481,2022-11-14
Field 26CW,29.1995841995842,2022-11-14
Field 26D - 50% ONLY,31,2022-11-14
Field 18,20.14562118126273,2022-11-14
Field 20A,29.74776668418287,2022-11-14
Field 20B,33.77043854899838,2022-11-14
Field 21,32.35665733706517,2022-11-14
Field and Tule,23.535614803024277,2022-11-14
055D,31.767693588676103,2022-11-14
055E,25.397404703974047,2022-11-14
056A,26.34019769357496,2022-11-14
056B,32.64942084942085,2022-11-14
056F,27.008141112618723,2022-11-14
056E,33.87550200803213,2022-11-14
056G,43.92471910112359,2022-11-14
056H,36.37906976744186,2022-11-14
056I,28.872377622377623,2022-11-14
056J,39.3314318311466,2022-11-14
056K,35.03937007874016,2022-11-14
056L,36.70225385527877,2022-11-14
056M,60.36662011173184,2022-11-14
056N,35.47173144876325,2022-11-14
056P,34.04206730769231,2022-11-14
056Q,27.927113702623902,2022-11-14
061,35.95953002610966,2022-11-14
068B,27.39722572509458,2022-11-14
069A3,26.58102766798419,2022-11-14
069B,35.45050385299348,2022-11-14
069C,41.30899470899471,2022-11-14
072A,21.46520874751491,2022-11-14
072B,29.20949367088608,2022-11-14
076A1,4.573236889692586,2022-11-14
076A1,4.573236889692586,2022-11-14
076B,8.976122254059216,2022-11-14
076CW,28.170731707317078,2022-11-14
078A,32.35749690210657,2022-11-14
078B,32.676,2022-11-14
078C,34.3625,2022-11-14
088,30.844044943820226,2022-11-14
089B,8.022598870056497,2022-11-14
089A,NA,2022-11-14
090A,30.024344569288388,2022-11-14
091A,5.365979381443299,2022-11-14
091B,4.051480051480051,2022-11-14
093A,11.527196652719663,2022-11-14
093B,21.867132867132867,2022-11-14
093C,23.13793103448276,2022-11-14
093D,22.176973684210527,2022-11-14
093E,22.77349869451697,2022-11-14
094B,22.327001356852104,2022-11-14
096AW2,34.976210008203445,2022-11-14
096AW1,35.11295681063123,2022-11-14
100A,26.82938388625593,2022-11-14
100B,32.87452107279694,2022-11-14
100C,26.820846905537454,2022-11-14
100DE,24.433993399339933,2022-11-14
100G,32.50562947799386,2022-11-14
100M1,37.5004048582996,2022-11-14
100N,39.64862385321101,2022-11-14
102D,32.98792270531401,2022-11-14
102G,31.05878787878788,2022-11-14
102J,27.47149122807017,2022-11-14
106H6,20.73611111111111,2022-11-14
106H3,58.46539792387544,2022-11-14
106H4,57.34358974358975,2022-11-14
106H2,43.43283582089552,2022-11-14
106H2,49.391666666666666,2022-11-14
110F,27.88803827751196,2022-11-14
110G,38.55327868852459,2022-11-14
110J,30.181359044995407,2022-11-14
110K,31.472494669509597,2022-11-14
110L,32.68925925925926,2022-11-14
111A,35.14377682403433,2022-11-14
111B,39.31015452538632,2022-11-14
111C,36.72602739726028,2022-11-14
111D,38.42687385740402,2022-11-14
111E,27.42834809796769,2022-11-14
111F,30.33450859409432,2022-11-14
111G,25.427856167501137,2022-11-14
111H,25.75932977913176,2022-11-14
111J,36.78119001919386,2022-11-14
111K,38.60714285714285,2022-11-14
116A,35.565916398713824,2022-11-14
116D,38.39539748953975,2022-11-14
131D,41.5997375328084,2022-11-14
131F,21.11139896373057,2022-11-14
192EN,28.5836820083682,2022-11-14
192ES,37.947251526929485,2022-11-14
203-42,31.53993610223642,2022-11-14
203-41,30.117754728492983,2022-11-14
205C,36.57435897435897,2022-11-14
205E,35.91326209930861,2022-11-14
205W,26.08901363271853,2022-11-14
206SW,26.013722126929675,2022-11-14
207E,36.8493265993266,2022-11-14
207W,33.572892040977145,2022-11-14
208E,31.30220588235294,2022-11-14
208W,28.03703703703704,2022-11-14
209E,26.479895104895103,2022-11-14
209W,26.673596673596677,2022-11-14
210E,33.495644599303134,2022-11-14
210W,28.7374213836478,2022-11-14
211E,37.12053056516724,2022-11-14
211C,34.78315649867374,2022-11-14
211SE,31.923076923076923,2022-11-14
211SWE,35.8502024291498,2022-11-14
211SWW,36.15151515151515,2022-11-14
211W,41.90108108108108,2022-11-14
212E,38.73175965665236,2022-11-14
212W,35.28324324324324,2022-11-14
213E,18.95043536503684,2022-11-14
213W,30.515171948752528,2022-11-14
214E,37.56053811659193,2022-11-14
214W,38.90163934426229,2022-11-14
215E,36.32869785082175,2022-11-14
215W,35.892131979695435,2022-11-14
216E,32.610307982401004,2022-11-14
216W,31.89710412815773,2022-11-14
217E,33.98423913043478,2022-11-14
217W,32.91518386714116,2022-11-14
218E,30.93095642331636,2022-11-14
218W,40.538056206089,2022-11-14
219E,33.04581673306773,2022-11-14
219W,32.85481682496608,2022-11-14
220E,36.70392749244713,2022-11-14
220W,32.67632850241546,2022-11-14
221E,34.746506986027946,2022-11-14
221S,39.22222222222222,2022-11-14
221W,34.68070818070818,2022-11-14
222E,35.48500282965478,2022-11-14
222W,36.28813559322034,2022-11-14
Barale,24.671875,2022-11-14
BorderTule,24.52702976310994,2022-11-14
8-4,12.270022883295194,2022-11-14
21-1,17.3291724456773,2022-11-14
21-2,19.603875134553284,2022-11-14
5-3,22.62334536702768,2022-11-14
5-2,16.532615579480684,2022-11-14
5-1,6.768765133171913,2022-11-14
32-3,10.591287322564856,2022-11-14
32-2,20.96435272045028,2022-11-14
32-1,22.08250825082508,2022-11-14
21-3,28.011641443539,2022-11-14
21-4,15.152030217186024,2022-11-14
16-2,31.01864077669903,2022-11-14
9-1,33.39475347661188,2022-11-14
22-1,27.465616045845277,2022-11-14
31-1,24.04732350659426,2022-11-14
31-2,26.939058171745152,2022-11-14
27-2,22.217525319242625,2022-11-14
18-5,31.18790496760259,2022-11-14
24-1,22.81581632653061,2022-11-14
17-2,41.2901023890785,2022-11-14
Staten Island Pilot,10.163241566498645,2022-11-14
D1A_019,2.9401103230890464,2022-11-14
D1A_032,7.459525258673159,2022-11-14
D1A_050,24.17283950617284,2022-11-14
D3__017,13.695003244646331,2022-11-14
D3__018,4.202562049639711,2022-11-14
D3__025,3.373074346952445,2022-11-14
D3__074,3.0343434343434343,2022-11-14
D3__080,15.092409240924091,2022-11-14
D3__085,16.748251748251747,2022-11-14
D4__010,15.361623616236162,2022-11-14
D4__038,8.793103448275861,2022-11-14
D4__039,2.3507265521796565,2022-11-14
D4__056,11.958185053380785,2022-11-14
D4__060,6.676436107854631,2022-11-14
ROOS3,18.527200791295748,2022-11-14
ROOS2,22.52705627705628,2022-11-14
ROOS1,30.460416666666667,2022-11-14
TC014,28.42760180995475,2022-11-14
TC013,32.739544732662786,2022-11-14
TC015,34.3235294117647,2022-11-14
TC016,18.86359832635983,2022-11-14
TC012,19.020038535645472,2022-11-14
Knaggs_011,29.805799313239223,2022-11-14
Knaggs_010,24.55985267034991,2022-11-14
Knaggs_009,21.375175644028104,2022-11-14
TC022,20.998036649214654,2022-11-14
TC023,14.754940711462451,2022-11-14
TC020,2.6872160934458145,2022-11-14
TC005,0,2022-11-14
TC006,0,2022-11-14
TC007_008,0,2022-11-14
12-1,25.300429184549355,2022-11-14
24-2W,26.30635838150289,2022-11-14
7-1,30.53001579778831,2022-11-14
39-2,27.036511156186613,2022-11-14
15-3,12.299128751210068,2022-11-14
10-4,NA,2022-11-14
6-4,28.39945652173913,2022-11-14
15-8,32.37784090909091,2022-11-14
15-6,32.37564766839378,2022-11-14
4-1,22.36163353036002,2022-11-14
23-1,NA,2022-11-14
17-1,38.427,2022-11-14
1-3,27.478344562078924,2022-11-14
1-2,36.980790960451976,2022-11-14
13-1,33.11472602739726,2022-11-14
1-4,29.283112582781456,2022-11-14
36-2,30.733660130718956,2022-11-14
3-3/3-4,17.754671488848704,2022-11-14
39-4,26.45092592592593,2022-11-14
6-3,27.77519379844961,2022-11-14
15-1,9.524251805985552,2022-11-14
19-1,30.42142857142857,2022-11-14
24-2E,23.176666666666662,2022-11-14
18-6,32.15277777777778,2022-11-14
20-1,26.980232558139534,2022-11-14
,29.26315789473684,2022-11-14
13-3,32.28962264150943,2022-11-14
1-5,24.582375478927204,2022-11-14
36-2,24.3536,2022-11-14
10-2,19.21917808219178,2022-11-14
31-3,27.516393442622952,2022-11-14
31-3,26.78816371681416,2022-11-14
31-4,24.464,2022-11-14
24-2W,25.39896373056995,2022-11-14
17-3,35.95145631067961,2022-11-14
18-3,33.03344671201814,2022-11-14
13-2E,22.83333333333333,2022-11-14
13-5,29.92485549132948,2022-11-14
24-2W,18.91221374045801,2022-11-14
10-1,21.485981308411212,2022-11-14
3-1/3-2,21.180672268907564,2022-11-14
39-3,40.69565217391305,2022-11-14
6-2,28.69681742043551,2022-11-14
8-4,12.33630289532294,2022-11-14
33-4,23.840938722294656,2022-11-14
16-3,34.358024691358025,2022-11-14
7-4,28.464076636508786,2022-11-14
20-2,25.52955082742317,2022-11-14
,20.218057921635435,2022-11-14
24-3,15.927672955974844,2022-11-14
24-4,19.974504249291783,2022-11-14
20-3,27.020661157024797,2022-11-14
13-7,31.61875,2022-11-14
7-2,30.856153846153845,2022-11-14
12-2,30.525876460767947,2022-11-14
,20.771929824561404,2022-11-14
15-3,24.28920041536864,2022-11-14
10-4,26.74479889042996,2022-11-14
33-2,30.566666666666663,2022-11-14
38-5,27.11243611584327,2022-11-14
18-2,29.604370327774586,2022-11-14
,13.745901639344265,2022-11-14
18-1,20.167058823529413,2022-11-14
13-2W,20.14218009478673,2022-11-14
7-5,26.644511581067476,2022-11-14
,5.48989898989899,2022-11-14
13-6,32.72,2022-11-14
39-1,25.43354430379747,2022-11-14
15-2,27.479953515398023,2022-11-14
31-4,23.27853881278539,2022-11-14
9-2,17.840065146579803,2022-11-14
8-2,36.267625899280574,2022-11-14
27-1,20.47941296371789,2022-11-14
7-3,29.65583913379737,2022-11-14
19-2,23.796495956873315,2022-11-14
38-0,22.45693950177936,2022-11-14
,13.541062801932368,2022-11-14
39-3,34.863207547169814,2022-11-14
39-5,26.65346534653465,2022-11-14
39-5,29.771764705882354,2022-11-14
,29.25,2022-11-14
38-6,26.056188306757782,2022-11-14
8-3,28.36382113821138,2022-11-14
22-2,25.793333333333333,2022-11-14
22-2,26.75980392156863,2022-11-14
22-2,26.944444444444443,2022-11-14
19-1,26.04,2022-11-14
19-1,22.201438848920866,2022-11-14
19-1,26.87058823529412,2022-11-14
19-1,26.91254752851711,2022-11-14
19-1,27.647058823529413,2022-11-14
19-1,30.68472906403941,2022-11-14
19-1,30.57777777777778,2022-11-14
19-1,21.43809523809524,2022-11-14
19-1,28.55,2022-11-14
19-1,31.177777777777777,2022-11-14
24-2E,28.63722397476341,2022-11-14
24-3,15.859116022099448,2022-11-14
24-3,15.422950819672131,2022-11-14
24-4,17.760563380281692,2022-11-14
24-4,20.29824561403509,2022-11-14
19-2,20.60826032540676,2022-11-14
,24.488888888888887,2022-11-14
36-1,15.628019323671497,2022-11-14
36-1,14.446078431372548,2022-11-14
36-3,22.07751937984496,2022-11-14
23-1,NA,2022-11-14
6-3,26.606382978723403,2022-11-14
6-3,28.475409836065573,2022-11-14
39-3,49.19166666666667,2022-11-14
6-3,27.53333333333333,2022-11-14
6-3,28.66304347826087,2022-11-14
6-4,26.11290322580645,2022-11-14
6-5W,17.700469483568074,2022-11-14
6-5E,20.930875576036865,2022-11-14
22-2,23.82608695652174,2022-11-14
22-2,27.01428571428572,2022-11-14
22-2,24.467391304347824,2022-11-14
22-2,27.155,2022-11-14
,14.847439916405431,2022-11-14
,12.311152764761012,2022-11-14
,14.444159178433887,2022-11-14
,25.264890282131663,2022-11-14
,9.315489749430524,2022-11-14
,15.704964539007092,2022-11-14
,14.323415265200518,2022-11-14
,9.401218450826804,2022-11-14
,18.87784679089027,2022-11-14
23-1,25.66568848758465,2022-11-14
23-2,17.730392156862745,2022-11-14
34-2,25.101063829787236,2022-11-14
28-5,23.94603629417383,2022-11-14
28-4,4.445454545454545,2022-11-14
38-7,14.176708860759494,2022-11-14
28-2,3.627090301003344,2022-11-14
28-1,11.443251533742332,2022-11-14
16-1,26.6071953010279,2022-11-14
4-2,24.746662324975578,2022-11-14
HansHerkert,19.299233412635477,2022-11-19
YoloBasin,17.797685185185184,2022-11-19
HPond,21.621518987341773,2022-11-19
Lucky5,11.220249338874195,2022-11-19
76,45.09145728643216,2022-11-19
70,29.14247191011236,2022-11-19
71,12.069649211997966,2022-11-19
72,36.426347971095055,2022-11-19
64,26.581363004172463,2022-11-19
63,25.9826968973747,2022-11-19
Pond5,17.048177083333332,2022-11-19
Pond6,22.56170703575548,2022-11-19
Pond7,20.796042617960428,2022-11-19
Pond8,21.15800415800416,2022-11-19
Pond9,7.430803571428571,2022-11-19
Pond10,16.667366211962225,2022-11-19
Newstrom,2.733204134366925,2022-11-19
C300,2.3794423182066704,2022-11-19
Souza1-4,3.758454106280193,2022-11-19
Souza106,2.316666666666667,2022-11-19
Dingville1,1.4541960281870596,2022-11-19
Dingville3,2.5935074100211715,2022-11-19
Dingville4,2.0813810110974105,2022-11-19
ShadyOaks(MichaelRue),2.2836990595611284,2022-11-19
NorthCreekHouse(R&F Ranch),6.29318332230311,2022-11-19
RioOsoRanch(RioOso),21.892459826946848,2022-11-19
Bluebird(R&F RealEstate),19.1917070543888,2022-11-19
Morrison(MichaelRue),3.665160926030491,2022-11-19
Knaggs,13.583600817041145,2022-11-19
TuleBasin(Chesapeak),13.912099494097808,2022-11-19
TuleBasin,20.12033694344164,2022-11-19
CapOil,18.976297245355543,2022-11-19
TidesEnd,24.75011337868481,2022-11-19
Field 29C,3.031729785056295,2022-11-19
Field 29B,2.9393939393939394,2022-11-19
Field 29A,3.040833333333333,2022-11-19
Field 25E,2.3891797556719023,2022-11-19
Field 25D,2.6058823529411765,2022-11-19
Field 25C,12.516155088852988,2022-11-19
Field 26EE,3.775377969762419,2022-11-19
Field 26CW,10.64137214137214,2022-11-19
Field 26D - 50% ONLY,14.284042553191489,2022-11-19
Field 18,2.5753564154786157,2022-11-19
Field 20A,12.767735155018393,2022-11-19
Field 20B,17.342176502436384,2022-11-19
Field 21,21.19792083166733,2022-11-19
Field and Tule,31.52845204934341,2022-11-19
055D,21.322231473771858,2022-11-19
055E,15.560421735604216,2022-11-19
056A,17.55354200988468,2022-11-19
056B,21.500386100386105,2022-11-19
056F,17.829036635006783,2022-11-19
056E,26.67269076305221,2022-11-19
056G,23.22977528089888,2022-11-19
056H,26.751744186046512,2022-11-19
056I,16.539044289044288,2022-11-19
056J,25.053051911009696,2022-11-19
056K,22.158691701998787,2022-11-19
056L,22.2123368920522,2022-11-19
056M,23.881983240223462,2022-11-19
056N,25.48763250883392,2022-11-19
056P,23.266826923076923,2022-11-19
056Q,20.89067055393586,2022-11-19
061,22.925587467362924,2022-11-19
068B,28.87957124842371,2022-11-19
069A3,11.3201581027668,2022-11-19
069B,19.52874925903972,2022-11-19
069C,23.417989417989418,2022-11-19
072A,10.642809807819749,2022-11-19
072B,18.946835443037976,2022-11-19
076A1,5.975587703435805,2022-11-19
076A1,5.975587703435805,2022-11-19
076B,6.020057306590258,2022-11-19
076CW,5.121047877145438,2022-11-19
078A,25.07001239157373,2022-11-19
078B,26.18133333333333,2022-11-19
078C,24.30625,2022-11-19
088,20.780224719101124,2022-11-19
089B,7.954802259887006,2022-11-19
089A,NA,2022-11-19
090A,10.794007490636703,2022-11-19
091A,4.514175257731959,2022-11-19
091B,5.059202059202059,2022-11-19
093A,3.900976290097629,2022-11-19
093B,12.492307692307692,2022-11-19
093C,15.753211629479376,2022-11-19
093D,14.219078947368422,2022-11-19
093E,14.274151436031332,2022-11-19
094B,11.595997286295791,2022-11-19
096AW2,18.447087776866283,2022-11-19
096AW1,20.159468438538205,2022-11-19
100A,18.984728804634017,2022-11-19
100B,24.632183908045977,2022-11-19
100C,19.81758957654723,2022-11-19
100DE,17.583498349834983,2022-11-19
100G,22.64994882292733,2022-11-19
100M1,15.097165991902834,2022-11-19
100N,23.742201834862385,2022-11-19
102D,18.38285024154589,2022-11-19
102G,17.163636363636364,2022-11-19
102J,16.86622807017544,2022-11-19
106H6,9.469444444444443,2022-11-19
106H3,22.13494809688581,2022-11-19
106H4,24.39316239316239,2022-11-19
106H2,13.382632293080054,2022-11-19
106H2,17.169444444444444,2022-11-19
110F,19.507177033492823,2022-11-19
110G,17.424863387978142,2022-11-19
110J,21.29247015610652,2022-11-19
110K,22.327078891258,2022-11-19
110L,21.783703703703704,2022-11-19
111A,22.892703862660944,2022-11-19
111B,22.77593818984548,2022-11-19
111C,24.61252446183953,2022-11-19
111D,25.489031078610605,2022-11-19
111E,13.545075560187598,2022-11-19
111F,13.278096077567213,2022-11-19
111G,13.5207100591716,2022-11-19
111H,15.14089870525514,2022-11-19
111J,25.00767754318618,2022-11-19
111K,28.22023809523809,2022-11-19
116A,24.559485530546624,2022-11-19
116D,18.805439330543933,2022-11-19
131D,9.703412073490814,2022-11-19
131F,14.446891191709843,2022-11-19
192EN,17.6813110181311,2022-11-19
192ES,24.380899500277625,2022-11-19
203-42,25.37220447284345,2022-11-19
203-41,25.27394752898109,2022-11-19
205C,27.59059829059829,2022-11-19
205E,26.445631678189816,2022-11-19
205W,16.60785886126704,2022-11-19
206SW,15.005145797598628,2022-11-19
207E,26.35185185185185,2022-11-19
207W,25.45626477541371,2022-11-19
208E,25.64485294117647,2022-11-19
208W,22.69851851851852,2022-11-19
209E,22.869755244755243,2022-11-19
209W,19.975051975051976,2022-11-19
210E,26.65853658536585,2022-11-19
210W,19.91116352201258,2022-11-19
211E,28.368512110726645,2022-11-19
211C,25.639257294429708,2022-11-19
211SE,22.784615384615385,2022-11-19
211SWE,26.161943319838056,2022-11-19
211SWW,27.41991341991342,2022-11-19
211W,26.62810810810811,2022-11-19
212E,26.489270386266096,2022-11-19
212W,24.63783783783784,2022-11-19
213E,12.096450100468855,2022-11-19
213W,22.824679703304117,2022-11-19
214E,24.217488789237667,2022-11-19
214W,25.497658079625293,2022-11-19
215E,24.520859671302148,2022-11-19
215W,25.15609137055837,2022-11-19
216E,24.31426775612822,2022-11-19
216W,22.006161429451637,2022-11-19
217E,23.725,2022-11-19
217W,22.948991696322658,2022-11-19
218E,22.15959252971137,2022-11-19
218W,25.261124121779854,2022-11-19
219E,21.82536520584329,2022-11-19
219W,24.292401628222525,2022-11-19
220E,23.628398791540786,2022-11-19
220W,25.33816425120773,2022-11-19
221E,24.45575515635396,2022-11-19
221S,25.843373493975903,2022-11-19
221W,23.186813186813183,2022-11-19
222E,22.89700056593096,2022-11-19
222W,24.450282485875707,2022-11-19
Barale,27.1484375,2022-11-19
BorderTule,18.79469528244584,2022-11-19
8-4,4.386727688787185,2022-11-19
21-1,10.117429496070272,2022-11-19
21-2,11.90150699677072,2022-11-19
5-3,13.64259927797834,2022-11-19
5-2,5.019632678910703,2022-11-19
5-1,5.146489104116223,2022-11-19
32-3,4.4189916789035735,2022-11-19
32-2,14.666041275797374,2022-11-19
32-1,11.485148514851485,2022-11-19
21-3,25.757857974388823,2022-11-19
21-4,8.941454202077432,2022-11-19
16-2,20.791844660194176,2022-11-19
9-1,27.121997471554995,2022-11-19
22-1,24.59813753581662,2022-11-19
31-1,19.071373157486423,2022-11-19
31-2,21.42797783933518,2022-11-19
27-2,17.86789960369881,2022-11-19
18-5,27.107991360691145,2022-11-19
24-1,21.191326530612244,2022-11-19
17-2,30.522184300341294,2022-11-19
Staten Island Pilot,5.661496704148895,2022-11-19
D1A_019,3.0709219858156027,2022-11-19
D1A_032,6.638466220328668,2022-11-19
D1A_050,9.867521367521368,2022-11-19
D3__017,2.4860480207657365,2022-11-19
D3__018,2.5684547638110486,2022-11-19
D3__025,2.403215003348962,2022-11-19
D3__074,1.5084175084175084,2022-11-19
D3__080,5.7287128712871285,2022-11-19
D3__085,11.865225683407502,2022-11-19
D4__010,9.148655772272008,2022-11-19
D4__038,2.243226600985221,2022-11-19
D4__039,1.5964332892998678,2022-11-19
D4__056,3.5231316725978647,2022-11-19
D4__060,2.9038686987104336,2022-11-19
ROOS3,11.71513353115727,2022-11-19
ROOS2,14.68939393939394,2022-11-19
ROOS1,37.15208333333333,2022-11-19
TC014,21.69457013574661,2022-11-19
TC013,25.15934356802541,2022-11-19
TC015,24.654188948306597,2022-11-19
TC016,14.8836820083682,2022-11-19
TC012,11.228516377649326,2022-11-19
Knaggs_011,10.644410530331934,2022-11-19
Knaggs_010,16.9548802946593,2022-11-19
Knaggs_009,13.939578454332551,2022-11-19
TC022,13.13285340314136,2022-11-19
TC023,2.067852437417655,2022-11-19
TC020,1.8423101881894877,2022-11-19
TC005,0,2022-11-19
TC006,0,2022-11-19
TC007_008,0,2022-11-19
12-1,18.51931330472103,2022-11-19
24-2W,22.14450867052023,2022-11-19
7-1,26.57345971563981,2022-11-19
39-2,19.883367139959432,2022-11-19
15-3,3.882865440464666,2022-11-19
10-4,NA,2022-11-19
6-4,17.608695652173914,2022-11-19
15-8,4.732954545454546,2022-11-19
15-6,2.9404145077720205,2022-11-19
4-1,35.25631380977969,2022-11-19
23-1,NA,2022-11-19
17-1,25.527,2022-11-19
1-3,25.2502406159769,2022-11-19
1-2,27.45084745762712,2022-11-19
13-1,25.04109589041096,2022-11-19
1-4,18.72019867549669,2022-11-19
36-2,24.544117647058822,2022-11-19
3-3/3-4,9.496684749849306,2022-11-19
39-4,21.71388888888889,2022-11-19
6-3,24.166666666666668,2022-11-19
15-1,7.466460268317854,2022-11-19
19-1,30.517857142857142,2022-11-19
24-2E,15.186666666666667,2022-11-19
18-6,28.23611111111111,2022-11-19
20-1,22.293023255813956,2022-11-19
,19.348684210526315,2022-11-19
13-3,26.45566037735849,2022-11-19
1-5,21.25862068965517,2022-11-19
36-2,18.7632,2022-11-19
10-2,10.734833659491194,2022-11-19
31-3,22.726092896174865,2022-11-19
31-3,23.0033185840708,2022-11-19
31-4,21.492,2022-11-19
24-2W,22.375647668393785,2022-11-19
17-3,26.922841083290752,2022-11-19
18-3,29.800453514739228,2022-11-19
13-2E,17.452272727272728,2022-11-19
13-5,25.43352601156069,2022-11-19
24-2W,13.437022900763358,2022-11-19
10-1,15.379439252336448,2022-11-19
3-1/3-2,13.588235294117649,2022-11-19
39-3,22.316770186335404,2022-11-19
6-2,25.922948073701843,2022-11-19
8-4,4.521158129175946,2022-11-19
33-4,16.466753585397655,2022-11-19
16-3,22.21851851851852,2022-11-19
7-4,24.500266098988824,2022-11-19
20-2,21.20035460992908,2022-11-19
,14.843270868824533,2022-11-19
24-3,11.754716981132075,2022-11-19
24-4,12.821529745042492,2022-11-19
20-3,24.78453364817001,2022-11-19
13-7,29.9875,2022-11-19
7-2,24.39,2022-11-19
12-2,27.330550918196995,2022-11-19
,15.801169590643276,2022-11-19
15-3,20.96365524402908,2022-11-19
10-4,18.61026352288488,2022-11-19
33-2,20.004761904761907,2022-11-19
38-5,17.201022146507665,2022-11-19
18-2,25.375503162737207,2022-11-19
,9.561475409836063,2022-11-19
18-1,14.105098039215688,2022-11-19
13-2W,14.815955766192731,2022-11-19
7-5,22.83484390735146,2022-11-19
,5.545454545454546,2022-11-19
13-6,29.074285714285715,2022-11-19
39-1,16.185126582278482,2022-11-19
15-2,16.058105752469494,2022-11-19
31-4,21.187214611872147,2022-11-19
9-2,10.013680781758955,2022-11-19
8-2,27.964028776978417,2022-11-19
27-1,16.03750509580106,2022-11-19
7-3,26.19257540603248,2022-11-19
19-2,22.765498652291104,2022-11-19
38-0,21.24697508896797,2022-11-19
,9.676328502415458,2022-11-19
39-3,22.04245283018868,2022-11-19
39-5,23.782178217821784,2022-11-19
39-5,20.508235294117647,2022-11-19
,16.555555555555557,2022-11-19
38-6,23.394077448747154,2022-11-19
8-3,25.98170731707317,2022-11-19
22-2,20.925,2022-11-19
22-2,24.823529411764707,2022-11-19
22-2,25.61111111111111,2022-11-19
19-1,21.005714285714287,2022-11-19
19-1,20.83093525179856,2022-11-19
19-1,22.4078431372549,2022-11-19
19-1,24.083650190114067,2022-11-19
19-1,29.3125,2022-11-19
19-1,29.554187192118228,2022-11-19
19-1,27.725925925925925,2022-11-19
19-1,19.409523809523808,2022-11-19
19-1,28.321428571428573,2022-11-19
19-1,29.41111111111111,2022-11-19
24-2E,23.958990536277604,2022-11-19
24-3,13.679558011049725,2022-11-19
24-3,12.095081967213115,2022-11-19
24-4,11.87887323943662,2022-11-19
24-4,12.428070175438595,2022-11-19
19-2,18.48998748435545,2022-11-19
,20.822222222222223,2022-11-19
36-1,10.628019323671497,2022-11-19
36-1,12.504901960784316,2022-11-19
36-3,16.550387596899224,2022-11-19
23-1,NA,2022-11-19
6-3,23.138297872340427,2022-11-19
6-3,25.368852459016395,2022-11-19
39-3,31,2022-11-19
6-3,24.21333333333333,2022-11-19
6-3,22.831521739130437,2022-11-19
6-4,17.032258064516128,2022-11-19
6-5W,13.432863849765258,2022-11-19
6-5E,10.76036866359447,2022-11-19
22-2,21.16304347826087,2022-11-19
22-2,24.15714285714286,2022-11-19
22-2,21.659420289855078,2022-11-19
22-2,24.815,2022-11-19
,12.13166144200627,2022-11-19
,11.660731021555764,2022-11-19
,9.422336328626445,2022-11-19
,21.83542319749216,2022-11-19
,9.144646924829155,2022-11-19
,13.504964539007092,2022-11-19
,12.906856403622252,2022-11-19
,8.341166231505657,2022-11-19
,16.784679089026916,2022-11-19
23-1,22.387358916478554,2022-11-19
23-2,11.45343137254902,2022-11-19
34-2,14.9468085106383,2022-11-19
28-5,21.13753581661891,2022-11-19
28-4,4.033116883116883,2022-11-19
38-7,5.490126582278481,2022-11-19
28-2,3.0936454849498327,2022-11-19
28-1,3.7459100204498976,2022-11-19
16-1,16.96035242290749,2022-11-19
4-2,19.248453272549657,2022-11-19
HansHerkert,21.92862807295797,2022-11-24
YoloBasin,14.016666666666667,2022-11-24
HPond,16.10632911392405,2022-11-24
Lucky5,7.153381186248583,2022-11-24
76,37.56884422110553,2022-11-24
70,37.96089887640449,2022-11-24
71,12.540925266903914,2022-11-24
72,30.166203446359088,2022-11-24
64,33.3643949930459,2022-11-24
63,34.57040572792363,2022-11-24
Pond5,12.3359375,2022-11-24
Pond6,18.90311418685121,2022-11-24
Pond7,15.668188736681888,2022-11-24
Pond8,17.783783783783782,2022-11-24
Pond9,6.993303571428571,2022-11-24
Pond10,14.405036726128015,2022-11-24
Newstrom,2.850129198966408,2022-11-24
C300,2.313832695462001,2022-11-24
Souza1-4,3.4613526570048307,2022-11-24
Souza106,2.293859649122807,2022-11-24
Dingville1,1.5137732222934015,2022-11-24
Dingville3,2.520818630910374,2022-11-24
Dingville4,2.06596794081381,2022-11-24
ShadyOaks(MichaelRue),2.393416927899686,2022-11-24
NorthCreekHouse(R&F Ranch),4.00066181336863,2022-11-24
RioOsoRanch(RioOso),25.92459826946848,2022-11-24
Bluebird(R&F RealEstate),13.88852988691438,2022-11-24
Morrison(MichaelRue),3.4703557312252964,2022-11-24
Knaggs,13.45389553545375,2022-11-24
TuleBasin(Chesapeak),9.843802698145025,2022-11-24
TuleBasin,21.861211391897317,2022-11-24
CapOil,15.156310057655348,2022-11-24
TidesEnd,15.19047619047619,2022-11-24
Field 29C,3.519959058341863,2022-11-24
Field 29B,2.635472370766488,2022-11-24
Field 29A,3.09,2022-11-24
Field 25E,2.774869109947644,2022-11-24
Field 25D,3.925210084033613,2022-11-24
Field 25C,17.596122778675284,2022-11-24
Field 26EE,3.399568034557235,2022-11-24
Field 26CW,11.72972972972973,2022-11-24
Field 26D - 50% ONLY,19.12872340425532,2022-11-24
Field 18,2.665478615071283,2022-11-24
Field 20A,6.687861271676301,2022-11-24
Field 20B,15.398484028153764,2022-11-24
Field 21,25.53138744502199,2022-11-24
Field and Tule,22.2608436132113,2022-11-24
055D,23.793505412156534,2022-11-24
055E,18.96593673965937,2022-11-24
056A,20.732289950576607,2022-11-24
056B,26.07335907335907,2022-11-24
056F,18.760515603799185,2022-11-24
056E,28.3520749665328,2022-11-24
056G,33.184831460674154,2022-11-24
056H,30.836627906976744,2022-11-24
056I,22.00757575757576,2022-11-24
056J,27.48374215630348,2022-11-24
056K,23.554209569957603,2022-11-24
056L,29.651245551601424,2022-11-24
056M,45.96298882681564,2022-11-24
056N,33.76590106007067,2022-11-24
056P,27.62379807692308,2022-11-24
056Q,24.902332361516034,2022-11-24
061,28.734986945169712,2022-11-24
068B,33.151954602774275,2022-11-24
069A3,14.919631093544137,2022-11-24
069B,26.52163604030824,2022-11-24
069C,29.832804232804232,2022-11-24
072A,11.899933730947648,2022-11-24
072B,22.858227848101265,2022-11-24
076A1,3.263110307414105,2022-11-24
076A1,3.263110307414105,2022-11-24
076B,4.260744985673353,2022-11-24
076CW,2.7913279132791327,2022-11-24
078A,28.682156133829,2022-11-24
078B,28.749333333333333,2022-11-24
078C,26.10875,2022-11-24
088,12.882247191011237,2022-11-24
089B,3.747457627118644,2022-11-24
089A,NA,2022-11-24
090A,2.8726591760299627,2022-11-24
091A,4.81701030927835,2022-11-24
091B,4.135778635778636,2022-11-24
093A,3.191073919107392,2022-11-24
093B,15.696503496503496,2022-11-24
093C,19.31981068289385,2022-11-24
093D,18.130921052631574,2022-11-24
093E,17.714751958224543,2022-11-24
094B,16.973202170963365,2022-11-24
096AW2,23.471698113207548,2022-11-24
096AW1,26.68106312292359,2022-11-24
100A,23.8667719852554,2022-11-24
100B,33.96455938697318,2022-11-24
100C,24.224755700325733,2022-11-24
100DE,21.94191419141914,2022-11-24
100G,24.40532241555783,2022-11-24
100M1,9.104453441295547,2022-11-24
100N,28.555963302752293,2022-11-24
102D,23.19082125603865,2022-11-24
102G,22.187272727272727,2022-11-24
102J,21.98793859649123,2022-11-24
106H6,14.188888888888888,2022-11-24
106H3,31.13840830449827,2022-11-24
106H4,28.673504273504275,2022-11-24
106H2,17.91180461329715,2022-11-24
106H2,23.008333333333333,2022-11-24
110F,23.995215311004785,2022-11-24
110G,20.74590163934426,2022-11-24
110J,24.74977043158861,2022-11-24
110K,26.720682302771856,2022-11-24
110L,25.924444444444443,2022-11-24
111A,27.673819742489272,2022-11-24
111B,26.30242825607064,2022-11-24
111C,28.724070450097848,2022-11-24
111D,31.111517367458863,2022-11-24
111E,19.418447107868683,2022-11-24
111F,19.08329660643455,2022-11-24
111G,19.243513882567136,2022-11-24
111H,19.11805026656512,2022-11-24
111J,29.844529750479847,2022-11-24
111K,32.776785714285715,2022-11-24
116A,26.176848874598072,2022-11-24
116D,24.317991631799163,2022-11-24
131D,6.062992125984252,2022-11-24
131F,10.968911917098444,2022-11-24
192EN,24.313110181311018,2022-11-24
192ES,31.173237090505275,2022-11-24
203-42,28.95367412140575,2022-11-24
203-41,28.21415497254424,2022-11-24
205C,31.49145299145299,2022-11-24
205E,30.835952231301068,2022-11-24
205W,16.48917401764234,2022-11-24
206SW,21.31217838765009,2022-11-24
207E,25.015993265993263,2022-11-24
207W,28.030732860520093,2022-11-24
208E,29.35147058823529,2022-11-24
208W,26.11555555555556,2022-11-24
209E,26.29895104895105,2022-11-24
209W,22.88981288981289,2022-11-24
210E,30.63675958188153,2022-11-24
210W,23.63364779874214,2022-11-24
211E,33.273356401384085,2022-11-24
211C,29.65185676392573,2022-11-24
211SE,26.065384615384616,2022-11-24
211SWE,32.27125506072875,2022-11-24
211SWW,30.97402597402597,2022-11-24
211W,31.224864864864863,2022-11-24
212E,31.37553648068669,2022-11-24
212W,28.47243243243243,2022-11-24
213E,14.504353650368383,2022-11-24
213W,26.708024275118003,2022-11-24
214E,34.97982062780269,2022-11-24
214W,33.31850117096019,2022-11-24
215E,30.45259165613148,2022-11-24
215W,31.38705583756345,2022-11-24
216E,28.48082966687618,2022-11-24
216W,26.263709180529883,2022-11-24
217E,28.535326086956523,2022-11-24
217W,27.58481613285884,2022-11-24
218E,26.726089417091117,2022-11-24
218W,31.30210772833724,2022-11-24
219E,27.65670650730412,2022-11-24
219W,28.727272727272727,2022-11-24
220E,31.114803625377643,2022-11-24
220W,28.35265700483092,2022-11-24
221E,29.280771789753825,2022-11-24
221S,33.5475234270415,2022-11-24
221W,28.11965811965812,2022-11-24
222E,28.05942275042445,2022-11-24
222W,29.862146892655367,2022-11-24
Barale,21.28125,2022-11-24
BorderTule,18.927920631706822,2022-11-24
8-4,3.022883295194508,2022-11-24
21-1,11.059639389736477,2022-11-24
21-2,13.498385360602798,2022-11-24
5-3,17.55956678700361,2022-11-24
5-2,3.371754274857505,2022-11-24
5-1,2.62046004842615,2022-11-24
32-3,3.2540381791483117,2022-11-24
32-2,22.617260787992496,2022-11-24
32-1,14.903190319031903,2022-11-24
21-3,30.681024447031437,2022-11-24
21-4,10.337110481586402,2022-11-24
16-2,31.583300970873783,2022-11-24
9-1,33.68046776232617,2022-11-24
22-1,31.13681948424069,2022-11-24
31-1,23.91388673390225,2022-11-24
31-2,30.08448753462604,2022-11-24
27-2,24.00484368119771,2022-11-24
18-5,32.45140388768898,2022-11-24
24-1,22.901020408163262,2022-11-24
17-2,12.887372013651875,2022-11-24
Staten Island Pilot,0,2022-11-24
D1A_019,2.508274231678487,2022-11-24
D1A_032,8.726719415702982,2022-11-24
D1A_050,2.2967711301044638,2022-11-24
D3__017,2.290720311486048,2022-11-24
D3__018,2.4811849479583667,2022-11-24
D3__025,2.4179504353650367,2022-11-24
D3__074,2.2498316498316497,2022-11-24
D3__080,2.4475247524752475,2022-11-24
D3__085,17.14812460267006,2022-11-24
D4__010,5.633104902477596,2022-11-24
D4__038,2.624384236453202,2022-11-24
D4__039,1.7060766182298548,2022-11-24
D4__056,2.596975088967972,2022-11-24
D4__060,2.9613130128956624,2022-11-24
ROOS3,11.183234421364984,2022-11-24
ROOS2,12.391233766233766,2022-11-24
ROOS1,27.960416666666667,2022-11-24
TC014,25.619909502262445,2022-11-24
TC013,28.57702488088936,2022-11-24
TC015,32.894830659536545,2022-11-24
TC016,16.169037656903765,2022-11-24
TC012,17.47591522157996,2022-11-24
Knaggs_011,11.737504769172071,2022-11-24
Knaggs_010,18.703499079189687,2022-11-24
Knaggs_009,10.290866510538642,2022-11-24
TC022,7.175392670157068,2022-11-24
TC023,2.862977602108037,2022-11-24
TC020,2.1687216093445816,2022-11-24
TC005,0,2022-11-24
TC006,0,2022-11-24
TC007_008,0,2022-11-24
12-1,16.248927038626608,2022-11-24
24-2W,23.94990366088632,2022-11-24
7-1,32.50789889415482,2022-11-24
39-2,14.58316430020284,2022-11-24
15-3,2.0019361084220715,2022-11-24
10-4,NA,2022-11-24
6-4,17.85326086956522,2022-11-24
15-8,2.46875,2022-11-24
15-6,2.523316062176166,2022-11-24
4-1,29.476625470177325,2022-11-24
23-1,NA,2022-11-24
17-1,29.48,2022-11-24
1-3,28.007699711260827,2022-11-24
1-2,25.966101694915253,2022-11-24
13-1,29.06164383561644,2022-11-24
1-4,15.869205298013243,2022-11-24
36-2,29.937908496732025,2022-11-24
3-3/3-4,11.359252561784208,2022-11-24
39-4,16.139814814814816,2022-11-24
6-3,26.527131782945737,2022-11-24
15-1,5.892672858617131,2022-11-24
19-1,23.910714285714285,2022-11-24
24-2E,14.933333333333334,2022-11-24
18-6,34.416666666666664,2022-11-24
20-1,24.798837209302327,2022-11-24
,17.80921052631579,2022-11-24
13-3,29.366981132075477,2022-11-24
1-5,24.9176245210728,2022-11-24
36-2,18.0384,2022-11-24
10-2,12.527397260273972,2022-11-24
31-3,27.746584699453557,2022-11-24
31-3,27.16150442477876,2022-11-24
31-4,28.132,2022-11-24
24-2W,24.360103626943005,2022-11-24
17-3,27.630556974961674,2022-11-24
18-3,34.83446712018141,2022-11-24
13-2E,24.35606060606061,2022-11-24
13-5,28.10838150289017,2022-11-24
24-2W,10.505725190839694,2022-11-24
10-1,19.8392523364486,2022-11-24
3-1/3-2,17.271008403361346,2022-11-24
39-3,33.046583850931675,2022-11-24
6-2,28.154103852596315,2022-11-24
8-4,3.1937639198218264,2022-11-24
33-4,23.18122555410691,2022-11-24
16-3,30.617901234567903,2022-11-24
7-4,30.973922299095264,2022-11-24
20-2,24.81501182033097,2022-11-24
,13.965928449744464,2022-11-24
24-3,8.757861635220126,2022-11-24
24-4,9.3201133144475925,2022-11-24
20-3,27.28040141676505,2022-11-24
13-7,31.53125,2022-11-24
7-2,31.73,2022-11-24
12-2,34.73288814691152,2022-11-24
,17.625730994152047,2022-11-24
15-3,24.095015576323988,2022-11-24
10-4,21.52011095700416,2022-11-24
33-2,38.21428571428572,2022-11-24
38-5,20.43952299829642,2022-11-24
18-2,31.969522714203567,2022-11-24
,9.87295081967213,2022-11-24
18-1,10.785098039215686,2022-11-24
13-2W,20.863349131121645,2022-11-24
7-5,29.57200402819738,2022-11-24
,4.132996632996633,2022-11-24
13-6,31.548571428571428,2022-11-24
39-1,11.375,2022-11-24
15-2,13.298663567693202,2022-11-24
31-4,25.114155251141558,2022-11-24
9-2,11.681758957654724,2022-11-24
8-2,40.00719424460432,2022-11-24
27-1,22.09620872401141,2022-11-24
7-3,33.03209590100541,2022-11-24
19-2,24.5033692722372,2022-11-24
38-0,22.341637010676155,2022-11-24
,12.584541062801932,2022-11-24
39-3,35.179245283018865,2022-11-24
39-5,40.6039603960396,2022-11-24
39-5,44.8235294117647,2022-11-24
,23.5,2022-11-24
38-6,27.654517843583903,2022-11-24
8-3,28.70528455284553,2022-11-24
22-2,25.241666666666667,2022-11-24
22-2,31.004901960784316,2022-11-24
22-2,31.875,2022-11-24
19-1,22.142857142857142,2022-11-24
19-1,24.89568345323741,2022-11-24
19-1,26.309803921568623,2022-11-24
19-1,26.05703422053232,2022-11-24
19-1,29.40808823529412,2022-11-24
19-1,30.655172413793103,2022-11-24
19-1,29.37037037037037,2022-11-24
19-1,21.285714285714285,2022-11-24
19-1,25.62142857142857,2022-11-24
19-1,22.074074074074076,2022-11-24
24-2E,26.621451104100945,2022-11-24
24-3,9.328729281767956,2022-11-24
24-3,8.281967213114754,2022-11-24
24-4,9.352112676056338,2022-11-24
24-4,9.712280701754386,2022-11-24
19-2,21.061326658322905,2022-11-24
,21.75555555555556,2022-11-24
36-1,13.995169082125605,2022-11-24
36-1,16.725490196078432,2022-11-24
36-3,25.06201550387597,2022-11-24
23-1,NA,2022-11-24
6-3,25.829787234042552,2022-11-24
6-3,28.80327868852459,2022-11-24
39-3,35.6,2022-11-24
6-3,31.35333333333333,2022-11-24
6-3,30.744565217391305,2022-11-24
6-4,18.161290322580644,2022-11-24
6-5W,11.394366197183098,2022-11-24
6-5E,11.69815668202765,2022-11-24
22-2,25.744565217391305,2022-11-24
22-2,23.7,2022-11-24
22-2,27.82971014492753,2022-11-24
22-2,30.565,2022-11-24
,10.570532915360502,2022-11-24
,7.884723523898781,2022-11-24
,10.875481386392812,2022-11-24
,28.00313479623825,2022-11-24
,7.716400911161731,2022-11-24
,9.84822695035461,2022-11-24
,9.946959896507115,2022-11-24
,7.535248041775457,2022-11-24
,18.82608695652174,2022-11-24
23-1,27.31512415349887,2022-11-24
23-2,13.879901960784316,2022-11-24
34-2,15.941489361702128,2022-11-24
28-5,26.825214899713465,2022-11-24
28-4,3.5090909090909093,2022-11-24
38-7,3.229367088607595,2022-11-24
28-2,3.1053511705685617,2022-11-24
28-1,3.4657464212678937,2022-11-24
16-1,19.260646108663728,2022-11-24
4-2,20.56366004558776,2022-11-24
HansHerkert,24.101506740682,2022-11-26
YoloBasin,19.28148148148148,2022-11-26
HPond,20.610759493670887,2022-11-26
Lucky5,9.395542123158291,2022-11-26
76,52.95728643216081,2022-11-26
70,38.07865168539326,2022-11-26
71,12.54143365531266,2022-11-26
72,35.70705947748749,2022-11-26
64,35.8567454798331,2022-11-26
63,35.023866348448685,2022-11-26
Pond5,15.345052083333334,2022-11-26
Pond6,23.146482122260668,2022-11-26
Pond7,18.509893455098936,2022-11-26
Pond8,20.35239085239085,2022-11-26
Pond9,7.292410714285714,2022-11-26
Pond10,16.074501573976914,2022-11-26
Newstrom,3.802325581395349,2022-11-26
C300,2.31765992345544,2022-11-26
Souza1-4,3.524154589371981,2022-11-26
Souza106,2.5280701754385966,2022-11-26
Dingville1,2.034593209481102,2022-11-26
Dingville3,3.617501764290755,2022-11-26
Dingville4,2.76078914919852,2022-11-26
ShadyOaks(MichaelRue),2.890282131661442,2022-11-26
NorthCreekHouse(R&F Ranch),4.635340833884844,2022-11-26
RioOsoRanch(RioOso),28.26205191594561,2022-11-26
Bluebird(R&F RealEstate),13.161550888529886,2022-11-26
Morrison(MichaelRue),3.94918125352908,2022-11-26
Knaggs,13.238109133352786,2022-11-26
TuleBasin(Chesapeak),11.973861720067454,2022-11-26
TuleBasin,27.79221821099077,2022-11-26
CapOil,21.415118513773223,2022-11-26
TidesEnd,16.616326530612245,2022-11-26
Field 29C,2.0982599795291708,2022-11-26
Field 29B,2.322638146167558,2022-11-26
Field 29A,2.0975,2022-11-26
Field 25E,1.780977312390925,2022-11-26
Field 25D,2.180672268907563,2022-11-26
Field 25C,28.848142164781905,2022-11-26
Field 26EE,3.764578833693304,2022-11-26
Field 26CW,11.231808731808732,2022-11-26
Field 26D - 50% ONLY,21.054255319148936,2022-11-26
Field 18,3.7158859470468433,2022-11-26
Field 20A,5.314240672622176,2022-11-26
Field 20B,12.90037899296156,2022-11-26
Field 21,25.677728908436624,2022-11-26
Field and Tule,21.07600477516912,2022-11-26
055D,26.33139050791008,2022-11-26
055E,22.714517437145176,2022-11-26
056A,22.882207578253706,2022-11-26
056B,29.5969111969112,2022-11-26
056F,21.86567164179105,2022-11-26
056E,29.508032128514056,2022-11-26
056G,38.86966292134832,2022-11-26
056H,32.17093023255814,2022-11-26
056I,25.664335664335663,2022-11-26
056J,33.031374786081,2022-11-26
056K,30.615384615384617,2022-11-26
056L,33.30071174377224,2022-11-26
056M,53.589385474860336,2022-11-26
056N,32.976148409893995,2022-11-26
056P,31.486778846153847,2022-11-26
056Q,25.956268221574344,2022-11-26
061,34.21409921671018,2022-11-26
068B,37.578184110970994,2022-11-26
069A3,18.32938076416337,2022-11-26
069B,32.01422643746295,2022-11-26
069C,38.27460317460317,2022-11-26
072A,12.85950960901259,2022-11-26
072B,25.23227848101266,2022-11-26
076A1,3.68625678119349,2022-11-26
076A1,3.68625678119349,2022-11-26
076B,4.737344794651385,2022-11-26
076CW,4.514905149051491,2022-11-26
078A,28.3543990086741,2022-11-26
078B,27.453333333333333,2022-11-26
078C,28.73,2022-11-26
088,12.626067415730336,2022-11-26
089B,3.632768361581921,2022-11-26
089A,NA,2022-11-26
090A,2.649812734082397,2022-11-26
091A,4.106958762886598,2022-11-26
091B,3.652509652509652,2022-11-26
093A,7.507670850767085,2022-11-26
093B,17.931468531468532,2022-11-26
093C,21.04597701149425,2022-11-26
093D,19.042105263157893,2022-11-26
093E,18.992167101827675,2022-11-26
094B,16.504748982360923,2022-11-26
096AW2,29.58162428219852,2022-11-26
096AW1,31.27159468438538,2022-11-26
100A,24.547130068457083,2022-11-26
100B,29.566570881226053,2022-11-26
100C,24.579804560260587,2022-11-26
100DE,22.587128712871287,2022-11-26
100G,31.01023541453429,2022-11-26
100M1,6.693117408906883,2022-11-26
100N,28.87981651376147,2022-11-26
102D,28.40338164251208,2022-11-26
102G,26.593333333333334,2022-11-26
102J,23.900219298245613,2022-11-26
106H6,16.73611111111111,2022-11-26
106H3,31.55017301038062,2022-11-26
106H4,35.323076923076925,2022-11-26
106H2,18.294436906377204,2022-11-26
106H2,24.14444444444445,2022-11-26
110F,24.39712918660287,2022-11-26
110G,21.806010928961747,2022-11-26
110J,26.526629935720845,2022-11-26
110K,28.18422174840085,2022-11-26
110L,28.644074074074076,2022-11-26
111A,29.165236051502145,2022-11-26
111B,26.678807947019862,2022-11-26
111C,28.025440313111545,2022-11-26
111D,32.51462522851919,2022-11-26
111E,18.59666492965086,2022-11-26
111F,19.122520934332304,2022-11-26
111G,18.6335912608102,2022-11-26
111H,21.04188880426504,2022-11-26
111J,30.36852207293666,2022-11-26
111K,33.026785714285715,2022-11-26
116A,27.69453376205788,2022-11-26
116D,29.109832635983263,2022-11-26
131D,5.906824146981627,2022-11-26
131F,15.05181347150259,2022-11-26
192EN,24.58926080892608,2022-11-26
192ES,33.3470294280955,2022-11-26
203-42,28.71246006389776,2022-11-26
203-41,28.20805369127517,2022-11-26
205C,32.22136752136752,2022-11-26
205E,31.59899434318039,2022-11-26
205W,22.920609462710505,2022-11-26
206SW,22.62435677530017,2022-11-26
207E,34.833333333333336,2022-11-26
207W,29.93617021276596,2022-11-26
208E,28.81544117647059,2022-11-26
208W,26.205185185185183,2022-11-26
209E,25.49562937062937,2022-11-26
209W,25.8024948024948,2022-11-26
210E,30.569686411149824,2022-11-26
210W,26.07704402515723,2022-11-26
211E,32.300461361015,2022-11-26
211C,30.616710875331567,2022-11-26
211SE,28.49230769230769,2022-11-26
211SWE,31.65991902834008,2022-11-26
211SWW,31.88744588744589,2022-11-26
211W,36.2345945945946,2022-11-26
212E,32.80954935622318,2022-11-26
212W,30.5627027027027,2022-11-26
213E,16.645679839249834,2022-11-26
213W,28.82198246797033,2022-11-26
214E,33.30269058295964,2022-11-26
214W,35.01990632318501,2022-11-26
215E,32.43742098609355,2022-11-26
215W,32.07233502538071,2022-11-26
216E,29.578881206788186,2022-11-26
216W,27.46765249537893,2022-11-26
217E,29.840760869565216,2022-11-26
217W,29.84638196915777,2022-11-26
218E,27.57102433503113,2022-11-26
218W,35.93969555035129,2022-11-26
219E,30.08034528552457,2022-11-26
219W,29.66146540027137,2022-11-26
220E,31.67522658610272,2022-11-26
220W,28.025764895330116,2022-11-26
221E,30.607451763140386,2022-11-26
221S,36.9330655957162,2022-11-26
221W,30.904761904761905,2022-11-26
222E,31.444255800792305,2022-11-26
222W,32.92090395480226,2022-11-26
Barale,20.09375,2022-11-26
BorderTule,22.521158129175948,2022-11-26
8-4,2.929061784897025,2022-11-26
21-1,13.241331484049931,2022-11-26
21-2,14.222820236813778,2022-11-26
5-3,17.723225030084237,2022-11-26
5-2,4.076630778974034,2022-11-26
5-1,3.365617433414044,2022-11-26
32-3,4.133627019089574,2022-11-26
32-2,18.91744840525328,2022-11-26
32-1,16.25962596259626,2022-11-26
21-3,27.15017462165309,2022-11-26
21-4,9.227573182247404,2022-11-26
16-2,28.203106796116504,2022-11-26
9-1,30.17983565107459,2022-11-26
22-1,25.7987106017192,2022-11-26
31-1,21.91078355314197,2022-11-26
31-2,23.277008310249307,2022-11-26
27-2,19.769264641127258,2022-11-26
18-5,29.047516198704106,2022-11-26
24-1,21.241326530612245,2022-11-26
17-2,7.019015114578255,2022-11-26
Staten Island Pilot,6.416052733617681,2022-11-26
D1A_019,3.3404255319148937,2022-11-26
D1A_032,4.080949482653682,2022-11-26
D1A_050,2.8874643874643877,2022-11-26
D3__017,4.016223231667748,2022-11-26
D3__018,3.649319455564452,2022-11-26
D3__025,2.419959812458138,2022-11-26
D3__074,1.7252525252525253,2022-11-26
D3__080,2.7933993399339934,2022-11-26
D3__085,14.872218690400508,2022-11-26
D4__010,5.261465471797576,2022-11-26
D4__038,2.6527093596059115,2022-11-26
D4__039,2.0310435931307795,2022-11-26
D4__056,3.0249110320284696,2022-11-26
D4__060,3.100820633059789,2022-11-26
ROOS3,13.441394658753708,2022-11-26
ROOS2,14.843614718614718,2022-11-26
ROOS1,33.02708333333333,2022-11-26
TC014,26.79185520361991,2022-11-26
TC013,29.966649020645843,2022-11-26
TC015,29.29857397504456,2022-11-26
TC016,16.77071129707113,2022-11-26
TC012,13.154142581888246,2022-11-26
Knaggs_011,12.895841281953452,2022-11-26
Knaggs_010,16.71362799263352,2022-11-26
Knaggs_009,10.49648711943794,2022-11-26
TC022,4.731020942408377,2022-11-26
TC023,3.0994729907773384,2022-11-26
TC020,2.663854639844257,2022-11-26
TC005,0,2022-11-26
TC006,0,2022-11-26
TC007_008,0,2022-11-26
12-1,22.974248927038627,2022-11-26
24-2W,23.479768786127167,2022-11-26
7-1,30.24012638230648,2022-11-26
39-2,11.963488843813389,2022-11-26
15-3,2.3649564375605032,2022-11-26
10-4,NA,2022-11-26
6-4,21.32880434782609,2022-11-26
15-8,3.2755681818181817,2022-11-26
15-6,3.098445595854922,2022-11-26
4-1,32.41644277270285,2022-11-26
23-1,NA,2022-11-26
17-1,36.958,2022-11-26
1-3,25.06641000962464,2022-11-26
1-2,27.586440677966102,2022-11-26
13-1,27.85445205479452,2022-11-26
1-4,22.862582781456958,2022-11-26
36-2,24.679738562091504,2022-11-26
3-3/3-4,13.314044605183843,2022-11-26
39-4,15.94537037037037,2022-11-26
6-3,28.046511627906977,2022-11-26
15-1,6.153766769865841,2022-11-26
19-1,19.67142857142857,2022-11-26
24-2E,17.793333333333333,2022-11-26
18-6,29.86805555555556,2022-11-26
20-1,23.83255813953488,2022-11-26
,25.05921052631579,2022-11-26
13-3,28.249056603773585,2022-11-26
1-5,23.63984674329502,2022-11-26
36-2,19.7024,2022-11-26
10-2,14.287671232876711,2022-11-26
31-3,25.044398907103822,2022-11-26
31-3,24.9391592920354,2022-11-26
31-4,24.332,2022-11-26
24-2W,22.78497409326425,2022-11-26
17-3,32.33929483903935,2022-11-26
18-3,29.705215419501133,2022-11-26
13-2E,26.161363636363635,2022-11-26
13-5,26.427745664739884,2022-11-26
24-2W,14.045801526717558,2022-11-26
10-1,16.755140186915888,2022-11-26
3-1/3-2,18.69117647058824,2022-11-26
39-3,23.940993788819878,2022-11-26
6-2,26.64824120603015,2022-11-26
8-4,3.0556792873051224,2022-11-26
33-4,19.91134289439374,2022-11-26
16-3,29.862345679012343,2022-11-26
7-4,25.2299095263438,2022-11-26
20-2,23.16371158392435,2022-11-26
,17.175468483816015,2022-11-26
24-3,12.242138364779874,2022-11-26
24-4,14.44759206798867,2022-11-26
20-3,26.345926800472256,2022-11-26
13-7,30.896875,2022-11-26
7-2,27.762307692307694,2022-11-26
12-2,33.25876460767947,2022-11-26
,15.982456140350877,2022-11-26
15-3,22.06697819314642,2022-11-26
10-4,21.533980582524272,2022-11-26
33-2,27.623809523809523,2022-11-26
38-5,17.086882453151617,2022-11-26
18-2,27.288096607245546,2022-11-26
,11.34016393442623,2022-11-26
18-1,19.40156862745098,2022-11-26
13-2W,23.5608214849921,2022-11-26
7-5,24.71701913393756,2022-11-26
,4.666666666666667,2022-11-26
13-6,29.37142857142857,2022-11-26
39-1,9.564873417721518,2022-11-26
15-2,11.11272515979082,2022-11-26
31-4,23.945205479452056,2022-11-26
9-2,13.01986970684039,2022-11-26
8-2,32.1273381294964,2022-11-26
27-1,18.06522625356706,2022-11-26
7-3,26.588553750966742,2022-11-26
19-2,22.150943396226417,2022-11-26
38-0,18.580782918149467,2022-11-26
,10.560386473429952,2022-11-26
39-3,25.5188679245283,2022-11-26
39-5,25.168316831683168,2022-11-26
39-5,26.38470588235294,2022-11-26
,17.27777777777778,2022-11-26
38-6,22.71981776765376,2022-11-26
8-3,26.960162601626017,2022-11-26
22-2,25.25333333333333,2022-11-26
22-2,25.166666666666668,2022-11-26
22-2,24.79861111111111,2022-11-26
19-1,22.982857142857146,2022-11-26
19-1,21.0431654676259,2022-11-26
19-1,23.67843137254902,2022-11-26
19-1,23.897338403041825,2022-11-26
19-1,24.966911764705884,2022-11-26
19-1,26.54679802955665,2022-11-26
19-1,25.944444444444443,2022-11-26
19-1,19.97142857142857,2022-11-26
19-1,28.892857142857142,2022-11-26
19-1,20.47037037037037,2022-11-26
24-2E,27.933753943217667,2022-11-26
24-3,12.732044198895029,2022-11-26
24-3,11.557377049180328,2022-11-26
24-4,13.64507042253521,2022-11-26
24-4,13.407017543859649,2022-11-26
19-2,19.24342928660826,2022-11-26
,21.844444444444445,2022-11-26
36-1,13.246376811594205,2022-11-26
36-1,12.887254901960784,2022-11-26
36-3,21.131782945736436,2022-11-26
23-1,NA,2022-11-26
6-3,25.76595744680851,2022-11-26
6-3,26.14754098360656,2022-11-26
39-3,25.391666666666666,2022-11-26
6-3,25.01333333333333,2022-11-26
6-3,26.505434782608692,2022-11-26
6-4,19.90322580645161,2022-11-26
6-5W,12.900469483568076,2022-11-26
6-5E,15.018433179723502,2022-11-26
22-2,21.472826086956523,2022-11-26
22-2,25.882142857142856,2022-11-26
22-2,25.565217391304348,2022-11-26
22-2,28.835,2022-11-26
,11.879832810867294,2022-11-26
,9.690721649484535,2022-11-26
,11.033376123234916,2022-11-26
,26.191222570532915,2022-11-26
,9.567198177676538,2022-11-26
,11.994326241134752,2022-11-26
,11.588615782664942,2022-11-26
,9.128807658833768,2022-11-26
,22.96273291925466,2022-11-26
23-1,23.320541760722342,2022-11-26
23-2,14.997549019607844,2022-11-26
34-2,17.356382978723403,2022-11-26
28-5,22.675740210124165,2022-11-26
28-4,3.85,2022-11-26
38-7,3.017721518987342,2022-11-26
28-2,2.7759197324414715,2022-11-26
28-1,3.4544989775051125,2022-11-26
16-1,22.17694566813509,2022-11-26
4-2,17.815695213285576,2022-11-26
HansHerkert,20.69918054454137,2022-12-01
YoloBasin,18.724074074074075,2022-12-01
HPond,26.073417721518982,2022-12-01
Lucky5,13.237627502833396,2022-12-01
76,36.0356783919598,2022-12-01
70,31.89752808988764,2022-12-01
71,9.61514997458058,2022-12-01
72,30.2295719844358,2022-12-01
64,30.159944367176635,2022-12-01
63,30.062052505966587,2022-12-01
Pond5,22.151041666666668,2022-12-01
Pond6,26.70011534025375,2022-12-01
Pond7,21.449010654490102,2022-12-01
Pond8,24.23388773388773,2022-12-01
Pond9,10.227678571428571,2022-12-01
Pond10,20.74186778593914,2022-12-01
Newstrom,8.06266149870801,2022-12-01
C300,8.408419901585566,2022-12-01
Souza1-4,8.223027375201289,2022-12-01
Souza106,7.012280701754386,2022-12-01
Dingville1,6.750160153747598,2022-12-01
Dingville3,7.355681016231474,2022-12-01
Dingville4,7.372996300863132,2022-12-01
ShadyOaks(MichaelRue),4.8652037617554855,2022-12-01
NorthCreekHouse(R&F Ranch),8.307743216412971,2022-12-01
RioOsoRanch(RioOso),36.24474660074166,2022-12-01
Bluebird(R&F RealEstate),6.429186860527733,2022-12-01
Morrison(MichaelRue),7.474308300395257,2022-12-01
Knaggs,15.891450248030347,2022-12-01
TuleBasin(Chesapeak),15.766020236087687,2022-12-01
TuleBasin,20.51263537906137,2022-12-01
CapOil,19.346893017296605,2022-12-01
TidesEnd,22.56780045351474,2022-12-01
Field 29C,5.115660184237462,2022-12-01
Field 29B,5.144385026737968,2022-12-01
Field 29A,5.401666666666666,2022-12-01
Field 25E,5.143979057591623,2022-12-01
Field 25D,5.220168067226891,2022-12-01
Field 25C,16.862681744749597,2022-12-01
Field 26EE,5.816414686825054,2022-12-01
Field 26CW,9.546777546777546,2022-12-01
Field 26D - 50% ONLY,20.445744680851064,2022-12-01
Field 18,5.388492871690428,2022-12-01
Field 20A,5.507094062007357,2022-12-01
Field 20B,10.967514889009204,2022-12-01
Field 21,20.34106357457017,2022-12-01
Field and Tule,31.799044966175884,2022-12-01
055D,23.38384679433805,2022-12-01
055E,17.504460665044608,2022-12-01
056A,18.41515650741351,2022-12-01
056B,23.784555984555983,2022-12-01
056F,16.53663500678426,2022-12-01
056E,30.949799196787147,2022-12-01
056G,27.751685393258427,2022-12-01
056H,29.73779069767442,2022-12-01
056I,26.8986013986014,2022-12-01
056J,22.28807758128922,2022-12-01
056K,19.58328285887341,2022-12-01
056L,25.32858837485172,2022-12-01
056M,27.673882681564248,2022-12-01
056N,28.4178445229682,2022-12-01
056P,26.00721153846154,2022-12-01
056Q,24.41545189504373,2022-12-01
061,27.93211488250653,2022-12-01
068B,42.57629255989912,2022-12-01
069A3,13.089591567852436,2022-12-01
069B,26.22525192649674,2022-12-01
069C,28.1989417989418,2022-12-01
072A,29.620941020543405,2022-12-01
072B,33.80379746835443,2022-12-01
076A1,6.863471971066907,2022-12-01
076A1,6.863471971066907,2022-12-01
076B,8.890162368672398,2022-12-01
076CW,6.53929539295393,2022-12-01
078A,36.74039653035936,2022-12-01
078B,37.922666666666665,2022-12-01
078C,34.4025,2022-12-01
088,17.154157303370788,2022-12-01
089B,6.711864406779661,2022-12-01
089A,NA,2022-12-01
090A,3.940074906367041,2022-12-01
091A,5.972938144329897,2022-12-01
091B,6.819176319176319,2022-12-01
093A,5.364016736401673,2022-12-01
093B,17.972027972027973,2022-12-01
093C,21.300202839756597,2022-12-01
093D,20.29934210526316,2022-12-01
093E,21.02415143603133,2022-12-01
094B,11.846336499321572,2022-12-01
096AW2,25.39540607054963,2022-12-01
096AW1,28.43106312292359,2022-12-01
100A,23.063191153238545,2022-12-01
100B,30.783045977011493,2022-12-01
100C,24.364820846905538,2022-12-01
100DE,22.266996699669967,2022-12-01
100G,22.97134083930399,2022-12-01
100M1,4.970040485829959,2022-12-01
100N,30.371559633027523,2022-12-01
102D,24.864734299516908,2022-12-01
102G,22.953939393939397,2022-12-01
102J,21.07236842105263,2022-12-01
106H6,14.094444444444443,2022-12-01
106H3,20.060553633217992,2022-12-01
106H4,17.244444444444444,2022-12-01
106H2,12.915875169606512,2022-12-01
106H2,16.83888888888889,2022-12-01
110F,25.510047846889957,2022-12-01
110G,24.549180327868854,2022-12-01
110J,27.248393021120293,2022-12-01
110K,29.202558635394457,2022-12-01
110L,28.745555555555555,2022-12-01
111A,26.63304721030043,2022-12-01
111B,26.520971302428254,2022-12-01
111C,27.98238747553816,2022-12-01
111D,31.09506398537477,2022-12-01
111E,16.97342365815529,2022-12-01
111F,15.873071837814017,2022-12-01
111G,15.905325443786982,2022-12-01
111H,18.67936024371668,2022-12-01
111J,31.99616122840691,2022-12-01
111K,35.895833333333336,2022-12-01
116A,25.559485530546624,2022-12-01
116D,27.22489539748954,2022-12-01
131D,6.856955380577428,2022-12-01
131F,15.150259067357512,2022-12-01
192EN,20.326359832635983,2022-12-01
192ES,27.538034425319267,2022-12-01
203-42,27.644568690095845,2022-12-01
203-41,28.321537522879805,2022-12-01
205C,30.65897435897436,2022-12-01
205E,29.43243243243243,2022-12-01
205W,15.18925421010425,2022-12-01
206SW,15.689536878216124,2022-12-01
207E,23.26010101010101,2022-12-01
207W,27.43026004728132,2022-12-01
208E,28.28455882352941,2022-12-01
208W,25.276296296296294,2022-12-01
209E,26.902097902097903,2022-12-01
209W,22.652806652806653,2022-12-01
210E,30.11149825783972,2022-12-01
210W,22.80817610062893,2022-12-01
211E,29.74971164936563,2022-12-01
211C,27.98209549071618,2022-12-01
211SE,24.98846153846154,2022-12-01
211SWE,30.1336032388664,2022-12-01
211SWW,29.17748917748918,2022-12-01
211W,28.392972972972974,2022-12-01
212E,28.516630901287552,2022-12-01
212W,26.45081081081081,2022-12-01
213E,13.761553918285331,2022-12-01
213W,24.95414699932569,2022-12-01
214E,27.423766816143495,2022-12-01
214W,28.35831381733021,2022-12-01
215E,27.56637168141593,2022-12-01
215W,28.47081218274112,2022-12-01
216E,26.578252671275926,2022-12-01
216W,24.253234750462106,2022-12-01
217E,25.838586956521738,2022-12-01
217W,25.206405693950177,2022-12-01
218E,23.942275042444823,2022-12-01
218W,27.943208430913348,2022-12-01
219E,23.894422310756973,2022-12-01
219W,26.471506105834465,2022-12-01
220E,26.5392749244713,2022-12-01
220W,27.531400966183572,2022-12-01
221E,27.3666001330672,2022-12-01
221S,29.84069611780455,2022-12-01
221W,26.205738705738707,2022-12-01
222E,25.443123938879456,2022-12-01
222W,26.961016949152544,2022-12-01
Barale,28.546875,2022-12-01
BorderTule,19.39238712289937,2022-12-01
8-4,6.086956521739131,2022-12-01
21-1,7.2505779010633375,2022-12-01
21-2,8.47416576964478,2022-12-01
5-3,13.229843561973526,2022-12-01
5-2,7.095630145661811,2022-12-01
5-1,6.765133171912833,2022-12-01
32-3,7.401370533529124,2022-12-01
32-2,19.063164477798622,2022-12-01
32-1,10.586358635863586,2022-12-01
21-3,39.67287543655413,2022-12-01
21-4,6.949008498583569,2022-12-01
16-2,34.68233009708738,2022-12-01
9-1,43.45006321112516,2022-12-01
22-1,46.18409742120344,2022-12-01
31-1,22.65321955003879,2022-12-01
31-2,24.852493074792243,2022-12-01
27-2,34.612505504183176,2022-12-01
18-5,31.73218142548596,2022-12-01
24-1,23.54183673469388,2022-12-01
17-2,6.421745490004875,2022-12-01
Staten Island Pilot,8.043427685149283,2022-12-01
D1A_019,6.651694247438928,2022-12-01
D1A_032,7.794278758368837,2022-12-01
D1A_050,6.0997150997151,2022-12-01
D3__017,6.051265412070085,2022-12-01
D3__018,6.66373098478783,2022-12-01
D3__025,7.230408573342264,2022-12-01
D3__074,6.3858585858585855,2022-12-01
D3__080,5.971617161716171,2022-12-01
D3__085,15.84170375079466,2022-12-01
D4__010,10.405376910911968,2022-12-01
D4__038,7.650246305418719,2022-12-01
D4__039,6.487450462351387,2022-12-01
D4__056,6.965302491103203,2022-12-01
D4__060,6.559202813599062,2022-12-01
ROOS3,11.289812067260138,2022-12-01
ROOS2,15.785714285714286,2022-12-01
ROOS1,40.10625,2022-12-01
TC014,23.35972850678733,2022-12-01
TC013,28.05611434621493,2022-12-01
TC015,27.876114081996437,2022-12-01
TC016,16.702092050209206,2022-12-01
TC012,12.927552986512524,2022-12-01
Knaggs_011,11.726440289965662,2022-12-01
Knaggs_010,27.57734806629834,2022-12-01
Knaggs_009,9.429508196721311,2022-12-01
TC022,7.18782722513089,2022-12-01
TC023,7.3603425559947295,2022-12-01
TC020,7.44905905256327,2022-12-01
TC005,0,2022-12-01
TC006,0,2022-12-01
TC007_008,0,2022-12-01
12-1,16.931330472103003,2022-12-01
24-2W,24.302504816955683,2022-12-01
7-1,30.35703001579779,2022-12-01
39-2,12.30628803245436,2022-12-01
15-3,4.894482090997096,2022-12-01
10-4,NA,2022-12-01
6-4,14.665760869565217,2022-12-01
15-8,6.5227272727272725,2022-12-01
15-6,6.953367875647668,2022-12-01
4-1,42.52498656636217,2022-12-01
23-1,NA,2022-12-01
17-1,20.8805,2022-12-01
1-3,27.66313763233879,2022-12-01
1-2,25.15141242937853,2022-12-01
13-1,26.69691780821918,2022-12-01
1-4,13.526490066225165,2022-12-01
36-2,27.38235294117647,2022-12-01
3-3/3-4,10.004822182037373,2022-12-01
39-4,17.441666666666666,2022-12-01
6-3,28.55813953488372,2022-12-01
15-1,5.831785345717234,2022-12-01
19-1,23.957142857142856,2022-12-01
24-2E,15.676666666666666,2022-12-01
18-6,32.61805555555556,2022-12-01
20-1,27.04069767441861,2022-12-01
,19.210526315789476,2022-12-01
13-3,30.800943396226412,2022-12-01
1-5,25.021072796934867,2022-12-01
36-2,19.5344,2022-12-01
10-2,13.38454011741683,2022-12-01
31-3,26.73087431693989,2022-12-01
31-3,27.110066371681416,2022-12-01
31-4,26.308,2022-12-01
24-2W,26.121761658031087,2022-12-01
17-3,20.1691364333163,2022-12-01
18-3,35.79251700680272,2022-12-01
13-2E,25.33712121212121,2022-12-01
13-5,28.94942196531792,2022-12-01
24-2W,15.412213740458014,2022-12-01
10-1,24.927102803738322,2022-12-01
3-1/3-2,22.093837535014007,2022-12-01
39-3,32.006211180124225,2022-12-01
6-2,32.62311557788945,2022-12-01
8-4,6.2694877505567925,2022-12-01
33-4,21.297262059973924,2022-12-01
16-3,37.0679012345679,2022-12-01
7-4,30.361894624800424,2022-12-01
20-2,25.0354609929078,2022-12-01
,26.540034071550256,2022-12-01
24-3,13.930817610062894,2022-12-01
24-4,13.541076487252123,2022-12-01
20-3,30.52833530106257,2022-12-01
13-7,34.6875,2022-12-01
7-2,28.61692307692308,2022-12-01
12-2,28.819699499165274,2022-12-01
,15.947368421052632,2022-12-01
15-3,38.35098650051921,2022-12-01
10-4,22.00762829403606,2022-12-01
33-2,31.29047619047619,2022-12-01
38-5,19.23168654173765,2022-12-01
18-2,30.8205865439908,2022-12-01
,9.13934426229508,2022-12-01
18-1,17.44705882352941,2022-12-01
13-2W,18.86729857819905,2022-12-01
7-5,29.51560926485398,2022-12-01
,7.368686868686868,2022-12-01
13-6,32.88,2022-12-01
39-1,9.960443037974684,2022-12-01
15-2,9.278907611853574,2022-12-01
31-4,24.17351598173516,2022-12-01
9-2,10.427035830618893,2022-12-01
8-2,41.776978417266186,2022-12-01
27-1,34.72278842233999,2022-12-01
7-3,31.657772621809745,2022-12-01
19-2,28.04245283018868,2022-12-01
38-0,20.24341637010676,2022-12-01
,9.082125603864734,2022-12-01
39-3,32.948113207547166,2022-12-01
39-5,36.495049504950494,2022-12-01
39-5,36.64588235294118,2022-12-01
,19.88888888888889,2022-12-01
38-6,30.06985573272589,2022-12-01
8-3,32.389024390243904,2022-12-01
22-2,38.735,2022-12-01
22-2,51.15196078431372,2022-12-01
22-2,51.458333333333336,2022-12-01
19-1,25.274285714285718,2022-12-01
19-1,24.046762589928058,2022-12-01
19-1,26.580392156862747,2022-12-01
19-1,29.011406844106464,2022-12-01
19-1,28.00367647058824,2022-12-01
19-1,27.75862068965517,2022-12-01
19-1,26.11851851851852,2022-12-01
19-1,22.33333333333333,2022-12-01
19-1,22.84285714285714,2022-12-01
19-1,22.32962962962963,2022-12-01
24-2E,27.43217665615142,2022-12-01
24-3,14.149171270718233,2022-12-01
24-3,12.770491803278688,2022-12-01
24-4,13.492957746478874,2022-12-01
24-4,12.947368421052632,2022-12-01
19-2,22.03942428035044,2022-12-01
,20.6,2022-12-01
36-1,12.63768115942029,2022-12-01
36-1,14.279411764705882,2022-12-01
36-3,18.635658914728683,2022-12-01
23-1,NA,2022-12-01
6-3,26.872340425531917,2022-12-01
6-3,29.09016393442623,2022-12-01
39-3,32.99166666666667,2022-12-01
6-3,28.58,2022-12-01
6-3,26.945652173913043,2022-12-01
6-4,13.987903225806452,2022-12-01
6-5W,11.726760563380282,2022-12-01
6-5E,9.61520737327189,2022-12-01
22-2,35.31521739130435,2022-12-01
22-2,37.332142857142856,2022-12-01
22-2,40.844202898550726,2022-12-01
22-2,50,2022-12-01
,10.646812957157785,2022-12-01
,10.52389878163074,2022-12-01
,8.905006418485238,2022-12-01
,25.572100313479623,2022-12-01
,9.620728929384963,2022-12-01
,11.733333333333333,2022-12-01
,11.579560155239328,2022-12-01
,8.762402088772847,2022-12-01
,16.339544513457557,2022-12-01
23-1,58.05530474040632,2022-12-01
23-2,11.693627450980392,2022-12-01
34-2,13.840425531914894,2022-12-01
28-5,31.645654250238778,2022-12-01
28-4,6.884415584415584,2022-12-01
38-7,6.270886075949367,2022-12-01
28-2,5.884615384615385,2022-12-01
28-1,6.279652351738242,2022-12-01
16-1,15.483113069016152,2022-12-01
4-2,19.954086616737214,2022-12-01
HansHerkert,75.60296061326989,2022-12-06
YoloBasin,17.979166666666668,2022-12-06
HPond,21.67299578059072,2022-12-06
Lucky5,9.91650925576124,2022-12-06
76,57.67537688442211,2022-12-06
70,105.36853932584268,2022-12-06
71,7.450432130147432,2022-12-06
72,58.97387437465258,2022-12-06
64,99.87552155771904,2022-12-06
63,103.87649164677804,2022-12-06
Pond5,14.1953125,2022-12-06
Pond6,21.87543252595156,2022-12-06
Pond7,16.555555555555557,2022-12-06
Pond8,18.971933471933472,2022-12-06
Pond9,8.348214285714286,2022-12-06
Pond10,19.99685204616999,2022-12-06
Newstrom,3.5155038759689923,2022-12-06
C300,4.325314379442318,2022-12-06
Souza1-4,5.206924315619967,2022-12-06
Souza106,3.2552631578947366,2022-12-06
Dingville1,2.150544522741832,2022-12-06
Dingville3,3.3895553987297107,2022-12-06
Dingville4,2.689272503082614,2022-12-06
ShadyOaks(MichaelRue),2.5752351097178683,2022-12-06
NorthCreekHouse(R&F Ranch),5.455327597617472,2022-12-06
RioOsoRanch(RioOso),28.353522867737947,2022-12-06
Bluebird(R&F RealEstate),2.8196015078082928,2022-12-06
Morrison(MichaelRue),4.128176171654433,2022-12-06
Knaggs,45.891596148234605,2022-12-06
TuleBasin(Chesapeak),12.177908937605396,2022-12-06
TuleBasin,29.20216606498195,2022-12-06
CapOil,17.659192825112108,2022-12-06
TidesEnd,16.521541950113377,2022-12-06
Field 29C,4.700102354145343,2022-12-06
Field 29B,4.085561497326204,2022-12-06
Field 29A,4.358333333333333,2022-12-06
Field 25E,3.5715532286212914,2022-12-06
Field 25D,3.5747899159663867,2022-12-06
Field 25C,34.6453957996769,2022-12-06
Field 26EE,8.760259179265658,2022-12-06
Field 26CW,26.87422037422037,2022-12-06
Field 26D - 50% ONLY,55.43936170212766,2022-12-06
Field 18,6.556008146639512,2022-12-06
Field 20A,6.393063583815029,2022-12-06
Field 20B,5.990254466702761,2022-12-06
Field 21,27.183526589364256,2022-12-06
Field and Tule,23.022284122562677,2022-12-06
055D,62.95920066611157,2022-12-06
055E,49.8029197080292,2022-12-06
056A,44.137561779242176,2022-12-06
056B,71.35444015444016,2022-12-06
056F,50.66417910447761,2022-12-06
056E,66.98259705488621,2022-12-06
056G,81.38202247191012,2022-12-06
056H,69.1343023255814,2022-12-06
056I,76.16550116550117,2022-12-06
056J,41.06902452937821,2022-12-06
056K,36.50938824954573,2022-12-06
056L,76.52846975088968,2022-12-06
056M,121.78491620111733,2022-12-06
056N,92.92402826855124,2022-12-06
056P,73.80408653846153,2022-12-06
056Q,63.84256559766764,2022-12-06
061,86.70496083550914,2022-12-06
068B,93.0094577553594,2022-12-06
069A3,41.93675889328063,2022-12-06
069B,67.98992294013041,2022-12-06
069C,72.51481481481481,2022-12-06
072A,108.2107355864811,2022-12-06
072B,95.3481012658228,2022-12-06
076A1,69.82820976491863,2022-12-06
076A1,69.82820976491863,2022-12-06
076B,64.35434574976122,2022-12-06
076CW,10.586269196025292,2022-12-06
078A,80.75960346964064,2022-12-06
078B,82.50266666666667,2022-12-06
078C,75.175,2022-12-06
088,38.2247191011236,2022-12-06
089B,24.10960451977401,2022-12-06
089A,NA,2022-12-06
090A,8.57865168539326,2022-12-06
091A,10.003865979381445,2022-12-06
091B,9.687258687258687,2022-12-06
093A,7.467224546722455,2022-12-06
093B,47.09230769230769,2022-12-06
093C,57.26977687626775,2022-12-06
093D,53.15723684210526,2022-12-06
093E,51.027415143603136,2022-12-06
094B,28.541723202170964,2022-12-06
096AW2,67.43314191960623,2022-12-06
096AW1,75.05232558139535,2022-12-06
100A,83.66929963138494,2022-12-06
100B,125.70114942528735,2022-12-06
100C,81.15309446254072,2022-12-06
100DE,69.26402640264027,2022-12-06
100G,55.634595701125896,2022-12-06
100M1,9.262348178137652,2022-12-06
100N,94.07798165137616,2022-12-06
102D,66.05615942028986,2022-12-06
102G,67.6290909090909,2022-12-06
102J,60.72368421052632,2022-12-06
106H6,39.45555555555556,2022-12-06
106H3,76.05882352941177,2022-12-06
106H4,53.59145299145299,2022-12-06
106H2,43.66078697421981,2022-12-06
106H2,54.72222222222222,2022-12-06
110F,72.66985645933015,2022-12-06
110G,68.70628415300547,2022-12-06
110J,74.72910927456383,2022-12-06
110K,82.00127931769723,2022-12-06
110L,78.8,2022-12-06
111A,83.568669527897,2022-12-06
111B,89.46136865342163,2022-12-06
111C,87.76320939334639,2022-12-06
111D,97.11882998171846,2022-12-06
111E,66.93017196456488,2022-12-06
111F,66.9669457910974,2022-12-06
111G,67.91624943104233,2022-12-06
111H,60.9025133282559,2022-12-06
111J,93.00575815738964,2022-12-06
111K,101.66369047619048,2022-12-06
116A,59.27331189710611,2022-12-06
116D,76.67991631799163,2022-12-06
131D,15.91994750656168,2022-12-06
131F,22.094559585492227,2022-12-06
192EN,54.63319386331938,2022-12-06
192ES,85.6329816768462,2022-12-06
203-42,67.83386581469648,2022-12-06
203-41,68.70408785845028,2022-12-06
205C,83.28461538461538,2022-12-06
205E,86.17536140791955,2022-12-06
205W,33.29430633520449,2022-12-06
206SW,37.74271012006861,2022-12-06
207E,29.52441077441077,2022-12-06
207W,64.672182821119,2022-12-06
208E,65.6470588235294,2022-12-06
208W,65.91703703703703,2022-12-06
209E,68.88286713286713,2022-12-06
209W,64.92619542619542,2022-12-06
210E,68.81445993031359,2022-12-06
210W,73.36477987421384,2022-12-06
211E,79.26701268742791,2022-12-06
211C,73.0523872679045,2022-12-06
211SE,72.56923076923077,2022-12-06
211SWE,69.97570850202429,2022-12-06
211SWW,82.5021645021645,2022-12-06
211W,86.60432432432432,2022-12-06
212E,83.55793991416309,2022-12-06
212W,73.61567567567567,2022-12-06
213E,33.24313462826524,2022-12-06
213W,70.61901550910316,2022-12-06
214E,77.5201793721973,2022-12-06
214W,77.88173302107728,2022-12-06
215E,75.42225031605562,2022-12-06
215W,72.83121827411168,2022-12-06
216E,71.87932118164676,2022-12-06
216W,63.18052988293284,2022-12-06
217E,75.42065217391304,2022-12-06
217W,73.75978647686833,2022-12-06
218E,74.00339558573855,2022-12-06
218W,81.78395784543325,2022-12-06
219E,68.32868525896414,2022-12-06
219W,67.57801899592944,2022-12-06
220E,76.87764350453172,2022-12-06
220W,59.37359098228664,2022-12-06
221E,66.18163672654691,2022-12-06
221S,87.4136546184739,2022-12-06
221W,65.86019536019536,2022-12-06
222E,72.13242784380306,2022-12-06
222W,75.01468926553672,2022-12-06
Barale,23.5234375,2022-12-06
BorderTule,18.17756630896943,2022-12-06
8-4,7.606407322654462,2022-12-06
21-1,9.053629218677765,2022-12-06
21-2,8.309472551130247,2022-12-06
5-3,33.560770156438025,2022-12-06
5-2,7.79290690310323,2022-12-06
5-1,6.932808716707021,2022-12-06
32-3,6.586392559960842,2022-12-06
32-2,66.01563477173234,2022-12-06
32-1,24.04620462046205,2022-12-06
21-3,83.42724097788125,2022-12-06
21-4,6.897072710103871,2022-12-06
16-2,89.96660194174757,2022-12-06
9-1,96.78761061946902,2022-12-06
22-1,95.6310888252149,2022-12-06
31-1,75.90535298681148,2022-12-06
31-2,87.03047091412742,2022-12-06
27-2,64.9564068692206,2022-12-06
18-5,90.36933045356372,2022-12-06
24-1,59.10612244897959,2022-12-06
17-2,6.903949293027791,2022-12-06
Staten Island Pilot,0,2022-12-06
D1A_019,3.119779353821907,2022-12-06
D1A_032,6.994522215459526,2022-12-06
D1A_050,6.654795821462488,2022-12-06
D3__017,7.3595068137573,2022-12-06
D3__018,8.404323458767013,2022-12-06
D3__025,7.575351640991292,2022-12-06
D3__074,6.428282828282828,2022-12-06
D3__080,8.126072607260726,2022-12-06
D3__085,6.689129052765416,2022-12-06
D4__010,6.928835002635741,2022-12-06
D4__038,5.609605911330049,2022-12-06
D4__039,5.667107001321004,2022-12-06
D4__056,8.137900355871887,2022-12-06
D4__060,7.881594372801875,2022-12-06
ROOS3,24.280168150346192,2022-12-06
ROOS2,18.560606060606062,2022-12-06
ROOS1,27.70208333333333,2022-12-06
TC014,66.27828054298642,2022-12-06
TC013,86.40232927474854,2022-12-06
TC015,73.85828877005348,2022-12-06
TC016,34.96485355648536,2022-12-06
TC012,35.00693641618497,2022-12-06
Knaggs_011,25.30637161388783,2022-12-06
Knaggs_010,96.3720073664825,2022-12-06
Knaggs_009,21.198126463700238,2022-12-06
TC022,6.307591623036649,2022-12-06
TC023,7.4393939393939394,2022-12-06
TC020,3.035042180402336,2022-12-06
TC005,0,2022-12-06
TC006,0,2022-12-06
TC007_008,0,2022-12-06
12-1,41.85407725321888,2022-12-06
24-2W,69.28709055876686,2022-12-06
7-1,82.3830963665087,2022-12-06
39-2,48.36105476673428,2022-12-06
15-3,5.920619554695063,2022-12-06
10-4,NA,2022-12-06
6-4,33.20108695652174,2022-12-06
15-8,5.744318181818182,2022-12-06
15-6,6.015544041450777,2022-12-06
4-1,32.42826437399248,2022-12-06
23-1,NA,2022-12-06
17-1,44.8385,2022-12-06
1-3,81.55052935514918,2022-12-06
1-2,56.58079096045198,2022-12-06
13-1,77.83732876712328,2022-12-06
1-4,27.71523178807947,2022-12-06
36-2,102.6078431372549,2022-12-06
3-3/3-4,20.01084990958409,2022-12-06
39-4,57.35462962962963,2022-12-06
6-3,72.43798449612403,2022-12-06
15-1,5.869969040247678,2022-12-06
19-1,57.625,2022-12-06
24-2E,32.973333333333336,2022-12-06
18-6,91.32638888888889,2022-12-06
20-1,65.52325581395348,2022-12-06
,38.51973684210526,2022-12-06
13-3,77.5433962264151,2022-12-06
1-5,69.56130268199233,2022-12-06
36-2,27.5344,2022-12-06
10-2,25.069471624266143,2022-12-06
31-3,84.9207650273224,2022-12-06
31-3,82.991703539823,2022-12-06
31-4,72.58,2022-12-06
24-2W,75.34196891191709,2022-12-06
17-3,6.871231476750128,2022-12-06
18-3,89.36961451247166,2022-12-06
13-2E,58.875,2022-12-06
13-5,69.07514450867052,2022-12-06
24-2W,24.05916030534351,2022-12-06
10-1,11.833644859813084,2022-12-06
3-1/3-2,46.37464985994398,2022-12-06
39-3,196.8416149068323,2022-12-06
6-2,78.31658291457286,2022-12-06
8-4,7.708240534521158,2022-12-06
33-4,59.90221642764016,2022-12-06
16-3,86.78024691358024,2022-12-06
7-4,84.73230441724321,2022-12-06
20-2,62.842789598108745,2022-12-06
,19.672913117546848,2022-12-06
24-3,21.51572327044025,2022-12-06
24-4,24.93201133144476,2022-12-06
20-3,71.32939787485242,2022-12-06
13-7,94.45,2022-12-06
7-2,95.4376923076923,2022-12-06
12-2,83.08347245409016,2022-12-06
,53.953216374269005,2022-12-06
15-3,61.84735202492212,2022-12-06
10-4,27.787794729542306,2022-12-06
33-2,96.93015873015872,2022-12-06
38-5,61.87904599659284,2022-12-06
18-2,78.52673950546291,2022-12-06
,6.770491803278689,2022-12-06
18-1,33.169411764705885,2022-12-06
13-2W,47.99052132701422,2022-12-06
7-5,81.84390735146022,2022-12-06
,6.358585858585859,2022-12-06
13-6,100.44,2022-12-06
39-1,40.36392405063291,2022-12-06
15-2,5.8390470656595,2022-12-06
31-4,80.71689497716895,2022-12-06
9-2,25.098371335504886,2022-12-06
8-2,118.03093525179855,2022-12-06
27-1,62.14553607827151,2022-12-06
7-3,91.50348027842227,2022-12-06
19-2,59.49123989218329,2022-12-06
38-0,171.40782918149466,2022-12-06
,20.90338164251208,2022-12-06
39-3,191.11320754716985,2022-12-06
39-5,205.3861386138614,2022-12-06
39-5,194.35764705882352,2022-12-06
,69.25,2022-12-06
38-6,69.063781321184507,2022-12-06
8-3,70.44349593495934,2022-12-06
22-2,67.16833333333334,2022-12-06
22-2,80.99509803921569,2022-12-06
22-2,85.63888888888889,2022-12-06
19-1,58.417142857142856,2022-12-06
19-1,61.72302158273381,2022-12-06
19-1,60.34901960784314,2022-12-06
19-1,60.36501901140685,2022-12-06
19-1,65.06985294117646,2022-12-06
19-1,62.78817733990148,2022-12-06
19-1,62.75185185185185,2022-12-06
19-1,56.82857142857143,2022-12-06
19-1,58.57857142857143,2022-12-06
19-1,59.18518518518518,2022-12-06
24-2E,72.91482649842271,2022-12-06
24-3,23.823204419889503,2022-12-06
24-3,23.249180327868853,2022-12-06
24-4,23.369014084507043,2022-12-06
24-4,22.996491228070177,2022-12-06
19-2,50.08010012515645,2022-12-06
,33.4,2022-12-06
36-1,47.38164251207729,2022-12-06
36-1,52.84313725490196,2022-12-06
36-3,108.96899224806202,2022-12-06
23-1,NA,2022-12-06
6-3,70.92553191489361,2022-12-06
6-3,75.31147540983606,2022-12-06
39-3,190.44166666666663,2022-12-06
6-3,85.6,2022-12-06
6-3,85.40217391304348,2022-12-06
6-4,28.012096774193548,2022-12-06
6-5W,25.676056338028168,2022-12-06
6-5E,21.53917050691244,2022-12-06
22-2,66.92934782608695,2022-12-06
22-2,65.73928571428571,2022-12-06
22-2,70.2536231884058,2022-12-06
22-2,82.325,2022-12-06
,22.938349007314525,2022-12-06
,17.39268978444236,2022-12-06
,19.97946084724005,2022-12-06
,107.01567398119124,2022-12-06
,14.315489749430524,2022-12-06
,24.06524822695036,2022-12-06
,18.157826649417853,2022-12-06
,13.24804177545692,2022-12-06
,42.298136645962735,2022-12-06
23-1,85.87133182844244,2022-12-06
23-2,14.16421568627451,2022-12-06
34-2,21.1436170212766,2022-12-06
28-5,60.98567335243553,2022-12-06
28-4,7.686363636363636,2022-12-06
38-7,7.524050632911392,2022-12-06
28-2,7.2040133779264215,2022-12-06
28-1,8.424846625766872,2022-12-06
16-1,40.46696035242291,2022-12-06
4-2,23.065125366330182,2022-12-06
HansHerkert,72.97171556965371,2022-12-08
YoloBasin,20.45,2022-12-08
HPond,21.577848101265825,2022-12-08
Lucky5,11.248205515678126,2022-12-08
76,61.20753768844221,2022-12-08
70,83.1914606741573,2022-12-08
71,5.690899847483477,2022-12-08
72,56.69371873262924,2022-12-08
64,83.68706536856746,2022-12-08
63,80.66706443914082,2022-12-08
Pond5,17.0078125,2022-12-08
Pond6,27.040369088812,2022-12-08
Pond7,20.445966514459663,2022-12-08
Pond8,20.676715176715177,2022-12-08
Pond9,9.020089285714286,2022-12-08
Pond10,22.71458551941238,2022-12-08
Newstrom,6.421834625322997,2022-12-08
C300,5.576271186440678,2022-12-08
Souza1-4,5.372785829307569,2022-12-08
Souza106,5.13859649122807,2022-12-08
Dingville1,4.3715566944266495,2022-12-08
Dingville3,4.8821453775582215,2022-12-08
Dingville4,5.242909987669544,2022-12-08
ShadyOaks(MichaelRue),2.6112852664576804,2022-12-08
NorthCreekHouse(R&F Ranch),5.843150231634679,2022-12-08
RioOsoRanch(RioOso),18.60692212608158,2022-12-08
Bluebird(R&F RealEstate),3.5971997845988155,2022-12-08
Morrison(MichaelRue),4.45511010728402,2022-12-08
Knaggs,37.07324190253866,2022-12-08
TuleBasin(Chesapeak),13.318296795952785,2022-12-08
TuleBasin,30.35820296831127,2022-12-08
CapOil,17.499679692504806,2022-12-08
TidesEnd,18.896145124716558,2022-12-08
Field 29C,6.372569089048106,2022-12-08
Field 29B,8.198752228163993,2022-12-08
Field 29A,8.833333333333334,2022-12-08
Field 25E,8.528795811518325,2022-12-08
Field 25D,8.63109243697479,2022-12-08
Field 25C,49.95961227786753,2022-12-08
Field 26EE,8.8963282937365,2022-12-08
Field 26CW,25.91787941787942,2022-12-08
Field 26D - 50% ONLY,46.22872340425532,2022-12-08
Field 18,11.735743380855396,2022-12-08
Field 20A,9.148187073042564,2022-12-08
Field 20B,9.691391445587438,2022-12-08
Field 21,14.653338664534186,2022-12-08
Field and Tule,21.9432948666932,2022-12-08
055D,54.007493755204,2022-12-08
055E,51.250608272506085,2022-12-08
056A,46.952224052718286,2022-12-08
056B,67.09189189189189,2022-12-08
056F,42.62754409769335,2022-12-08
056E,54.59705488621151,2022-12-08
056G,72.30393258426966,2022-12-08
056H,48.450581395348834,2022-12-08
056I,58.51340326340326,2022-12-08
056J,46.8031945236737,2022-12-08
056K,36.63779527559055,2022-12-08
056L,65.12989323843416,2022-12-08
056M,105.51396648044692,2022-12-08
056N,72.74381625441696,2022-12-08
056P,55.67668269230769,2022-12-08
056Q,55.7798833819242,2022-12-08
061,77.58746736292429,2022-12-08
068B,78.00126103404791,2022-12-08
069A3,49.83662714097497,2022-12-08
069B,67.28927089508002,2022-12-08
069C,60.66825396825397,2022-12-08
072A,101.00861497680584,2022-12-08
072B,82.91708860759493,2022-12-08
076A1,42.22965641952984,2022-12-08
076A1,42.22965641952984,2022-12-08
076B,43.60744985673352,2022-12-08
076CW,31.146341463414632,2022-12-08
078A,65.06505576208178,2022-12-08
078B,66.54133333333333,2022-12-08
078C,71.4975,2022-12-08
088,31.1914606741573,2022-12-08
089B,54.440677966101696,2022-12-08
089A,NA,2022-12-08
090A,27.39887640449438,2022-12-08
091A,11.743556701030927,2022-12-08
091B,11.87902187902188,2022-12-08
093A,8.785216178521617,2022-12-08
093B,47.453146853146855,2022-12-08
093C,44.10615280594997,2022-12-08
093D,43.59868421052632,2022-12-08
093E,42.37793733681462,2022-12-08
094B,27.594640434192677,2022-12-08
096AW2,69.82690730106644,2022-12-08
096AW1,70.48172757475083,2022-12-08
100A,60.392838335966296,2022-12-08
100B,84.21743295019157,2022-12-08
100C,70.51465798045602,2022-12-08
100DE,53.78943894389439,2022-12-08
100G,51.00818833162743,2022-12-08
100M1,7.80080971659919,2022-12-08
100N,93.26422018348624,2022-12-08
102D,64.68176328502416,2022-12-08
102G,68.28909090909092,2022-12-08
102J,58.96162280701754,2022-12-08
106H6,45.39722222222223,2022-12-08
106H3,83.77681660899654,2022-12-08
106H4,68.1948717948718,2022-12-08
106H2,50.28358208955224,2022-12-08
106H2,63.4,2022-12-08
110F,54.40574162679426,2022-12-08
110G,75.09562841530055,2022-12-08
110J,63.60973370064279,2022-12-08
110K,66.86012793176972,2022-12-08
110L,73.74185185185185,2022-12-08
111A,77.19098712446352,2022-12-08
111B,85.7008830022075,2022-12-08
111C,85.75538160469668,2022-12-08
111D,89.53930530164534,2022-12-08
111E,63.65659197498697,2022-12-08
111F,67.36976641692375,2022-12-08
111G,67.19617660446063,2022-12-08
111H,53.44097486671744,2022-12-08
111J,78.87907869481766,2022-12-08
111K,86.5,2022-12-08
116A,56.38585209003215,2022-12-08
116D,87.9560669456067,2022-12-08
131D,25.064304461942257,2022-12-08
131F,22.878238341968917,2022-12-08
192EN,46.56694560669456,2022-12-08
192ES,71.83731260410883,2022-12-08
203-42,52.844249201277954,2022-12-08
203-41,49.80475899938988,2022-12-08
205C,69.7008547008547,2022-12-08
205E,71.46637335009429,2022-12-08
205W,18.04570970328789,2022-12-08
206SW,40.96912521440823,2022-12-08
207E,25.126262626262623,2022-12-08
207W,51.22064617809298,2022-12-08
208E,46.59779411764706,2022-12-08
208W,47.891851851851854,2022-12-08
209E,44.96853146853147,2022-12-08
209W,46.10914760914761,2022-12-08
210E,51.26132404181185,2022-12-08
210W,54.53537735849056,2022-12-08
211E,63.96655132641292,2022-12-08
211C,61.52055702917772,2022-12-08
211SE,57.91538461538462,2022-12-08
211SWE,58.26315789473684,2022-12-08
211SWW,63.722943722943725,2022-12-08
211W,75.60432432432432,2022-12-08
212E,70.48712446351931,2022-12-08
212W,62.48540540540541,2022-12-08
213E,34.71734762223711,2022-12-08
213W,52.7316250842886,2022-12-08
214E,58.36210762331839,2022-12-08
214W,60.30796252927401,2022-12-08
215E,56.99494310998736,2022-12-08
215W,54.63071065989848,2022-12-08
216E,56.29918290383407,2022-12-08
216W,47.8909426987061,2022-12-08
217E,59.666304347826085,2022-12-08
217W,58.17081850533808,2022-12-08
218E,54.54895302773062,2022-12-08
218W,66.64285714285714,2022-12-08
219E,50.20717131474104,2022-12-08
219W,51.238127544097694,2022-12-08
220E,55.838368580060425,2022-12-08
220W,49.0402576489533,2022-12-08
221E,51.96141051230872,2022-12-08
221S,63.21552878179384,2022-12-08
221W,51.17460317460318,2022-12-08
222E,57.3955857385399,2022-12-08
222W,59.38813559322034,2022-12-08
Barale,23.4375,2022-12-08
BorderTule,17.439562664506987,2022-12-08
8-4,3.7665903890160175,2022-12-08
21-1,5.774849745723532,2022-12-08
21-2,5.572120559741657,2022-12-08
5-3,30.73164861612515,2022-12-08
5-2,4.742875237492084,2022-12-08
5-1,4.135593220338983,2022-12-08
32-3,4.878120411160059,2022-12-08
32-2,49.98686679174484,2022-12-08
32-1,23.79097909790979,2022-12-08
21-3,46.69615832363213,2022-12-08
21-4,3.151085930122757,2022-12-08
16-2,73.5631067961165,2022-12-08
9-1,71.12579013906448,2022-12-08
22-1,53.57951289398281,2022-12-08
31-1,48.99379363847944,2022-12-08
31-2,48.936980609418285,2022-12-08
27-2,39.07265521796565,2022-12-08
18-5,64.96544276457884,2022-12-08
24-1,41.63112244897959,2022-12-08
17-2,4.581179912237933,2022-12-08
Staten Island Pilot,10.759596742923614,2022-12-08
D1A_019,6.851851851851852,2022-12-08
D1A_032,8.857577601947657,2022-12-08
D1A_050,5.901709401709402,2022-12-08
D3__017,6.0739779364049324,2022-12-08
D3__018,6.3442754203362695,2022-12-08
D3__025,4.932350971198928,2022-12-08
D3__074,4.554208754208754,2022-12-08
D3__080,5.211881188118812,2022-12-08
D3__085,4.8372536554354735,2022-12-08
D4__010,6.214022140221402,2022-12-08
D4__038,5.58743842364532,2022-12-08
D4__039,6.147291941875825,2022-12-08
D4__056,4.945729537366548,2022-12-08
D4__060,4.681125439624854,2022-12-08
ROOS3,25.53882294757665,2022-12-08
ROOS2,18.7521645021645,2022-12-08
ROOS1,34.6875,2022-12-08
TC014,58.5972850678733,2022-12-08
TC013,68.12705134992059,2022-12-08
TC015,59.55080213903744,2022-12-08
TC016,31.935564853556485,2022-12-08
TC012,23.129094412331405,2022-12-08
Knaggs_011,26.37924456314384,2022-12-08
Knaggs_010,68.01795580110497,2022-12-08
Knaggs_009,20.33629976580796,2022-12-08
TC022,5.50196335078534,2022-12-08
TC023,6.2687747035573125,2022-12-08
TC020,4.578195976638546,2022-12-08
TC005,0,2022-12-08
TC006,0,2022-12-08
TC007_008,0,2022-12-08
12-1,44.02575107296137,2022-12-08
24-2W,57.73217726396917,2022-12-08
7-1,59.86492890995261,2022-12-08
39-2,42.843813387423936,2022-12-08
15-3,2.900290416263311,2022-12-08
10-4,NA,2022-12-08
6-4,33.88858695652174,2022-12-08
15-8,4.306818181818182,2022-12-08
15-6,3.9196891191709846,2022-12-08
4-1,28.423428264373992,2022-12-08
23-1,NA,2022-12-08
17-1,34.7795,2022-12-08
1-3,51.04427333974976,2022-12-08
1-2,44.83502824858757,2022-12-08
13-1,61.02568493150685,2022-12-08
1-4,26.531456953642383,2022-12-08
36-2,69.63071895424837,2022-12-08
3-3/3-4,18.33092224231465,2022-12-08
39-4,50.226851851851855,2022-12-08
6-3,46.51937984496124,2022-12-08
15-1,3.521671826625387,2022-12-08
19-1,35.957142857142856,2022-12-08
24-2E,34.47,2022-12-08
18-6,64.96527777777777,2022-12-08
20-1,47.473255813953486,2022-12-08
,40.4078947368421,2022-12-08
13-3,61.87735849056604,2022-12-08
1-5,44.19348659003831,2022-12-08
36-2,25.104,2022-12-08
10-2,24.128180039138943,2022-12-08
31-3,47.33128415300546,2022-12-08
31-3,43.47566371681416,2022-12-08
31-4,41.696,2022-12-08
24-2W,53.52072538860104,2022-12-08
17-3,5.301992846193153,2022-12-08
18-3,52.26133786848072,2022-12-08
13-2E,53.24090909090909,2022-12-08
13-5,55.50289017341041,2022-12-08
24-2W,24.42557251908397,2022-12-08
10-1,9.272897196261685,2022-12-08
3-1/3-2,34.73529411764706,2022-12-08
39-3,160.59006211180125,2022-12-08
6-2,46.92964824120603,2022-12-08
8-4,4.048997772828508,2022-12-08
33-4,49.3728813559322,2022-12-08
16-3,61.31851851851852,2022-12-08
7-4,46.84779137839276,2022-12-08
20-2,46.5130023640662,2022-12-08
,22.470187393526405,2022-12-08
24-3,21.062893081761008,2022-12-08
24-4,26.41926345609065,2022-12-08
20-3,50.88547815820543,2022-12-08
13-7,67.203125,2022-12-08
7-2,64.20461538461538,2022-12-08
12-2,63.33889816360601,2022-12-08
,49.31578947368421,2022-12-08
15-3,45.01453790238837,2022-12-08
10-4,29.46948682385576,2022-12-08
33-2,53.43492063492064,2022-12-08
38-5,50.68143100511073,2022-12-08
18-2,50.76480736055204,2022-12-08
,5.852459016393443,2022-12-08
18-1,29.585882352941177,2022-12-08
13-2W,50.53791469194313,2022-12-08
7-5,45.18026183282981,2022-12-08
,4.82996632996633,2022-12-08
13-6,70.17714285714285,2022-12-08
39-1,37.526898734177216,2022-12-08
15-2,4.116792562463684,2022-12-08
31-4,47.69406392694064,2022-12-08
9-2,23.77654723127036,2022-12-08
8-2,69.10359712230216,2022-12-08
27-1,37.31553200163066,2022-12-08
7-3,53.73124516627997,2022-12-08
19-2,37.30525606469003,2022-12-08
38-0,140.26832740213524,2022-12-08
,15.78743961352657,2022-12-08
39-3,150.24528301886792,2022-12-08
39-5,143.4158415841584,2022-12-08
39-5,126.4964705882353,2022-12-08
,53.11111111111112,2022-12-08
38-6,40.231586940015184,2022-12-08
8-3,47.386585365853655,2022-12-08
22-2,48.498333333333335,2022-12-08
22-2,52.872549019607845,2022-12-08
22-2,49.54861111111112,2022-12-08
19-1,40.817142857142855,2022-12-08
19-1,39.57194244604317,2022-12-08
19-1,43.97254901960784,2022-12-08
19-1,42.06083650190114,2022-12-08
19-1,41.8860294117647,2022-12-08
19-1,42.5615763546798,2022-12-08
19-1,44.08888888888889,2022-12-08
19-1,33.976190476190474,2022-12-08
19-1,35.38928571428571,2022-12-08
19-1,34.974074074074075,2022-12-08
24-2E,58.01577287066246,2022-12-08
24-3,19.814917127071823,2022-12-08
24-3,20.645901639344263,2022-12-08
24-4,21.138028169014085,2022-12-08
24-4,24.78245614035088,2022-12-08
19-2,32.09949937421777,2022-12-08
,28.022222222222226,2022-12-08
36-1,42.77777777777778,2022-12-08
36-1,38.681372549019606,2022-12-08
36-3,98.04651162790698,2022-12-08
23-1,NA,2022-12-08
6-3,58.797872340425535,2022-12-08
6-3,55.34426229508197,2022-12-08
39-3,134.54166666666666,2022-12-08
6-3,56.03333333333333,2022-12-08
6-3,52.53260869565217,2022-12-08
6-4,28.50403225806452,2022-12-08
6-5W,22.88732394366197,2022-12-08
6-5E,24.02073732718894,2022-12-08
22-2,42.77173913043478,2022-12-08
22-2,51.33928571428572,2022-12-08
22-2,48.26086956521739,2022-12-08
22-2,59.23,2022-12-08
,18.67189132706374,2022-12-08
,13.928772258669166,2022-12-08
,15.016688061617458,2022-12-08
,84.98432601880877,2022-12-08
,13.439635535307517,2022-12-08
,19.568794326241136,2022-12-08
,15.984476067270377,2022-12-08
,13.27154046997389,2022-12-08
,51.54037267080745,2022-12-08
23-1,61.65846501128668,2022-12-08
23-2,16.88480392156863,2022-12-08
34-2,26.59042553191489,2022-12-08
28-5,29.06829035339064,2022-12-08
28-4,5.1279220779220775,2022-12-08
38-7,3.9407594936708863,2022-12-08
28-2,3.7474916387959865,2022-12-08
28-1,4.940695296523518,2022-12-08
16-1,40.75256975036711,2022-12-08
4-2,12.622272875284924,2022-12-08
HansHerkert,40.58445678033307,2022-12-13
YoloBasin,16.17824074074074,2022-12-13
HPond,22.71308016877637,2022-12-13
Lucky5,9.677748394408765,2022-12-13
76,21.425125628140705,2022-12-13
70,15.843595505617978,2022-12-13
71,5.135231316725979,2022-12-13
72,40.89660922734853,2022-12-13
64,33.549374130737135,2022-12-13
63,24.12947494033413,2022-12-13
Pond5,19.076822916666668,2022-12-13
Pond6,24.17185697808535,2022-12-13
Pond7,22.508371385083716,2022-12-13
Pond8,24.045738045738045,2022-12-13
Pond9,8.84375,2022-12-13
Pond10,19.30430220356768,2022-12-13
Newstrom,3.2745478036175717,2022-12-13
C300,3.671405139420449,2022-12-13
Souza1-4,4.586956521739131,2022-12-13
Souza106,3.057017543859649,2022-12-13
Dingville1,2.321588725176169,2022-12-13
Dingville3,3.68666196189132,2022-12-13
Dingville4,2.6689272503082613,2022-12-13
ShadyOaks(MichaelRue),2.473354231974921,2022-12-13
NorthCreekHouse(R&F Ranch),5.009927200529451,2022-12-13
RioOsoRanch(RioOso),3.4091470951792338,2022-12-13
Bluebird(R&F RealEstate),2.752288637587507,2022-12-13
Morrison(MichaelRue),4.030491247882552,2022-12-13
Knaggs,25.04916836883572,2022-12-13
TuleBasin(Chesapeak),14.03372681281619,2022-12-13
TuleBasin,7.845166466105094,2022-12-13
CapOil,14,2022-12-13
TidesEnd,22.06303854875284,2022-12-13
Field 29C,3.5158648925281475,2022-12-13
Field 29B,3.2798573975044563,2022-12-13
Field 29A,3.703333333333333,2022-12-13
Field 25E,2.62478184991274,2022-12-13
Field 25D,2.9126050420168066,2022-12-13
Field 25C,23.645395799676898,2022-12-13
Field 26EE,5.375809935205184,2022-12-13
Field 26CW,22.03534303534304,2022-12-13
Field 26D - 50% ONLY,44.14787234042553,2022-12-13
Field 18,4.023421588594704,2022-12-13
Field 20A,3.367840252233316,2022-12-13
Field 20B,3.308067135896048,2022-12-13
Field 21,3.353858456617353,2022-12-13
Field and Tule,28.76343016315161,2022-12-13
055D,55.00499583680266,2022-12-13
055E,22.780210867802108,2022-12-13
056A,30.021416803953876,2022-12-13
056B,51.97837837837838,2022-12-13
056F,35.75101763907734,2022-12-13
056E,80.23025435073627,2022-12-13
056G,69.61011235955056,2022-12-13
056H,69.4,2022-12-13
056I,64.93589743589743,2022-12-13
056J,8.325156873930405,2022-12-13
056K,5.359176256814052,2022-12-13
056L,20.36417556346382,2022-12-13
056M,38.06634078212291,2022-12-13
056N,14.445229681978798,2022-12-13
056P,7.685096153846154,2022-12-13
056Q,5.880466472303207,2022-12-13
061,64.677545691906,2022-12-13
068B,3.8656998738965953,2022-12-13
069A3,27.438735177865613,2022-12-13
069B,37.916419679905154,2022-12-13
069C,64.63015873015873,2022-12-13
072A,84.39363817097416,2022-12-13
072B,86.46075949367089,2022-12-13
076A1,5.435804701627487,2022-12-13
076A1,5.435804701627487,2022-12-13
076B,7.531041069723019,2022-12-13
076CW,5.953026196928636,2022-12-13
078A,66.819083023544,2022-12-13
078B,72.204,2022-12-13
078C,63.64875,2022-12-13
088,41.08898876404494,2022-12-13
089B,13.207909604519774,2022-12-13
089A,NA,2022-12-13
090A,35.640449438202246,2022-12-13
091A,5.13659793814433,2022-12-13
091B,5.214929214929215,2022-12-13
093A,4.125523012552302,2022-12-13
093B,25.17342657342657,2022-12-13
093C,48.9499661933739,2022-12-13
093D,43.16842105263158,2022-12-13
093E,41.15274151436032,2022-12-13
094B,8.347354138398915,2022-12-13
096AW2,40.90073831009024,2022-12-13
096AW1,43.20598006644519,2022-12-13
100A,59.23117430226435,2022-12-13
100B,87.39990421455938,2022-12-13
100C,67.27035830618892,2022-12-13
100DE,27.06996699669967,2022-12-13
100G,9.445240532241556,2022-12-13
100M1,5.161133603238866,2022-12-13
100N,71.72110091743119,2022-12-13
102D,3.608695652173913,2022-12-13
102G,6.70969696969697,2022-12-13
102J,4.684210526315789,2022-12-13
106H6,16.508333333333333,2022-12-13
106H3,39.569204152249135,2022-12-13
106H4,31.186324786324786,2022-12-13
106H2,22.76797829036635,2022-12-13
106H2,35.59166666666667,2022-12-13
110F,59.84784688995215,2022-12-13
110G,50.79644808743169,2022-12-13
110J,56.903122130394856,2022-12-13
110K,65.4324093816631,2022-12-13
110L,75.43555555555555,2022-12-13
111A,74.75321888412017,2022-12-13
111B,84.87637969094922,2022-12-13
111C,75.58317025440313,2022-12-13
111D,79.44424131627056,2022-12-13
111E,45.97342365815529,2022-12-13
111F,47.115910092551786,2022-12-13
111G,52.68730086481565,2022-12-13
111H,43.75247524752475,2022-12-13
111J,78.10556621880998,2022-12-13
111K,77.47916666666667,2022-12-13
116A,5.173633440514469,2022-12-13
116D,8.182008368200837,2022-12-13
131D,10.772965879265092,2022-12-13
131F,16.150259067357513,2022-12-13
192EN,18.238493723849373,2022-12-13
192ES,4.254858411993337,2022-12-13
203-42,44.81629392971246,2022-12-13
203-41,28.223917022574746,2022-12-13
205C,81.21880341880342,2022-12-13
205E,40.67316153362665,2022-12-13
205W,4.65196471531676,2022-12-13
206SW,5.430531732418525,2022-12-13
207E,10.572390572390573,2022-12-13
207W,76.27817178881008,2022-12-13
208E,3.894852941176471,2022-12-13
208W,58.51037037037037,2022-12-13
209E,66.35839160839161,2022-12-13
209W,59.94490644490645,2022-12-13
210E,76.53397212543554,2022-12-13
210W,50.09433962264151,2022-12-13
211E,77.47923875432527,2022-12-13
211C,84.38328912466844,2022-12-13
211SE,62.87307692307692,2022-12-13
211SWE,78.50202429149797,2022-12-13
211SWW,71.0909090909091,2022-12-13
211W,72.18864864864865,2022-12-13
212E,73.32778969957081,2022-12-13
212W,71.05081081081082,2022-12-13
213E,20.032819825853984,2022-12-13
213W,57.72757923128793,2022-12-13
214E,36.19843049327354,2022-12-13
214W,48.63700234192037,2022-12-13
215E,50.49178255372946,2022-12-13
215W,51.61421319796954,2022-12-13
216E,58.89252042740415,2022-12-13
216W,52.6611213801602,2022-12-13
217E,68.3820652173913,2022-12-13
217W,62.79062870699882,2022-12-13
218E,54.94001131861913,2022-12-13
218W,68.13407494145198,2022-12-13
219E,49.26228419654714,2022-12-13
219W,49.89145183175034,2022-12-13
220E,51.74924471299094,2022-12-13
220W,44.84541062801932,2022-12-13
221E,60.83166999334664,2022-12-13
221S,51.828647925033465,2022-12-13
221W,56.60378510378511,2022-12-13
222E,61.68590831918506,2022-12-13
222W,70.81242937853108,2022-12-13
Barale,30.0390625,2022-12-13
BorderTule,13.85847337517716,2022-12-13
8-4,8.780320366132724,2022-12-13
21-1,5.788719371243643,2022-12-13
21-2,5.409041980624327,2022-12-13
5-3,28.557761732851983,2022-12-13
5-2,15.10322989233692,2022-12-13
5-1,4.420702179176756,2022-12-13
32-3,4.351443954968184,2022-12-13
32-2,35.23076923076923,2022-12-13
32-1,20.193619361936197,2022-12-13
21-3,92.88824214202562,2022-12-13
21-4,3.696883852691218,2022-12-13
16-2,76.37708737864078,2022-12-13
9-1,105.99146649810366,2022-12-13
22-1,67.89469914040114,2022-12-13
31-1,56.37936384794414,2022-12-13
31-2,59.5090027700831,2022-12-13
27-2,43.55790400704535,2022-12-13
18-5,54.35637149028078,2022-12-13
24-1,49.35918367346939,2022-12-13
17-2,4.082886396879571,2022-12-13
Staten Island Pilot,9.30166731291198,2022-12-13
D1A_019,3.2458628841607564,2022-12-13
D1A_032,3.859403530127815,2022-12-13
D1A_050,3.4985754985754984,2022-12-13
D3__017,3.2310188189487348,2022-12-13
D3__018,4.259407526020817,2022-12-13
D3__025,3.391158740790355,2022-12-13
D3__074,3.121212121212121,2022-12-13
D3__080,3.916171617161716,2022-12-13
D3__085,3.945963127781309,2022-12-13
D4__010,7.258829731154455,2022-12-13
D4__038,2.9926108374384235,2022-12-13
D4__039,2.733817701453104,2022-12-13
D4__056,4.329181494661921,2022-12-13
D4__060,4.296600234466588,2022-12-13
ROOS3,16.83630069238378,2022-12-13
ROOS2,15.899891774891774,2022-12-13
ROOS1,36.95208333333333,2022-12-13
TC014,28.41176470588235,2022-12-13
TC013,68.91953414505029,2022-12-13
TC015,32.51604278074866,2022-12-13
TC016,30.24937238493724,2022-12-13
TC012,17.27552986512524,2022-12-13
Knaggs_011,17.558565433040823,2022-12-13
Knaggs_010,46.56767955801105,2022-12-13
Knaggs_009,12.757377049180327,2022-12-13
TC022,3.982329842931937,2022-12-13
TC023,4.047430830039525,2022-12-13
TC020,2.9065541855937704,2022-12-13
TC005,0,2022-12-13
TC006,0,2022-12-13
TC007_008,0,2022-12-13
12-1,40.37339055793991,2022-12-13
24-2W,50.58188824662813,2022-12-13
7-1,66.3736176935229,2022-12-13
39-2,35.3498985801217,2022-12-13
15-3,3.38431752178122,2022-12-13
10-4,NA,2022-12-13
6-4,30.5,2022-12-13
15-8,8.28125,2022-12-13
15-6,5.375647668393782,2022-12-13
4-1,21.34175174637292,2022-12-13
23-1,NA,2022-12-13
17-1,5.434,2022-12-13
1-3,64.59095283926852,2022-12-13
1-2,42.79435028248587,2022-12-13
13-1,54.90068493150685,2022-12-13
1-4,21.33112582781457,2022-12-13
36-2,63.00490196078432,2022-12-13
3-3/3-4,11.098854731766124,2022-12-13
39-4,46.99537037037037,2022-12-13
6-3,52.3875968992248,2022-12-13
15-1,2.934468524251806,2022-12-13
19-1,41.44285714285714,2022-12-13
24-2E,26.64333333333333,2022-12-13
18-6,53.79861111111112,2022-12-13
20-1,55.47441860465116,2022-12-13
,31.93421052631579,2022-12-13
13-3,55.64245283018868,2022-12-13
1-5,48.2816091954023,2022-12-13
36-2,18.2064,2022-12-13
10-2,14.613502935420744,2022-12-13
31-3,48.935109289617486,2022-12-13
31-3,50.42256637168141,2022-12-13
31-4,44.304,2022-12-13
24-2W,52.23056994818653,2022-12-13
17-3,4.761369443025038,2022-12-13
18-3,62.06859410430839,2022-12-13
13-2E,35.51136363636363,2022-12-13
13-5,54.676300578034684,2022-12-13
24-2W,16.206106870229007,2022-12-13
10-1,14.51588785046729,2022-12-13
3-1/3-2,31.89775910364145,2022-12-13
39-3,133.98136645962734,2022-12-13
6-2,64.42211055276383,2022-12-13
8-4,8.850779510022273,2022-12-13
33-4,32.1877444589309,2022-12-13
16-3,65.48148148148148,2022-12-13
7-4,49.26663118680149,2022-12-13
20-2,48.198581560283685,2022-12-13
,16.643952299829643,2022-12-13
24-3,13.89622641509434,2022-12-13
24-4,16.260623229461757,2022-12-13
20-3,55.781582054309325,2022-12-13
13-7,64.8125,2022-12-13
7-2,63.58846153846154,2022-12-13
12-2,51.49415692821369,2022-12-13
,42.187134502923975,2022-12-13
15-3,41.583592938733126,2022-12-13
10-4,23.092926490984745,2022-12-13
33-2,47.147619047619045,2022-12-13
38-5,49.13117546848382,2022-12-13
18-2,47.73663024726854,2022-12-13
,5.368852459016393,2022-12-13
18-1,17.51764705882353,2022-12-13
13-2W,34.59241706161137,2022-12-13
7-5,47.80463242698893,2022-12-13
,6.239057239057239,2022-12-13
13-6,59.34857142857143,2022-12-13
39-1,25.75,2022-12-13
15-2,4.392213829169088,2022-12-13
31-4,42.15525114155251,2022-12-13
9-2,17.85244299674267,2022-12-13
8-2,71.43093525179856,2022-12-13
27-1,37.41459437423563,2022-12-13
7-3,62.36233565351895,2022-12-13
19-2,48.16037735849056,2022-12-13
38-0,71.66832740213523,2022-12-13
,10.66183574879227,2022-12-13
39-3,136.93867924528303,2022-12-13
39-5,151.43564356435644,2022-12-13
39-5,127.75764705882352,2022-12-13
,51.27777777777778,2022-12-13
38-6,52.05998481397115,2022-12-13
8-3,58.833739837398376,2022-12-13
22-2,47.14833333333333,2022-12-13
22-2,52.23529411764706,2022-12-13
22-2,54.50694444444444,2022-12-13
19-1,41.94285714285714,2022-12-13
19-1,41.1294964028777,2022-12-13
19-1,46.9843137254902,2022-12-13
19-1,47.836501901140686,2022-12-13
19-1,61.0735294117647,2022-12-13
19-1,54.21182266009852,2022-12-13
19-1,58.36666666666667,2022-12-13
19-1,41.63333333333333,2022-12-13
19-1,46.11785714285714,2022-12-13
19-1,44.15925925925926,2022-12-13
24-2E,59.63722397476341,2022-12-13
24-3,15.46132596685083,2022-12-13
24-3,14.734426229508196,2022-12-13
24-4,14.045070422535211,2022-12-13
24-4,15.12982456140351,2022-12-13
19-2,38.7872340425532,2022-12-13
,24.88888888888889,2022-12-13
36-1,33.734299516908216,2022-12-13
36-1,35.06372549019608,2022-12-13
36-3,58.69767441860465,2022-12-13
23-1,NA,2022-12-13
6-3,46.17021276595744,2022-12-13
6-3,51.704918032786885,2022-12-13
39-3,128.55,2022-12-13
6-3,58.60666666666667,2022-12-13
6-3,55.32608695652174,2022-12-13
6-4,23.161290322580644,2022-12-13
6-5W,32.50422535211268,2022-12-13
6-5E,20.195852534562214,2022-12-13
22-2,48.67934782608695,2022-12-13
22-2,48.517857142857146,2022-12-13
22-2,51.2463768115942,2022-12-13
22-2,53.475,2022-12-13
,18.02298850574713,2022-12-13
,14.451733833177132,2022-12-13
,13.008985879332478,2022-12-13
,21.0423197492163,2022-12-13
,12.266514806378131,2022-12-13
,21.046808510638296,2022-12-13
,15.516170763260028,2022-12-13
,11.54046997389034,2022-12-13
,31.018633540372672,2022-12-13
23-1,48.50677200902935,2022-12-13
23-2,11.242647058823527,2022-12-13
34-2,17.1968085106383,2022-12-13
28-5,70.20869149952244,2022-12-13
28-4,5.27987012987013,2022-12-13
38-7,4.275949367088607,2022-12-13
28-2,4.122073578595318,2022-12-13
28-1,4.467791411042945,2022-12-13
16-1,33.78267254038179,2022-12-13
4-2,5.727124715076522,2022-12-13
HansHerkert,32.36188210415015,2022-12-18
YoloBasin,14.024074074074074,2022-12-18
HPond,17.581223628691983,2022-12-18
Lucky5,9.6014355874575,2022-12-18
76,5.284422110552764,2022-12-18
70,3.8764044943820224,2022-12-18
71,3.961362480935435,2022-12-18
72,23.66425792106726,2022-12-18
64,4.256606397774687,2022-12-18
63,3.659307875894988,2022-12-18
Pond5,13.25,2022-12-18
Pond6,17.92964244521338,2022-12-18
Pond7,18.272450532724505,2022-12-18
Pond8,14.97920997920998,2022-12-18
Pond9,7.852678571428571,2022-12-18
Pond10,14.96327387198321,2022-12-18
Newstrom,4.035529715762274,2022-12-18
C300,6.036632039365774,2022-12-18
Souza1-4,3.814009661835749,2022-12-18
Souza106,3.0412280701754386,2022-12-18
Dingville1,2.737347853939782,2022-12-18
Dingville3,3.673253352152434,2022-12-18
Dingville4,5.36498150431566,2022-12-18
ShadyOaks(MichaelRue),2.302507836990596,2022-12-18
NorthCreekHouse(R&F Ranch),5.28259430840503,2022-12-18
RioOsoRanch(RioOso),3.280593325092707,2022-12-18
Bluebird(R&F RealEstate),2.698976844372644,2022-12-18
Morrison(MichaelRue),3.68548842461886,2022-12-18
Knaggs,28.216224102713745,2022-12-18
TuleBasin(Chesapeak),11.038153456998314,2022-12-18
TuleBasin,7.563176895306859,2022-12-18
CapOil,13.893657911595133,2022-12-18
TidesEnd,14.861224489795918,2022-12-18
Field 29C,7.073694984646878,2022-12-18
Field 29B,6.304812834224599,2022-12-18
Field 29A,7.224166666666667,2022-12-18
Field 25E,6.4275741710296685,2022-12-18
Field 25D,6.46218487394958,2022-12-18
Field 25C,20.79806138933764,2022-12-18
Field 26EE,6.140388768898488,2022-12-18
Field 26CW,22.22765072765073,2022-12-18
Field 26D - 50% ONLY,41.727659574468085,2022-12-18
Field 18,5.603869653767821,2022-12-18
Field 20A,6.359957961114031,2022-12-18
Field 20B,6.295073091499729,2022-12-18
Field 21,6.11515393842463,2022-12-18
Field and Tule,20.581774771189814,2022-12-18
055D,18.50624479600333,2022-12-18
055E,16.778588807785887,2022-12-18
056A,28.219110378912685,2022-12-18
056B,39.94594594594594,2022-12-18
056F,28.49525101763908,2022-12-18
056E,54.48259705488621,2022-12-18
056G,55.24775280898877,2022-12-18
056H,52.18953488372093,2022-12-18
056I,47.93181818181818,2022-12-18
056J,5.515116942384484,2022-12-18
056K,2.989703210175651,2022-12-18
056L,9.02194543297746,2022-12-18
056M,15.741620111731844,2022-12-18
056N,5.634275618374558,2022-12-18
056P,5.573317307692308,2022-12-18
056Q,5.629737609329446,2022-12-18
061,48.37597911227154,2022-12-18
068B,3.872005044136192,2022-12-18
069A3,25.46772068511199,2022-12-18
069B,35.592768227623,2022-12-18
069C,47.51904761904762,2022-12-18
072A,82.32670642809808,2022-12-18
072B,73.45822784810126,2022-12-18
076A1,4.552441229656419,2022-12-18
076A1,4.552441229656419,2022-12-18
076B,4.925501432664756,2022-12-18
076CW,3.6558265582655824,2022-12-18
078A,47.65985130111524,2022-12-18
078B,49.665333333333336,2022-12-18
078C,45.945,2022-12-18
088,31.801797752808987,2022-12-18
089B,7.372881355932203,2022-12-18
089A,NA,2022-12-18
090A,3.0280898876404496,2022-12-18
091A,5.506443298969073,2022-12-18
091B,4.2998712998713,2022-12-18
093A,7.110181311018131,2022-12-18
093B,29.57202797202797,2022-12-18
093C,33.563894523326574,2022-12-18
093D,33.41644736842105,2022-12-18
093E,30.37924281984334,2022-12-18
094B,3.9640434192673,2022-12-18
096AW2,39.81378178835111,2022-12-18
096AW1,42.31312292358804,2022-12-18
100A,32.99684044233808,2022-12-18
100B,38.76436781609196,2022-12-18
100C,11.811074918566776,2022-12-18
100DE,5.078547854785478,2022-12-18
100G,3.600818833162743,2022-12-18
100M1,7.564372469635628,2022-12-18
100N,12.371559633027523,2022-12-18
102D,6.291062801932367,2022-12-18
102G,7.327878787878788,2022-12-18
102J,5.869517543859649,2022-12-18
106H6,17.502777777777776,2022-12-18
106H3,40.4757785467128,2022-12-18
106H4,32.44102564102564,2022-12-18
106H2,24.89280868385346,2022-12-18
106H2,32.30833333333333,2022-12-18
110F,8.87464114832536,2022-12-18
110G,19.733606557377048,2022-12-18
110J,22.10606060606061,2022-12-18
110K,48.77057569296375,2022-12-18
110L,49.0925925925926,2022-12-18
111A,42.88197424892704,2022-12-18
111B,47.48233995584989,2022-12-18
111C,48.06849315068493,2022-12-18
111D,52.844606946983546,2022-12-18
111E,36.20896300156331,2022-12-18
111F,21.93609519612164,2022-12-18
111G,14.646335912608102,2022-12-18
111H,34.85910129474486,2022-12-18
111J,52.54126679462572,2022-12-18
111K,49.625,2022-12-18
116A,4.228295819935691,2022-12-18
116D,4.9989539748953975,2022-12-18
131D,9.202099737532809,2022-12-18
131F,15.782383419689118,2022-12-18
192EN,7.103207810320781,2022-12-18
192ES,3.7029428095502497,2022-12-18
203-42,12.288338658146964,2022-12-18
203-41,3.597315436241611,2022-12-18
205C,49.712820512820514,2022-12-18
205E,2.2394720301697046,2022-12-18
205W,3.2782678428227747,2022-12-18
206SW,2.3773584905660377,2022-12-18
207E,7.468855218855219,2022-12-18
207W,60.089046493301815,2022-12-18
208E,2.7875,2022-12-18
208W,52.214814814814815,2022-12-18
209E,57.03758741258741,2022-12-18
209W,50.91891891891892,2022-12-18
210E,61.474738675958186,2022-12-18
210W,50.066823899371066,2022-12-18
211E,62.03460207612456,2022-12-18
211C,61.97811671087533,2022-12-18
211SE,56.715384615384615,2022-12-18
211SWE,64.80161943319838,2022-12-18
211SWW,57.9004329004329,2022-12-18
211W,58.067027027027024,2022-12-18
212E,55.91040772532189,2022-12-18
212W,54.90054054054054,2022-12-18
213E,26.964501004688547,2022-12-18
213W,2.9527983816588,2022-12-18
214E,43.97869955156951,2022-12-18
214W,3.1662763466042154,2022-12-18
215E,2.603034134007585,2022-12-18
215W,15.28553299492386,2022-12-18
216E,3.7366436203645512,2022-12-18
216W,19.59026494146642,2022-12-18
217E,50.416304347826085,2022-12-18
217W,48.23250296559905,2022-12-18
218E,42.86021505376344,2022-12-18
218W,53.25058548009368,2022-12-18
219E,13.525896414342627,2022-12-18
219W,4.111261872455902,2022-12-18
220E,50.59214501510574,2022-12-18
220W,34.56360708534621,2022-12-18
221E,37.31803060545575,2022-12-18
221S,42.76706827309237,2022-12-18
221W,46.05494505494506,2022-12-18
222E,48.31748726655348,2022-12-18
222W,50.65819209039548,2022-12-18
Barale,24.4140625,2022-12-18
BorderTule,10.874873456165217,2022-12-18
8-4,3.8535469107551488,2022-12-18
21-1,8.080906148867314,2022-12-18
21-2,6.7900968783638325,2022-12-18
5-3,33.15583634175692,2022-12-18
5-2,10.015832805573147,2022-12-18
5-1,5.9291767554479415,2022-12-18
32-3,6.6607929515418505,2022-12-18
32-2,24.66916823014384,2022-12-18
32-1,6.968096809680968,2022-12-18
21-3,94.43189755529686,2022-12-18
21-4,4.7516525023607175,2022-12-18
16-2,82.18718446601942,2022-12-18
9-1,97.74936788874842,2022-12-18
22-1,61.71848137535817,2022-12-18
31-1,63.467028704422034,2022-12-18
31-2,75.29639889196676,2022-12-18
27-2,46.09599295464553,2022-12-18
18-5,48.8963282937365,2022-12-18
24-1,39.26428571428571,2022-12-18
17-2,8.609458800585081,2022-12-18
Staten Island Pilot,0,2022-12-18
D1A_019,3.4736012608353035,2022-12-18
D1A_032,4.662203286670724,2022-12-18
D1A_050,4.979107312440646,2022-12-18
D3__017,4.4484101232965605,2022-12-18
D3__018,4.380304243394716,2022-12-18
D3__025,4.359678499665104,2022-12-18
D3__074,5.490909090909091,2022-12-18
D3__080,4.320792079207921,2022-12-18
D3__085,4.170375079465988,2022-12-18
D4__010,6.181338956246705,2022-12-18
D4__038,4.75,2022-12-18
D4__039,5.215323645970938,2022-12-18
D4__056,3.991103202846975,2022-12-18
D4__060,3.885111371629543,2022-12-18
ROOS3,12.316023738872405,2022-12-18
ROOS2,9.589285714285714,2022-12-18
ROOS1,25.066666666666663,2022-12-18
TC014,31.23755656108597,2022-12-18
TC013,60.713605082054,2022-12-18
TC015,43.20320855614973,2022-12-18
TC016,30.9907949790795,2022-12-18
TC012,24.303275529865125,2022-12-18
Knaggs_011,21.194963754292253,2022-12-18
Knaggs_010,50.353591160220994,2022-12-18
Knaggs_009,15.15503512880562,2022-12-18
TC022,4.285340314136126,2022-12-18
TC023,5.381422924901186,2022-12-18
TC020,3.849448410123296,2022-12-18
TC005,0,2022-12-18
TC006,0,2022-12-18
TC007_008,0,2022-12-18
12-1,26.91845493562232,2022-12-18
24-2W,41.22928709055876,2022-12-18
7-1,53.13112164296999,2022-12-18
39-2,29.073022312373222,2022-12-18
15-3,2.575024201355276,2022-12-18
10-4,NA,2022-12-18
6-4,37.13586956521739,2022-12-18
15-8,2.940340909090909,2022-12-18
15-6,4.015544041450777,2022-12-18
4-1,14.07576571735626,2022-12-18
23-1,NA,2022-12-18
17-1,7.322,2022-12-18
1-3,51.66217516843118,2022-12-18
1-2,33.280225988700565,2022-12-18
13-1,48.53938356164384,2022-12-18
1-4,19.67218543046357,2022-12-18
36-2,63.830065359477125,2022-12-18
3-3/3-4,11.273658830620857,2022-12-18
39-4,37.821296296296296,2022-12-18
6-3,46.48449612403101,2022-12-18
15-1,3.137770897832817,2022-12-18
19-1,40.08928571428572,2022-12-18
24-2E,27.336666666666662,2022-12-18
18-6,45.38194444444444,2022-12-18
20-1,41.56337209302325,2022-12-18
,29.43421052631579,2022-12-18
13-3,43.528301886792455,2022-12-18
1-5,36.93295019157088,2022-12-18
36-2,21.3712,2022-12-18
10-2,14.232876712328768,2022-12-18
31-3,46.54918032786885,2022-12-18
31-3,45.05254424778761,2022-12-18
31-4,40.356,2022-12-18
24-2W,41.50259067357513,2022-12-18
17-3,5.320388349514563,2022-12-18
18-3,54.7828798185941,2022-12-18
13-2E,33.037121212121214,2022-12-18
13-5,40.39306358381503,2022-12-18
24-2W,17.557251908396946,2022-12-18
10-1,10.213084112149533,2022-12-18
3-1/3-2,30.32633053221289,2022-12-18
39-3,148.82608695652175,2022-12-18
6-2,48.246231155778894,2022-12-18
8-4,3.9465478841870825,2022-12-18
33-4,32.36114732724902,2022-12-18
16-3,72.6753086419753,2022-12-18
7-4,47.948376796168176,2022-12-18
20-2,41.22458628841608,2022-12-18
,10.9778534923339,2022-12-18
24-3,12.223270440251572,2022-12-18
24-4,15.708215297450424,2022-12-18
20-3,41.43093270365998,2022-12-18
13-7,59.034375,2022-12-18
7-2,52.00153846153846,2022-12-18
12-2,59.13188647746244,2022-12-18
,31.67251461988304,2022-12-18
15-3,36.79958463136033,2022-12-18
10-4,15.020804438280166,2022-12-18
33-2,68.35555555555555,2022-12-18
38-5,39.54173764906303,2022-12-18
18-2,45.054629097182286,2022-12-18
,6.860655737704918,2022-12-18
18-1,4.526274509803922,2022-12-18
13-2W,35.973143759873615,2022-12-18
7-5,50.01812688821752,2022-12-18
,3.914141414141414,2022-12-18
13-6,67.56,2022-12-18
39-1,22.29746835443038,2022-12-18
15-2,3.613015688553167,2022-12-18
31-4,41.84018264840183,2022-12-18
9-2,22.67524429967427,2022-12-18
8-2,73.6431654676259,2022-12-18
27-1,40.3889115368936,2022-12-18
7-3,55.388244392884765,2022-12-18
19-2,38.649595687331534,2022-12-18
38-0,110.29537366548044,2022-12-18
,13.318840579710145,2022-12-18
39-3,164.9811320754717,2022-12-18
39-5,161.03960396039605,2022-12-18
39-5,165.29294117647058,2022-12-18
,43.138888888888886,2022-12-18
38-6,52.02353834472285,2022-12-18
8-3,42.50609756097561,2022-12-18
22-2,39.15,2022-12-18
22-2,50.588235294117645,2022-12-18
22-2,50.80555555555556,2022-12-18
19-1,36.72,2022-12-18
19-1,40.6115107913669,2022-12-18
19-1,40.38039215686275,2022-12-18
19-1,44.42205323193917,2022-12-18
19-1,43.68014705882353,2022-12-18
19-1,43.57635467980296,2022-12-18
19-1,46.977777777777774,2022-12-18
19-1,38.55238095238095,2022-12-18
19-1,39.35,2022-12-18
19-1,39.53333333333333,2022-12-18
24-2E,43.94952681388013,2022-12-18
24-3,11.588397790055248,2022-12-18
24-3,11.540983606557376,2022-12-18
24-4,14.03943661971831,2022-12-18
24-4,16.564912280701755,2022-12-18
19-2,31.67334167709637,2022-12-18
,35.55555555555556,2022-12-18
36-1,25.63768115942029,2022-12-18
36-1,30.705882352941178,2022-12-18
36-3,65.03875968992249,2022-12-18
23-1,NA,2022-12-18
6-3,41.24468085106383,2022-12-18
6-3,41.84426229508197,2022-12-18
39-3,165.05833333333334,2022-12-18
6-3,50.88,2022-12-18
6-3,46.71195652173913,2022-12-18
6-4,28.85483870967742,2022-12-18
6-5W,29.24507042253521,2022-12-18
6-5E,21.41935483870968,2022-12-18
22-2,40.60869565217392,2022-12-18
22-2,43.79285714285714,2022-12-18
22-2,42.53623188405797,2022-12-18
22-2,54.195,2022-12-18
,15.400208986415883,2022-12-18
,12.58294283036551,2022-12-18
,12.18356867779204,2022-12-18
,30.75862068965517,2022-12-18
,11.921412300683372,2022-12-18
,14.44255319148936,2022-12-18
,13.892626131953428,2022-12-18
,11.472584856396868,2022-12-18
,35.13250517598344,2022-12-18
23-1,41.7627539503386,2022-12-18
23-2,10.705882352941176,2022-12-18
34-2,17.170212765957448,2022-12-18
28-5,74.46227316141356,2022-12-18
28-4,5.5181818181818185,2022-12-18
38-7,4.716455696202532,2022-12-18
28-2,4.735785953177258,2022-12-18
28-1,7.165132924335379,2022-12-18
16-1,38.83186490455213,2022-12-18
4-2,5.32953435363074,2022-12-18
HansHerkert,51.30874966957441,2022-12-20
YoloBasin,20.280555555555555,2022-12-20
HPond,19.730590717299577,2022-12-20
Lucky5,11.15375897242161,2022-12-20
76,4.321608040201005,2022-12-20
70,6.966292134831461,2022-12-20
71,6.966954753431621,2022-12-20
72,20.673151750972764,2022-12-20
64,6.439499304589708,2022-12-20
63,5.168854415274463,2022-12-20
Pond5,16.252604166666668,2022-12-20
Pond6,26.207612456747405,2022-12-20
Pond7,20.17047184170472,2022-12-20
Pond8,20.05717255717256,2022-12-20
Pond9,9.287946428571429,2022-12-20
Pond10,17.35466946484785,2022-12-20
Newstrom,5.1505167958656335,2022-12-20
C300,3.787862219792236,2022-12-20
Souza1-4,4.5161030595813205,2022-12-20
Souza106,3.849122807017544,2022-12-20
Dingville1,2.6335682254964765,2022-12-20
Dingville3,4.194777699364855,2022-12-20
Dingville4,3.5055487053020964,2022-12-20
ShadyOaks(MichaelRue),2.8996865203761755,2022-12-20
NorthCreekHouse(R&F Ranch),6.13765718067505,2022-12-20
RioOsoRanch(RioOso),4.088998763906057,2022-12-20
Bluebird(R&F RealEstate),3.605815831987076,2022-12-20
Morrison(MichaelRue),5.466967814793902,2022-12-20
Knaggs,26.98453457834841,2022-12-20
TuleBasin(Chesapeak),13.368676222596964,2022-12-20
TuleBasin,8.240673886883274,2022-12-20
CapOil,13.643177450352338,2022-12-20
TidesEnd,15.904761904761903,2022-12-20
Field 29C,2.6867963152507675,2022-12-20
Field 29B,2.6737967914438503,2022-12-20
Field 29A,2.908333333333333,2022-12-20
Field 25E,2.363874345549738,2022-12-20
Field 25D,3.2436974789915967,2022-12-20
Field 25C,48.07108239095315,2022-12-20
Field 26EE,7.559395248380129,2022-12-20
Field 26CW,28.563409563409564,2022-12-20
Field 26D - 50% ONLY,54.39468085106383,2022-12-20
Field 18,6.170061099796334,2022-12-20
Field 20A,3.692065160273253,2022-12-20
Field 20B,3.5814834867352463,2022-12-20
Field 21,3.670131947221112,2022-12-20
Field and Tule,19.698965380023875,2022-12-20
055D,8.960033305578685,2022-12-20
055E,7.609894566098946,2022-12-20
056A,34.448929159802304,2022-12-20
056B,30.73976833976834,2022-12-20
056F,34.938941655359564,2022-12-20
056E,55.97791164658634,2022-12-20
056G,59.67191011235955,2022-12-20
056H,54.10058139534884,2022-12-20
056I,49.4446386946387,2022-12-20
056J,6.040501996577296,2022-12-20
056K,3.2459115687462146,2022-12-20
056L,8.738434163701067,2022-12-20
056M,4.271648044692737,2022-12-20
056N,4.5521201413427566,2022-12-20
056P,4.822115384615385,2022-12-20
056Q,5.1763848396501455,2022-12-20
061,59.93994778067885,2022-12-20
068B,4.788146279949559,2022-12-20
069A3,33.640316205533594,2022-12-20
069B,40.85714285714285,2022-12-20
069C,53.25185185185185,2022-12-20
072A,93.22398939695162,2022-12-20
072B,80.99873417721518,2022-12-20
076A1,6.545207956600362,2022-12-20
076A1,6.545207956600362,2022-12-20
076B,7.137535816618911,2022-12-20
076CW,7.425474254742547,2022-12-20
078A,58.94919454770756,2022-12-20
078B,59.71866666666666,2022-12-20
078C,61.80375,2022-12-20
088,36.82561797752809,2022-12-20
089B,7.749152542372881,2022-12-20
089A,NA,2022-12-20
090A,8.679775280898877,2022-12-20
091A,6.663659793814433,2022-12-20
091B,7.324967824967825,2022-12-20
093A,10.305439330543932,2022-12-20
093B,45.47552447552447,2022-12-20
093C,52.83975659229209,2022-12-20
093D,52.48026315789474,2022-12-20
093E,46.695169712793735,2022-12-20
094B,3.87584803256445,2022-12-20
096AW2,51.30352748154225,2022-12-20
096AW1,48.48172757475083,2022-12-20
100A,39.03633491311216,2022-12-20
100B,30.85249042145594,2022-12-20
100C,4.631921824104235,2022-12-20
100DE,3.439273927392739,2022-12-20
100G,3.3490276356192425,2022-12-20
100M1,7.932793522267207,2022-12-20
100N,5.8807339449541285,2022-12-20
102D,7.803743961352657,2022-12-20
102G,6.709090909090909,2022-12-20
102J,7.571271929824562,2022-12-20
106H6,25.40833333333333,2022-12-20
106H3,62.57266435986159,2022-12-20
106H4,52.95384615384615,2022-12-20
106H2,39.40027137042063,2022-12-20
106H2,53.51111111111111,2022-12-20
110F,4.360765550239234,2022-12-20
110G,20.68715846994536,2022-12-20
110J,20.16620752984389,2022-12-20
110K,57.30149253731344,2022-12-20
110L,68.68,2022-12-20
111A,77.98068669527898,2022-12-20
111B,85.77593818984548,2022-12-20
111C,79.69080234833659,2022-12-20
111D,84.8345521023766,2022-12-20
111E,54.079729025534135,2022-12-20
111F,23.892904363155576,2022-12-20
111G,13.413746017296312,2022-12-20
111H,50.89032749428789,2022-12-20
111J,68.62380038387715,2022-12-20
111K,70.72321428571429,2022-12-20
116A,3.929260450160772,2022-12-20
116D,6.161087866108787,2022-12-20
131D,9.83989501312336,2022-12-20
131F,20.97279792746114,2022-12-20
192EN,8.085076708507671,2022-12-20
192ES,5.299833425874514,2022-12-20
203-42,6.713258785942492,2022-12-20
203-41,5.758999389871873,2022-12-20
205C,30.6982905982906,2022-12-20
205E,4.511627906976744,2022-12-20
205W,3.9566960705693663,2022-12-20
206SW,4.221269296740995,2022-12-20
207E,7.286195286195286,2022-12-20
207W,57.876280535855,2022-12-20
208E,6.214705882352941,2022-12-20
208W,52.31555555555556,2022-12-20
209E,53.22814685314685,2022-12-20
209W,49.7983367983368,2022-12-20
210E,58.039198606271775,2022-12-20
210W,52.37971698113208,2022-12-20
211E,63.23068050749712,2022-12-20
211C,63.30835543766578,2022-12-20
211SE,55.32692307692308,2022-12-20
211SWE,56.90688259109312,2022-12-20
211SWW,64.22077922077922,2022-12-20
211W,65.47621621621622,2022-12-20
212E,61.923283261802574,2022-12-20
212W,53.56540540540541,2022-12-20
213E,28.537843268586737,2022-12-20
213W,4.354686446392448,2022-12-20
214E,51.71188340807175,2022-12-20
214W,4.177985948477752,2022-12-20
215E,4.261694058154236,2022-12-20
215W,4.470812182741117,2022-12-20
216E,5.087994971715902,2022-12-20
216W,11.505853357979053,2022-12-20
217E,49.91086956521739,2022-12-20
217W,54.13938315539739,2022-12-20
218E,48.54668930390493,2022-12-20
218W,60.42037470725995,2022-12-20
219E,5.068393094289509,2022-12-20
219W,2.470827679782904,2022-12-20
220E,30.17824773413897,2022-12-20
220W,28.067632850241544,2022-12-20
221E,32.19693945442449,2022-12-20
221S,32.91298527443106,2022-12-20
221W,52.27594627594628,2022-12-20
222E,53.49349179400113,2022-12-20
222W,58.98474576271187,2022-12-20
Barale,21.828125,2022-12-20
BorderTule,12.99797529864345,2022-12-20
8-4,3.3707093821510297,2022-12-20
21-1,5.489597780859917,2022-12-20
21-2,5.515069967707212,2022-12-20
5-3,31.314079422382672,2022-12-20
5-2,7.435718809373021,2022-12-20
5-1,6.308716707021792,2022-12-20
32-3,6.78218306412139,2022-12-20
32-2,21.41338336460288,2022-12-20
32-1,4.700770077007701,2022-12-20
21-3,67.42724097788125,2022-12-20
21-4,3.492917847025496,2022-12-20
16-2,79.92854368932039,2022-12-20
9-1,88.80341340075853,2022-12-20
22-1,47.0121776504298,2022-12-20
31-1,49.200930954228085,2022-12-20
31-2,53.18005540166205,2022-12-20
27-2,34.76662263320123,2022-12-20
18-5,45.025917926565874,2022-12-20
24-1,39.46428571428572,2022-12-20
17-2,4.6977084349098,2022-12-20
Staten Island Pilot,9.776269872043429,2022-12-20
D1A_019,3.5137903861308115,2022-12-20
D1A_032,6.8204503956177724,2022-12-20
D1A_050,9.500949667616334,2022-12-20
D3__017,3.6197274497079817,2022-12-20
D3__018,4.006405124099279,2022-12-20
D3__025,3.084393837910248,2022-12-20
D3__074,2.4006734006734005,2022-12-20
D3__080,3.1603960396039605,2022-12-20
D3__085,5.452002542911634,2022-12-20
D4__010,5.402214022140221,2022-12-20
D4__038,2.9710591133004924,2022-12-20
D4__039,3.776750330250991,2022-12-20
D4__056,6.7437722419928825,2022-12-20
D4__060,7.261430246189918,2022-12-20
ROOS3,16.131305637982194,2022-12-20
ROOS2,10.8262987012987,2022-12-20
ROOS1,27.995833333333334,2022-12-20
TC014,36.68099547511312,2022-12-20
TC013,57.09581789306512,2022-12-20
TC015,42.406417112299465,2022-12-20
TC016,31.768200836820085,2022-12-20
TC012,19.964547206165705,2022-12-20
Knaggs_011,22.7935902327356,2022-12-20
Knaggs_010,43.19429097605893,2022-12-20
Knaggs_009,16.340983606557376,2022-12-20
TC022,4.079842931937173,2022-12-20
TC023,4.298418972332016,2022-12-20
TC020,3.5944192083062947,2022-12-20
TC005,0,2022-12-20
TC006,0,2022-12-20
TC007_008,0,2022-12-20
12-1,37.472103004291846,2022-12-20
24-2W,39.518304431599226,2022-12-20
7-1,66.87045813586099,2022-12-20
39-2,31.452332657200813,2022-12-20
15-3,2.8470474346563406,2022-12-20
10-4,NA,2022-12-20
6-4,34.65489130434783,2022-12-20
15-8,3.6306818181818175,2022-12-20
15-6,3.22279792746114,2022-12-20
4-1,15.342826437399248,2022-12-20
23-1,NA,2022-12-20
17-1,5.0185,2022-12-20
1-3,48.45524542829644,2022-12-20
1-2,41.97853107344633,2022-12-20
13-1,50.79623287671233,2022-12-20
1-4,30.35430463576159,2022-12-20
36-2,57.77777777777778,2022-12-20
3-3/3-4,14.6998191681736,2022-12-20
39-4,45.60925925925926,2022-12-20
6-3,43.98449612403101,2022-12-20
15-1,3.1279669762641897,2022-12-20
19-1,34.56071428571428,2022-12-20
24-2E,31.46333333333333,2022-12-20
18-6,47.47222222222222,2022-12-20
20-1,41.7453488372093,2022-12-20
,36.453947368421055,2022-12-20
13-3,46.70377358490566,2022-12-20
1-5,37.206896551724135,2022-12-20
36-2,24.6304,2022-12-20
10-2,18.76614481409002,2022-12-20
31-3,42.85245901639344,2022-12-20
31-3,40.762721238938056,2022-12-20
31-4,34.524,2022-12-20
24-2W,39.012953367875646,2022-12-20
17-3,5.0005109862033725,2022-12-20
18-3,48.22052154195011,2022-12-20
13-2E,38.47878787878788,2022-12-20
13-5,42.377167630057805,2022-12-20
24-2W,21.20419847328244,2022-12-20
10-1,9.51588785046729,2022-12-20
3-1/3-2,31.67997198879552,2022-12-20
39-3,158.24534161490683,2022-12-20
6-2,46.43383584589615,2022-12-20
8-4,3.694877505567929,2022-12-20
33-4,35.38461538461539,2022-12-20
16-3,60.90555555555556,2022-12-20
7-4,42.753060138371474,2022-12-20
20-2,38.089243498817964,2022-12-20
,18.00681431005111,2022-12-20
24-3,18.371069182389935,2022-12-20
24-4,23.356940509915013,2022-12-20
20-3,44.31995277449823,2022-12-20
13-7,55.778125,2022-12-20
7-2,60.07923076923077,2022-12-20
12-2,63.62938230383973,2022-12-20
,32.70175438596491,2022-12-20
15-3,32.559709241952234,2022-12-20
10-4,16.246879334257976,2022-12-20
33-2,48.36507936507937,2022-12-20
38-5,41.68483816013629,2022-12-20
18-2,42.93789534215066,2022-12-20
,5.028688524590164,2022-12-20
18-1,4.043921568627451,2022-12-20
13-2W,43.691153238546605,2022-12-20
7-5,38.67875125881168,2022-12-20
,5.005050505050505,2022-12-20
13-6,50.65714285714286,2022-12-20
39-1,24.901898734177216,2022-12-20
15-2,4.085996513654852,2022-12-20
31-4,36.397260273972606,2022-12-20
9-2,25.46807817589577,2022-12-20
8-2,61.19640287769784,2022-12-20
27-1,31.47085201793722,2022-12-20
7-3,48.99651972157773,2022-12-20
19-2,35.950808625336926,2022-12-20
38-0,121.85266903914592,2022-12-20
,12.951690821256038,2022-12-20
39-3,154.13679245283018,2022-12-20
39-5,140.96039603960395,2022-12-20
39-5,122.68352941176472,2022-12-20
,43.52777777777778,2022-12-20
38-6,41.64768413059985,2022-12-20
8-3,42.56016260162602,2022-12-20
22-2,36.825,2022-12-20
22-2,39.82843137254902,2022-12-20
22-2,37.47222222222222,2022-12-20
19-1,35.28,2022-12-20
19-1,30.92446043165468,2022-12-20
19-1,33.59607843137255,2022-12-20
19-1,35.60456273764259,2022-12-20
19-1,40.73529411764706,2022-12-20
19-1,40.84975369458128,2022-12-20
19-1,43.096296296296295,2022-12-20
19-1,29,2022-12-20
19-1,35.25,2022-12-20
19-1,33.48518518518519,2022-12-20
24-2E,48.25552050473186,2022-12-20
24-3,16.845303867403317,2022-12-20
24-3,17.127868852459017,2022-12-20
24-4,19.28450704225352,2022-12-20
24-4,22.466666666666665,2022-12-20
19-2,28.81476846057572,2022-12-20
,29.866666666666667,2022-12-20
36-1,26.88405797101449,2022-12-20
36-1,31.235294117647054,2022-12-20
36-3,66.96899224806202,2022-12-20
23-1,NA,2022-12-20
6-3,39.52127659574468,2022-12-20
6-3,38.40163934426229,2022-12-20
39-3,146.54166666666666,2022-12-20
6-3,47.266666666666666,2022-12-20
6-3,46.08152173913044,2022-12-20
6-4,30.48790322580645,2022-12-20
6-5W,31.75211267605634,2022-12-20
6-5E,25.90092165898617,2022-12-20
22-2,35.44565217391305,2022-12-20
22-2,45.31428571428572,2022-12-20
22-2,38.52173913043478,2022-12-20
22-2,42.64,2022-12-20
,17.849529780564264,2022-12-20
,14.619493908153702,2022-12-20
,13.853658536585366,2022-12-20
,35,2022-12-20
,13.392938496583144,2022-12-20
,19.23262411347518,2022-12-20
,16.55627425614489,2022-12-20
,13.491731940818102,2022-12-20
,46.05383022774327,2022-12-20
23-1,37.56704288939052,2022-12-20
23-2,15.115196078431373,2022-12-20
34-2,22.425531914893615,2022-12-20
28-5,46.55109837631328,2022-12-20
28-4,5.02012987012987,2022-12-20
38-7,4.651645569620253,2022-12-20
28-2,3.903010033444816,2022-12-20
28-1,4.642126789366054,2022-12-20
16-1,44.96842878120411,2022-12-20
4-2,4.966134809508303,2022-12-20
HansHerkert,26.923605604017972,2022-12-25
YoloBasin,20.76064814814815,2022-12-25
HPond,24.04789029535865,2022-12-25
Lucky5,14.626747261050246,2022-12-25
76,3.0482412060301507,2022-12-25
70,3.3469662921348315,2022-12-25
71,2.948652770716828,2022-12-25
72,4.513062812673708,2022-12-25
64,3.084144645340751,2022-12-25
63,2.632458233890215,2022-12-25
Pond5,22.515625,2022-12-25
Pond6,23.918108419838525,2022-12-25
Pond7,26.15220700152207,2022-12-25
Pond8,25.14137214137214,2022-12-25
Pond9,9.308035714285714,2022-12-25
Pond10,16.283315844700944,2022-12-25
Newstrom,3.390180878552972,2022-12-25
C300,2.8939311098961182,2022-12-25
Souza1-4,4.9412238325281805,2022-12-25
Souza106,3.680701754385965,2022-12-25
Dingville1,2.750160153747597,2022-12-25
Dingville3,4.60621030345801,2022-12-25
Dingville4,3.007398273736128,2022-12-25
ShadyOaks(MichaelRue),6.935736677115988,2022-12-25
NorthCreekHouse(R&F Ranch),12.967571144937128,2022-12-25
RioOsoRanch(RioOso),5.239802224969098,2022-12-25
Bluebird(R&F RealEstate),10.610123855681206,2022-12-25
Morrison(MichaelRue),13.553359683794469,2022-12-25
Knaggs,16.11190545666764,2022-12-25
TuleBasin(Chesapeak),17.117200674536257,2022-12-25
TuleBasin,5.250300842358604,2022-12-25
CapOil,16.637091607943624,2022-12-25
TidesEnd,25.770068027210883,2022-12-25
Field 29C,2.389969293756397,2022-12-25
Field 29B,2.0944741532976825,2022-12-25
Field 29A,2.5425,2022-12-25
Field 25E,1.9415357766143104,2022-12-25
Field 25D,2.136134453781513,2022-12-25
Field 25C,20.86429725363489,2022-12-25
Field 26EE,5.667386609071274,2022-12-25
Field 26CW,17.008316008316008,2022-12-25
Field 26D - 50% ONLY,40.77978723404255,2022-12-25
Field 18,4.320773930753564,2022-12-25
Field 20A,2.736205990541251,2022-12-25
Field 20B,2.5230102869518136,2022-12-25
Field 21,3.340263894442223,2022-12-25
Field and Tule,30.125348189415043,2022-12-25
055D,8.868442964196502,2022-12-25
055E,3.016220600162206,2022-12-25
056A,24.72652388797364,2022-12-25
056B,6.546718146718146,2022-12-25
056F,21.19606512890095,2022-12-25
056E,39.34605087014726,2022-12-25
056G,34.46629213483146,2022-12-25
056H,39.22093023255814,2022-12-25
056I,32.29254079254079,2022-12-25
056J,4.172276098117512,2022-12-25
056K,2.818291944276196,2022-12-25
056L,3.136417556346382,2022-12-25
056M,3.982541899441341,2022-12-25
056N,3.4284452296819787,2022-12-25
056P,3.472355769230769,2022-12-25
056Q,3.862973760932944,2022-12-25
061,34.62140992167102,2022-12-25
068B,3.243379571248424,2022-12-25
069A3,17.847167325428195,2022-12-25
069B,23.206283343212803,2022-12-25
069C,33.96402116402116,2022-12-25
072A,40.62756792577866,2022-12-25
072B,42,2022-12-25
076A1,5.811934900542496,2022-12-25
076A1,5.811934900542496,2022-12-25
076B,6.203438395415473,2022-12-25
076CW,5.570912375790424,2022-12-25
078A,38.666047087980175,2022-12-25
078B,38.412,2022-12-25
078C,37.14,2022-12-25
088,25.33123595505618,2022-12-25
089B,13.065536723163842,2022-12-25
089A,NA,2022-12-25
090A,6.447565543071161,2022-12-25
091A,6.662371134020619,2022-12-25
091B,4.281209781209781,2022-12-25
093A,3.0209205020920504,2022-12-25
093B,10.728671328671329,2022-12-25
093C,33.112237998647736,2022-12-25
093D,33.1375,2022-12-25
093E,29.260443864229764,2022-12-25
094B,3.1865671641791047,2022-12-25
096AW2,26.297785069729287,2022-12-25
096AW1,25.90531561461794,2022-12-25
100A,51.58135860979463,2022-12-25
100B,25.191091954022987,2022-12-25
100C,7.244299674267101,2022-12-25
100DE,2.774917491749175,2022-12-25
100G,2.9805527123848514,2022-12-25
100M1,4.11417004048583,2022-12-25
100N,11.591743119266056,2022-12-25
102D,8.207729468599034,2022-12-25
102G,6.218787878787879,2022-12-25
102J,11.774122807017545,2022-12-25
106H6,16.511111111111113,2022-12-25
106H3,32.32006920415225,2022-12-25
106H4,27.023931623931624,2022-12-25
106H2,21.257801899592945,2022-12-25
106H2,26.002777777777776,2022-12-25
110F,2.895693779904306,2022-12-25
110G,12.87704918032787,2022-12-25
110J,2.557392102846648,2022-12-25
110K,34.835394456289976,2022-12-25
110L,37.96074074074074,2022-12-25
111A,53.892703862660944,2022-12-25
111B,63.17218543046358,2022-12-25
111C,59.354207436399214,2022-12-25
111D,53.60511882998172,2022-12-25
111E,31.820739968733715,2022-12-25
111F,12.74394006170119,2022-12-25
111G,8.998179335457442,2022-12-25
111H,34.830921553693834,2022-12-25
111J,44.23992322456814,2022-12-25
111K,44.833333333333336,2022-12-25
116A,5.366559485530547,2022-12-25
116D,7.070083682008368,2022-12-25
131D,6.618110236220472,2022-12-25
131F,17.659326424870468,2022-12-25
192EN,8.178521617852162,2022-12-25
192ES,3.5735702387562465,2022-12-25
203-42,2.8849840255591053,2022-12-25
203-41,2.363026235509457,2022-12-25
205C,5.723076923076923,2022-12-25
205E,2.135763670647392,2022-12-25
205W,4.344025661587811,2022-12-25
206SW,2.195540308747856,2022-12-25
207E,12.696127946127946,2022-12-25
207W,39.645390070921984,2022-12-25
208E,2.572058823529412,2022-12-25
208W,31.468888888888888,2022-12-25
209E,33.59965034965035,2022-12-25
209W,31.7983367983368,2022-12-25
210E,39.35540069686411,2022-12-25
210W,30.80581761006289,2022-12-25
211E,40.443483275663205,2022-12-25
211C,40.95092838196287,2022-12-25
211SE,32.11538461538461,2022-12-25
211SWE,40.07692307692308,2022-12-25
211SWW,36.03896103896104,2022-12-25
211W,39.15081081081081,2022-12-25
212E,39.37768240343348,2022-12-25
212W,59.82702702702703,2022-12-25
213E,22.01540522438044,2022-12-25
213W,2.55428186109238,2022-12-25
214E,30.123318385650222,2022-12-25
214W,2.7798594847775178,2022-12-25
215E,2.6371681415929205,2022-12-25
215W,3.270304568527919,2022-12-25
216E,3.6285355122564416,2022-12-25
216W,4.466420209488601,2022-12-25
217E,34.92282608695652,2022-12-25
217W,35.24317912218268,2022-12-25
218E,30.949066213921903,2022-12-25
218W,37.98360655737705,2022-12-25
219E,2.690571049136786,2022-12-25
219W,2.8100407055630936,2022-12-25
220E,2.770392749244713,2022-12-25
220W,16.943639291465377,2022-12-25
221E,30.065868263473053,2022-12-25
221S,11.914323962516734,2022-12-25
221W,33.57814407814408,2022-12-25
222E,33.418222976796834,2022-12-25
222W,37.19152542372881,2022-12-25
Barale,27.8046875,2022-12-25
BorderTule,15.923668758858067,2022-12-25
8-4,2.6155606407322654,2022-12-25
21-1,4.21497919556172,2022-12-25
21-2,3.8089343379978473,2022-12-25
5-3,20.054753309265944,2022-12-25
5-2,4.507916402786574,2022-12-25
5-1,25.44128329297821,2022-12-25
32-3,12.098874204601076,2022-12-25
32-2,6.442776735459662,2022-12-25
32-1,3.1716171617161715,2022-12-25
21-3,40.16996507566938,2022-12-25
21-4,2.8649669499527857,2022-12-25
16-2,39.25902912621359,2022-12-25
9-1,49.79140328697851,2022-12-25
22-1,27.959885386819483,2022-12-25
31-1,25.41970519782777,2022-12-25
31-2,29.869806094182824,2022-12-25
27-2,20.69176574196389,2022-12-25
18-5,27.37149028077754,2022-12-25
24-1,25.008163265306123,2022-12-25
17-2,3.1023890784982937,2022-12-25
Staten Island Pilot,7.905389685924777,2022-12-25
D1A_019,2.72655634357762,2022-12-25
D1A_032,3.7534996956786366,2022-12-25
D1A_050,13.404083570750238,2022-12-25
D3__017,2.790395846852693,2022-12-25
D3__018,3.401921537229784,2022-12-25
D3__025,2.5519089082384463,2022-12-25
D3__074,2.1468013468013467,2022-12-25
D3__080,2.603300330033003,2022-12-25
D3__085,2.527018436109345,2022-12-25
D4__010,5.853452820242488,2022-12-25
D4__038,2.229679802955665,2022-12-25
D4__039,2.331571994715984,2022-12-25
D4__056,4.052491103202847,2022-12-25
D4__060,3.876905041031653,2022-12-25
ROOS3,13.809099901088032,2022-12-25
ROOS2,13.48538961038961,2022-12-25
ROOS1,37.04583333333333,2022-12-25
TC014,21.947963800904976,2022-12-25
TC013,32.46003176283748,2022-12-25
TC015,25.206773618538325,2022-12-25
TC016,22.64602510460251,2022-12-25
TC012,13.242003853564547,2022-12-25
Knaggs_011,14.782144219763447,2022-12-25
Knaggs_010,23.635359116022094,2022-12-25
Knaggs_009,10.403747072599533,2022-12-25
TC022,3.282068062827225,2022-12-25
TC023,3.2470355731225298,2022-12-25
TC020,2.682024659312135,2022-12-25
TC005,0,2022-12-25
TC006,0,2022-12-25
TC007_008,0,2022-12-25
12-1,20.72961373390558,2022-12-25
24-2W,23.477842003853564,2022-12-25
7-1,46.41153238546603,2022-12-25
39-2,22.85395537525355,2022-12-25
15-3,13.845111326234267,2022-12-25
10-4,NA,2022-12-25
6-4,23.855978260869566,2022-12-25
15-8,3.383522727272727,2022-12-25
15-6,3.266839378238342,2022-12-25
4-1,20.514777001612035,2022-12-25
23-1,NA,2022-12-25
17-1,4.12,2022-12-25
1-3,31.05967276227141,2022-12-25
1-2,31.17401129943503,2022-12-25
13-1,32.28082191780822,2022-12-25
1-4,21.91721854304636,2022-12-25
36-2,32.818627450980394,2022-12-25
3-3/3-4,9.69680530440024,2022-12-25
39-4,32.657407407407405,2022-12-25
6-3,27.399224806201552,2022-12-25
15-1,2.571207430340557,2022-12-25
19-1,24.53214285714286,2022-12-25
24-2E,20.343333333333334,2022-12-25
18-6,30.02777777777778,2022-12-25
20-1,28.653488372093022,2022-12-25
,11.736842105263158,2022-12-25
13-3,32.67735849056604,2022-12-25
1-5,24.978927203065133,2022-12-25
36-2,20.2144,2022-12-25
10-2,12.189823874755382,2022-12-25
31-3,23.96584699453552,2022-12-25
31-3,25.56139380530973,2022-12-25
31-4,23.712,2022-12-25
24-2W,24.10103626943005,2022-12-25
17-3,4.5181400102197244,2022-12-25
18-3,30.75056689342404,2022-12-25
13-2E,23.272727272727277,2022-12-25
13-5,32.06936416184971,2022-12-25
24-2W,17.40267175572519,2022-12-25
10-1,32.73644859813084,2022-12-25
3-1/3-2,16.102941176470587,2022-12-25
39-3,82.34782608695652,2022-12-25
6-2,32.97487437185929,2022-12-25
8-4,2.88195991091314,2022-12-25
33-4,17.375488917861798,2022-12-25
16-3,27.42037037037037,2022-12-25
7-4,27.269292176689728,2022-12-25
20-2,27.59338061465721,2022-12-25
,27.74105621805792,2022-12-25
24-3,15.4811320754717,2022-12-25
24-4,17.844192634560905,2022-12-25
20-3,28.94746162927981,2022-12-25
13-7,33.425,2022-12-25
7-2,37.39153846153846,2022-12-25
12-2,33.469115191986646,2022-12-25
,20.46198830409357,2022-12-25
15-3,22.33489096573209,2022-12-25
10-4,28.961858529819693,2022-12-25
33-2,21.85873015873016,2022-12-25
38-5,29.448040885860305,2022-12-25
18-2,29.37262794709603,2022-12-25
,3.987704918032787,2022-12-25
18-1,5.1607843137254905,2022-12-25
13-2W,24.87440758293839,2022-12-25
7-5,24.84491440080564,2022-12-25
,5.228956228956229,2022-12-25
13-6,33.09142857142857,2022-12-25
39-1,18.03481012658228,2022-12-25
15-2,9.811737361998835,2022-12-25
31-4,21.310502283105023,2022-12-25
9-2,15.35244299674267,2022-12-25
8-2,33.00431654676259,2022-12-25
27-1,17.770892784345698,2022-12-25
7-3,30.8631090487239,2022-12-25
19-2,24.39757412398922,2022-12-25
38-0,56.58362989323843,2022-12-25
,8.294685990338165,2022-12-25
39-3,71.39150943396227,2022-12-25
39-5,67.54455445544555,2022-12-25
39-5,64.10470588235295,2022-12-25
,29.52777777777778,2022-12-25
38-6,28.43963553530752,2022-12-25
8-3,30.01910569105691,2022-12-25
22-2,24.12333333333333,2022-12-25
22-2,24.573529411764707,2022-12-25
22-2,27.40277777777778,2022-12-25
19-1,22.577142857142857,2022-12-25
19-1,20.22302158273381,2022-12-25
19-1,24.152941176470588,2022-12-25
19-1,22.433460076045627,2022-12-25
19-1,27.841911764705884,2022-12-25
19-1,27.07881773399015,2022-12-25
19-1,28.95925925925926,2022-12-25
19-1,22.071428571428573,2022-12-25
19-1,23.678571428571427,2022-12-25
19-1,23.01851851851852,2022-12-25
24-2E,30.233438485804417,2022-12-25
24-3,16.96961325966851,2022-12-25
24-3,17.875409836065575,2022-12-25
24-4,15.591549295774648,2022-12-25
24-4,16.389473684210525,2022-12-25
19-2,19.40613266583229,2022-12-25
,19.55555555555556,2022-12-25
36-1,17.347826086956523,2022-12-25
36-1,18.26960784313725,2022-12-25
36-3,31.51937984496124,2022-12-25
23-1,NA,2022-12-25
6-3,30.43617021276596,2022-12-25
6-3,27.614754098360656,2022-12-25
39-3,75.26666666666667,2022-12-25
6-3,31.946666666666665,2022-12-25
6-3,28.065217391304348,2022-12-25
6-4,20.221774193548388,2022-12-25
6-5W,19.898591549295773,2022-12-25
6-5E,20.297235023041477,2022-12-25
22-2,22.77717391304348,2022-12-25
22-2,27.682142857142857,2022-12-25
22-2,26.420289855072465,2022-12-25
22-2,28.235,2022-12-25
,14.306165099268547,2022-12-25
,11.10215557638238,2022-12-25
,10.698331193838252,2022-12-25
,18.79310344827586,2022-12-25
,10.733485193621869,2022-12-25
,13.299290780141844,2022-12-25
,13.514877102199224,2022-12-25
,10.234116623150566,2022-12-25
,23.766045548654244,2022-12-25
23-1,15.991873589164786,2022-12-25
23-2,11.615196078431373,2022-12-25
34-2,17.55851063829787,2022-12-25
28-5,24.943170964660936,2022-12-25
28-4,4.453246753246753,2022-12-25
38-7,3.7377215189873416,2022-12-25
28-2,3.3344481605351173,2022-12-25
28-1,3.741820040899796,2022-12-25
16-1,14.737885462555068,2022-12-25
4-2,4.76131553239987,2022-12-25
HansHerkert,96.12767644726408,2022-12-30
YoloBasin,25.38888888888889,2022-12-30
HPond,26.57130801687764,2022-12-30
Lucky5,14.670948243294296,2022-12-30
76,10.338693467336684,2022-12-30
70,14.900224719101123,2022-12-30
71,12.020335536349773,2022-12-30
72,12.282934963868817,2022-12-30
64,12.721140472878998,2022-12-30
63,11.123508353221958,2022-12-30
Pond5,16.821614583333332,2022-12-30
Pond6,20.880046136101495,2022-12-30
Pond7,36.242009132420094,2022-12-30
Pond8,16.065488565488565,2022-12-30
Pond9,16.392857142857142,2022-12-30
Pond10,19.95068205666317,2022-12-30
Newstrom,12.513565891472869,2022-12-30
C300,12.82941498086386,2022-12-30
Souza1-4,13.217391304347826,2022-12-30
Souza106,11.649122807017545,2022-12-30
Dingville1,11.252402306213966,2022-12-30
Dingville3,12.045871559633028,2022-12-30
Dingville4,12.152281134401973,2022-12-30
ShadyOaks(MichaelRue),9.7225705329153609,2022-12-30
NorthCreekHouse(R&F Ranch),19.240900066181336,2022-12-30
RioOsoRanch(RioOso),13.84796044499382,2022-12-30
Bluebird(R&F RealEstate),18.99299946149704,2022-12-30
Morrison(MichaelRue),17.649350649350648,2022-12-30
Knaggs,60.43201050481471,2022-12-30
TuleBasin(Chesapeak),18.36994097807757,2022-12-30
TuleBasin,10.678700361010833,2022-12-30
CapOil,18.667841127482383,2022-12-30
TidesEnd,22.476190476190474,2022-12-30
Field 29C,10.95598771750256,2022-12-30
Field 29B,9.488413547237077,2022-12-30
Field 29A,11,2022-12-30
Field 25E,10.606457242582897,2022-12-30
Field 25D,9.6,2022-12-30
Field 25C,40.45718901453958,2022-12-30
Field 26EE,12.40172786177106,2022-12-30
Field 26CW,27.826403326403327,2022-12-30
Field 26D - 50% ONLY,49.53829787234042,2022-12-30
Field 18,9.832484725050916,2022-12-30
Field 20A,10.588018917498689,2022-12-30
Field 20B,10.760693015701136,2022-12-30
Field 21,10.824470211915234,2022-12-30
Field and Tule,27.85575009948269,2022-12-30
055D,11.500416319733556,2022-12-30
055E,9.85969180859692,2022-12-30
056A,44.64662273476112,2022-12-30
056B,16.543629343629345,2022-12-30
056F,89.30054274084125,2022-12-30
056E,120.58902275769744,2022-12-30
056G,108.88202247191012,2022-12-30
056H,144.44011627906977,2022-12-30
056I,112.9423076923077,2022-12-30
056J,12.83285795778665,2022-12-30
056K,9.561477892186554,2022-12-30
056L,11.176156583629894,2022-12-30
056M,15.98254189944134,2022-12-30
056N,13.301236749116608,2022-12-30
056P,12.349759615384617,2022-12-30
056Q,11.008746355685131,2022-12-30
061,131.0052219321149,2022-12-30
068B,9.619167717528374,2022-12-30
069A3,56.820816864295125,2022-12-30
069B,78.76763485477179,2022-12-30
069C,115.13968253968254,2022-12-30
072A,159.71106693174286,2022-12-30
072B,174.05443037974683,2022-12-30
076A1,15.124773960217,2022-12-30
076A1,15.124773960217,2022-12-30
076B,16.72015281757402,2022-12-30
076CW,12.981029810298104,2022-12-30
078A,131.272614622057,2022-12-30
078B,135.68533333333335,2022-12-30
078C,126.27125,2022-12-30
088,51.66606741573034,2022-12-30
089B,17.36271186440678,2022-12-30
089A,NA,2022-12-30
090A,22.94943820224719,2022-12-30
091A,15.121134020618555,2022-12-30
091B,12.262548262548265,2022-12-30
093A,9.654114365411436,2022-12-30
093B,10.325874125874126,2022-12-30
093C,76.06626098715348,2022-12-30
093D,52.42763157894737,2022-12-30
093E,54.7565274151436,2022-12-30
094B,10.486092265943013,2022-12-30
096AW2,44.69647251845775,2022-12-30
096AW1,79.43770764119601,2022-12-30
100A,54.88309636650869,2022-12-30
100B,18.615421455938694,2022-12-30
100C,21.08794788273616,2022-12-30
100DE,9.455445544554456,2022-12-30
100G,8.73899692937564,2022-12-30
100M1,10.091497975708505,2022-12-30
100N,30.68256880733945,2022-12-30
102D,9.430555555555555,2022-12-30
102G,17.715757575757575,2022-12-30
102J,13.182017543859647,2022-12-30
106H6,29.369444444444444,2022-12-30
106H3,69.27508650519032,2022-12-30
106H4,50.97094017094017,2022-12-30
106H2,35.9674355495251,2022-12-30
106H2,51.891666666666666,2022-12-30
110F,10.178947368421053,2022-12-30
110G,11.550546448087433,2022-12-30
110J,9.953168044077136,2022-12-30
110K,74.21151385927506,2022-12-30
110L,61.583333333333336,2022-12-30
111A,119.57081545064378,2022-12-30
111B,121.62472406181016,2022-12-30
111C,119.91585127201566,2022-12-30
111D,134.2998171846435,2022-12-30
111E,40.9098488796248,2022-12-30
111F,18.06346408109299,2022-12-30
111G,12.171597633136097,2022-12-30
111H,11.342726580350345,2022-12-30
111J,130.66218809980805,2022-12-30
111K,135.36904761904762,2022-12-30
116A,12.109324758842444,2022-12-30
116D,13.892259414225942,2022-12-30
131D,15.84251968503937,2022-12-30
131F,38.244818652849744,2022-12-30
192EN,13.257322175732218,2022-12-30
192ES,12.139922265408106,2022-12-30
203-42,9.983226837060704,2022-12-30
203-41,9.563148261134838,2022-12-30
205C,9.973504273504274,2022-12-30
205E,10.328095537397862,2022-12-30
205W,8.594226142742583,2022-12-30
206SW,10.572898799313894,2022-12-30
207E,11.106060606060606,2022-12-30
207W,156.01103230890465,2022-12-30
208E,9.325735294117647,2022-12-30
208W,128.74296296296296,2022-12-30
209E,143.2666083916084,2022-12-30
209W,132.8170478170478,2022-12-30
210E,155.7848432055749,2022-12-30
210W,120.3867924528302,2022-12-30
211E,149.74625144175317,2022-12-30
211C,154.21750663129973,2022-12-30
211SE,132.7576923076923,2022-12-30
211SWE,153.35222672064776,2022-12-30
211SWW,156.08658008658008,2022-12-30
211W,150.35297297297296,2022-12-30
212E,146.67435622317598,2022-12-30
212W,63.178378378378376,2022-12-30
213E,25.282652377762894,2022-12-30
213W,9.45515846257586,2022-12-30
214E,85.53026905829596,2022-12-30
214W,10.126463700234192,2022-12-30
215E,9.404551201011378,2022-12-30
215W,10.628172588832488,2022-12-30
216E,11.043368950345696,2022-12-30
216W,13.74060382008626,2022-12-30
217E,38.354891304347824,2022-12-30
217W,93.3534994068802,2022-12-30
218E,88.4442558007923,2022-12-30
218W,144.60655737704917,2022-12-30
219E,8.47277556440903,2022-12-30
219W,8.611261872455902,2022-12-30
220E,8.376132930513595,2022-12-30
220W,8.276972624798711,2022-12-30
221E,9.966733200266134,2022-12-30
221S,8.414993306559571,2022-12-30
221W,62.11172161172161,2022-12-30
222E,113.87492925863044,2022-12-30
222W,132.72090395480225,2022-12-30
Barale,37.4453125,2022-12-30
BorderTule,16.161166227981372,2022-12-30
8-4,12.009153318077804,2022-12-30
21-1,14.919093851132686,2022-12-30
21-2,14.817545748116254,2022-12-30
5-3,22.471119133574007,2022-12-30
5-2,12.750474984167194,2022-12-30
5-1,17.133777239709442,2022-12-30
32-3,16.85364659813999,2022-12-30
32-2,14.793621013133208,2022-12-30
32-1,10.048404840484048,2022-12-30
21-3,160.63213038416762,2022-12-30
21-4,12.332389046270066,2022-12-30
16-2,131.40466019417477,2022-12-30
9-1,153.14285714285714,2022-12-30
22-1,135.4269340974212,2022-12-30
31-1,115.9154383242824,2022-12-30
31-2,112.46537396121884,2022-12-30
27-2,99.41831792162044,2022-12-30
18-5,111.19438444924404,2022-12-30
24-1,72.64795918367346,2022-12-30
17-2,13.320819112627987,2022-12-30
Staten Island Pilot,0,2022-12-30
D1A_019,10.6327817178881,2022-12-30
D1A_032,9.933049300060864,2022-12-30
D1A_050,12.57454890788224,2022-12-30
D3__017,10.966904607397794,2022-12-30
D3__018,10.67413931144916,2022-12-30
D3__025,12.01138647019424,2022-12-30
D3__074,10.253872053872056,2022-12-30
D3__080,10.232343234323432,2022-12-30
D3__085,10.064844246662428,2022-12-30
D4__010,12.290985767000528,2022-12-30
D4__038,11.4064039408867,2022-12-30
D4__039,10.459048877146632,2022-12-30
D4__056,10.855871886120996,2022-12-30
D4__060,10.611957796014067,2022-12-30
ROOS3,20.266320474777448,2022-12-30
ROOS2,19.131493506493506,2022-12-30
ROOS1,37.40625,2022-12-30
TC014,55.81221719457014,2022-12-30
TC013,130.36421386977236,2022-12-30
TC015,61.339572192513366,2022-12-30
TC016,22.17238493723849,2022-12-30
TC012,46.53757225433526,2022-12-30
Knaggs_011,40.65814574589851,2022-12-30
Knaggs_010,110.28268876611418,2022-12-30
Knaggs_009,34.859484777517565,2022-12-30
TC022,10.56675392670157,2022-12-30
TC023,11.648880105401844,2022-12-30
TC020,11.786502271252434,2022-12-30
TC005,0,2022-12-30
TC006,0,2022-12-30
TC007_008,0,2022-12-30
12-1,10.549356223175966,2022-12-30
24-2W,87.21194605009634,2022-12-30
7-1,104.1429699842022,2022-12-30
39-2,44.65415821501014,2022-12-30
15-3,14.16650532429816,2022-12-30
10-4,NA,2022-12-30
6-4,21.48913043478261,2022-12-30
15-8,9.761363636363637,2022-12-30
15-6,10.476683937823834,2022-12-30
4-1,26.903815153143476,2022-12-30
23-1,NA,2022-12-30
17-1,15.1845,2022-12-30
1-3,127.18768046198268,2022-12-30
1-2,61.70734463276836,2022-12-30
13-1,98.78938356164385,2022-12-30
1-4,31.91721854304636,2022-12-30
36-2,114.45261437908496,2022-12-30
3-3/3-4,38.95961422543701,2022-12-30
39-4,64.06388888888888,2022-12-30
6-3,129.68217054263565,2022-12-30
15-1,10.89422084623323,2022-12-30
19-1,90.47142857142858,2022-12-30
24-2E,42.946666666666665,2022-12-30
18-6,113.57638888888889,2022-12-30
20-1,110.3,2022-12-30
,20.32236842105263,2022-12-30
13-3,99.55849056603772,2022-12-30
1-5,109.96360153256704,2022-12-30
36-2,31.6032,2022-12-30
10-2,46.166340508806265,2022-12-30
31-3,120.125,2022-12-30
31-3,117.83738938053098,2022-12-30
31-4,100.26,2022-12-30
24-2W,93.03886010362694,2022-12-30
17-3,11.404701073071028,2022-12-30
18-3,133.05839002267572,2022-12-30
13-2E,71.73181818181818,2022-12-30
13-5,103.09826589595376,2022-12-30
24-2W,36.85496183206107,2022-12-30
10-1,50.43738317757009,2022-12-30
3-1/3-2,65.7640056022409,2022-12-30
39-3,199.5248447204969,2022-12-30
6-2,131.08375209380233,2022-12-30
8-4,12.216035634743877,2022-12-30
33-4,69.51890482398957,2022-12-30
16-3,137.12345679012347,2022-12-30
7-4,112.96114954763172,2022-12-30
20-2,103.02718676122932,2022-12-30
,20.512776831345825,2022-12-30
24-3,32.37735849056604,2022-12-30
24-4,37.79603399433428,2022-12-30
20-3,55.55785123966942,2022-12-30
13-7,130.38125,2022-12-30
7-2,132.1769230769231,2022-12-30
12-2,68.35225375626044,2022-12-30
,57.08187134502924,2022-12-30
15-3,88.28504672897196,2022-12-30
10-4,22.357142857142858,2022-12-30
33-2,121.7984126984127,2022-12-30
38-5,66.16695059625214,2022-12-30
18-2,106.86083956296724,2022-12-30
,13.2827868852459,2022-12-30
18-1,12.00078431372549,2022-12-30
13-2W,73.91469194312796,2022-12-30
7-5,109.85699899295064,2022-12-30
,12.082491582491585,2022-12-30
13-6,131.88,2022-12-30
39-1,34.73892405063291,2022-12-30
15-2,26.84834398605462,2022-12-30
31-4,98.5296803652968,2022-12-30
9-2,11.85830618892508,2022-12-30
8-2,170.0661870503597,2022-12-30
27-1,90.99551569506728,2022-12-30
7-3,135.28924980665118,2022-12-30
19-2,82.84231805929919,2022-12-30
38-0,140.86548042704626,2022-12-30
,18.71014492753623,2022-12-30
39-3,208.58490566037736,2022-12-30
39-5,215.7722772277228,2022-12-30
39-5,210.59529411764703,2022-12-30
,83.16666666666667,2022-12-30
38-6,80.31890660592255,2022-12-30
8-3,123.4959349593496,2022-12-30
22-2,91.39666666666666,2022-12-30
22-2,98.66176470588236,2022-12-30
22-2,110.51388888888889,2022-12-30
19-1,77.40571428571428,2022-12-30
19-1,82.70863309352518,2022-12-30
19-1,86.97254901960784,2022-12-30
19-1,95.5019011406844,2022-12-30
19-1,99.4595588235294,2022-12-30
19-1,98.91133004926108,2022-12-30
19-1,100.66666666666669,2022-12-30
19-1,83.7,2022-12-30
19-1,92.81785714285714,2022-12-30
19-1,87.58148148148148,2022-12-30
24-2E,103.33753943217664,2022-12-30
24-3,31.97237569060773,2022-12-30
24-3,30.9344262295082,2022-12-30
24-4,36.84225352112676,2022-12-30
24-4,33.85263157894737,2022-12-30
19-2,70.090112640801,2022-12-30
,30.91111111111111,2022-12-30
36-1,52.371980676328505,2022-12-30
36-1,63.931372549019606,2022-12-30
36-3,123.17054263565892,2022-12-30
23-1,NA,2022-12-30
6-3,102.41489361702128,2022-12-30
6-3,111.59836065573772,2022-12-30
39-3,209.29166666666663,2022-12-30
6-3,107.86,2022-12-30
6-3,125.05978260869566,2022-12-30
6-4,33.16129032258065,2022-12-30
6-5W,21.097652582159625,2022-12-30
6-5E,24.140552995391705,2022-12-30
22-2,98.16847826086956,2022-12-30
22-2,98.91428571428573,2022-12-30
22-2,96.27173913043478,2022-12-30
22-2,108.705,2022-12-30
,30.00940438871473,2022-12-30
,29.22867853795689,2022-12-30
,24.2798459563543,2022-12-30
,29.15987460815047,2022-12-30
,27.132118451025057,2022-12-30
,33.693617021276594,2022-12-30
,33.292367399741266,2022-12-30
,28.521322889469104,2022-12-30
,35.20289855072464,2022-12-30
23-1,38.22437923250564,2022-12-30
23-2,22,2022-12-30
34-2,31.73404255319149,2022-12-30
28-5,143.22683858643745,2022-12-30
28-4,13.231168831168832,2022-12-30
38-7,12.624303797468354,2022-12-30
28-2,11.996655518394649,2022-12-30
28-1,13.28323108384458,2022-12-30
16-1,14.1071953010279,2022-12-30
4-2,13.170954086616735,2022-12-30
HansHerkert,80.77954004758128,2023-01-01
YoloBasin,34.30972222222222,2023-01-01
HPond,25.923839662447257,2023-01-01
Lucky5,18.710615791462036,2023-01-01
76,17.662311557788946,2023-01-01
70,17.762247191011237,2023-01-01
71,17.23182511438739,2023-01-01
72,19.29516397998888,2023-01-01
64,17.74547983310153,2023-01-01
63,16.793556085918855,2023-01-01
Pond5,18.02864583333333,2023-01-01
Pond6,22.41061130334487,2023-01-01
Pond7,25.93455098934551,2023-01-01
Pond8,17.54989604989605,2023-01-01
Pond9,17.017857142857142,2023-01-01
Pond10,20.561385099685204,2023-01-01
Newstrom,16.872093023255815,2023-01-01
C300,14.940404592673593,2023-01-01
Souza1-4,14.057165861513688,2023-01-01
Souza106,14.714035087719298,2023-01-01
Dingville1,14.156310057655348,2023-01-01
Dingville3,13.664784756527876,2023-01-01
Dingville4,14.702836004932182,2023-01-01
ShadyOaks(MichaelRue),11.23510971786834,2023-01-01
NorthCreekHouse(R&F Ranch),12.834546657842488,2023-01-01
RioOsoRanch(RioOso),12.444993819530284,2023-01-01
Bluebird(R&F RealEstate),11.929456112008616,2023-01-01
Morrison(MichaelRue),11.338226990400903,2023-01-01
Knaggs,52.333236066530496,2023-01-01
TuleBasin(Chesapeak),18.52107925801012,2023-01-01
TuleBasin,13.57801845166466,2023-01-01
CapOil,17.18962203715567,2023-01-01
TidesEnd,23.55555555555556,2023-01-01
Field 29C,8.146366427840327,2023-01-01
Field 29B,7.945632798573975,2023-01-01
Field 29A,7.974166666666667,2023-01-01
Field 25E,7.027923211169284,2023-01-01
Field 25D,7.810084033613445,2023-01-01
Field 25C,44.39660743134088,2023-01-01
Field 26EE,14.531317494600431,2023-01-01
Field 26CW,15.43035343035343,2023-01-01
Field 26D - 50% ONLY,30.30744680851064,2023-01-01
Field 18,13.363543788187371,2023-01-01
Field 20A,11.644245927482922,2023-01-01
Field 20B,11.053600433134813,2023-01-01
Field 21,11.631747301079567,2023-01-01
Field and Tule,22.652208515718264,2023-01-01
055D,12.812656119900083,2023-01-01
055E,11.879967558799676,2023-01-01
056A,35.19439868204283,2023-01-01
056B,12.382239382239382,2023-01-01
056F,88.6763907734057,2023-01-01
056E,119.82597054886212,2023-01-01
056G,88.86235955056179,2023-01-01
056H,148.5453488372093,2023-01-01
056I,100.32517482517484,2023-01-01
056J,12.350256702795209,2023-01-01
056K,9.838885523924894,2023-01-01
056L,12.083629893238436,2023-01-01
056M,15.310055865921788,2023-01-01
056N,14.603356890459365,2023-01-01
056P,13.676682692307692,2023-01-01
056Q,14.24927113702624,2023-01-01
061,137.62793733681465,2023-01-01
068B,10.835435056746531,2023-01-01
069A3,63.47826086956522,2023-01-01
069B,78.89922940130408,2023-01-01
069C,116.11428571428571,2023-01-01
072A,125.04837640821736,2023-01-01
072B,157.01012658227847,2023-01-01
076A1,14.153707052441227,2023-01-01
076A1,14.153707052441227,2023-01-01
076B,15.779369627507164,2023-01-01
076CW,18.013550135501355,2023-01-01
078A,143.54770755885997,2023-01-01
078B,142.56,2023-01-01
078C,141.88875,2023-01-01
088,14.2961797752809,2023-01-01
089B,21.812994350282487,2023-01-01
089A,NA,2023-01-01
090A,19.97565543071161,2023-01-01
091A,14.539948453608249,2023-01-01
091B,12.321750321750322,2023-01-01
093A,9.783821478382148,2023-01-01
093B,11.581818181818182,2023-01-01
093C,13.727518593644357,2023-01-01
093D,16.239473684210527,2023-01-01
093E,15.881853785900784,2023-01-01
094B,8.31886024423338,2023-01-01
096AW2,8.934372436423297,2023-01-01
096AW1,45.604651162790695,2023-01-01
100A,35.14323328067404,2023-01-01
100B,17.965996168582375,2023-01-01
100C,11.628664495114007,2023-01-01
100DE,7.982178217821782,2023-01-01
100G,7.1965199590583415,2023-01-01
100M1,8.867206477732793,2023-01-01
100N,20.172477064220185,2023-01-01
102D,7.353864734299517,2023-01-01
102G,13.115757575757575,2023-01-01
102J,8.55921052631579,2023-01-01
106H6,26.54722222222222,2023-01-01
106H3,53.24221453287197,2023-01-01
106H4,53.67521367521368,2023-01-01
106H2,25.03120759837178,2023-01-01
106H2,36.125,2023-01-01
110F,7.304306220095694,2023-01-01
110G,7.687158469945355,2023-01-01
110J,6.8994490358126725,2023-01-01
110K,16.81449893390192,2023-01-01
110L,14.851481481481482,2023-01-01
111A,124.31115879828326,2023-01-01
111B,119.78476821192054,2023-01-01
111C,128.70841487279844,2023-01-01
111D,140.3053016453382,2023-01-01
111E,17.019801980198018,2023-01-01
111F,18.36007051564566,2023-01-01
111G,8.979062357760583,2023-01-01
111H,9.954303122619956,2023-01-01
111J,120.53742802303265,2023-01-01
111K,143.95238095238096,2023-01-01
116A,7.781350482315113,2023-01-01
116D,9.786610878661088,2023-01-01
131D,12.496062992125983,2023-01-01
131F,43.840673575129536,2023-01-01
192EN,20.221757322175733,2023-01-01
192ES,17.933925596890617,2023-01-01
203-42,27.427316293929717,2023-01-01
203-41,25.848078096400243,2023-01-01
205C,26.454700854700853,2023-01-01
205E,26.389692017598996,2023-01-01
205W,20.05533279871692,2023-01-01
206SW,16.801029159519725,2023-01-01
207E,15.143939393939394,2023-01-01
207W,144.54215918045705,2023-01-01
208E,23.77647058823529,2023-01-01
208W,100.07037037037036,2023-01-01
209E,136.77972027972027,2023-01-01
209W,95.35966735966736,2023-01-01
210E,144.97560975609755,2023-01-01
210W,82.44732704402516,2023-01-01
211E,145.62053056516726,2023-01-01
211C,159.6624668435013,2023-01-01
211SE,117.48461538461538,2023-01-01
211SWE,141.32793522267207,2023-01-01
211SWW,142.3939393939394,2023-01-01
211W,153.5291891891892,2023-01-01
212E,144.66738197424894,2023-01-01
212W,16.02756756756757,2023-01-01
213E,10.98861352980576,2023-01-01
213W,10.987188132164531,2023-01-01
214E,37.91591928251121,2023-01-01
214W,10.84192037470726,2023-01-01
215E,10.556257901390644,2023-01-01
215W,15.168781725888325,2023-01-01
216E,15.372093023255816,2023-01-01
216W,15.4849044978435,2023-01-01
217E,15.240760869565218,2023-01-01
217W,23.439501779359432,2023-01-01
218E,19.59535936615733,2023-01-01
218W,66.99882903981265,2023-01-01
219E,14.9402390438247,2023-01-01
219W,13.327001356852104,2023-01-01
220E,12.424471299093655,2023-01-01
220W,11.544283413848632,2023-01-01
221E,13.123087159015302,2023-01-01
221S,12.970548862115129,2023-01-01
221W,22.64957264957265,2023-01-01
222E,55.63214487832485,2023-01-01
222W,97.11977401129944,2023-01-01
Barale,31.546875,2023-01-01
BorderTule,15.884592022676657,2023-01-01
8-4,12.68421052631579,2023-01-01
21-1,17.01063337956542,2023-01-01
21-2,17.039827771797633,2023-01-01
5-3,19.26413959085439,2023-01-01
5-2,15.484483850538316,2023-01-01
5-1,16.920096852300244,2023-01-01
32-3,16.31326480665688,2023-01-01
32-2,11.97373358348968,2023-01-01
32-1,9.957095709570956,2023-01-01
21-3,85.81373690337603,2023-01-01
21-4,15.169027384324837,2023-01-01
16-2,44.097864077669904,2023-01-01
9-1,42.41213653603034,2023-01-01
22-1,79.378223495702,2023-01-01
31-1,77.94569433669511,2023-01-01
31-2,62.90927977839336,2023-01-01
27-2,84.91105239982386,2023-01-01
18-5,94.83801295896328,2023-01-01
24-1,39.77908163265306,2023-01-01
17-2,16.502194051682107,2023-01-01
Staten Island Pilot,10.664210934470724,2023-01-01
D1A_019,16.333333333333332,2023-01-01
D1A_032,13.058429701765064,2023-01-01
D1A_050,18.37606837606837,2023-01-01
D3__017,26.229072031148604,2023-01-01
D3__018,21.866293034427542,2023-01-01
D3__025,23.39249832551909,2023-01-01
D3__074,18.087542087542086,2023-01-01
D3__080,18.102970297029703,2023-01-01
D3__085,19.47870311506675,2023-01-01
D4__010,17.251449657353717,2023-01-01
D4__038,19.502463054187192,2023-01-01
D4__039,19.34081902245707,2023-01-01
D4__056,18.131672597864767,2023-01-01
D4__060,17.04923798358734,2023-01-01
ROOS3,20.4648862512364,2023-01-01
ROOS2,20.389069264069263,2023-01-01
ROOS1,35.84166666666667,2023-01-01
TC014,47.34389140271493,2023-01-01
TC013,110.34250926416094,2023-01-01
TC015,24.696969696969692,2023-01-01
TC016,11.33305439330544,2023-01-01
TC012,44.64277456647399,2023-01-01
Knaggs_011,42.76611980160244,2023-01-01
Knaggs_010,78.62154696132596,2023-01-01
Knaggs_009,37.70070257611241,2023-01-01
TC022,18.348167539267017,2023-01-01
TC023,18.42885375494071,2023-01-01
TC020,14.030499675535369,2023-01-01
TC005,0,2023-01-01
TC006,0,2023-01-01
TC007_008,0,2023-01-01
12-1,7.098712446351931,2023-01-01
24-2W,58.24470134874759,2023-01-01
7-1,62.161137440758296,2023-01-01
39-2,35.85598377281947,2023-01-01
15-3,10.19651500484027,2023-01-01
10-4,NA,2023-01-01
6-4,16.85054347826087,2023-01-01
15-8,15.107954545454543,2023-01-01
15-6,13.033678756476684,2023-01-01
4-1,28.861902203116603,2023-01-01
23-1,NA,2023-01-01
17-1,16.789,2023-01-01
1-3,71.39557266602502,2023-01-01
1-2,32.666666666666664,2023-01-01
13-1,57.75684931506849,2023-01-01
1-4,24.31291390728477,2023-01-01
36-2,48.751633986928105,2023-01-01
3-3/3-4,44.84689572031344,2023-01-01
39-4,53.882407407407406,2023-01-01
6-3,118.515503875969,2023-01-01
15-1,13.452528379772962,2023-01-01
19-1,82.125,2023-01-01
24-2E,43.14666666666667,2023-01-01
18-6,111.86805555555556,2023-01-01
20-1,65.73953488372094,2023-01-01
,15.927631578947368,2023-01-01
13-3,96.28962264150944,2023-01-01
1-5,91.00191570881226,2023-01-01
36-2,34.2784,2023-01-01
10-2,45.18493150684932,2023-01-01
31-3,106.06420765027322,2023-01-01
31-3,107.27323008849558,2023-01-01
31-4,87.072,2023-01-01
24-2W,63.68134715025906,2023-01-01
17-3,17.05927439959121,2023-01-01
18-3,124.07879818594104,2023-01-01
13-2E,57.07272727272727,2023-01-01
13-5,93.93352601156067,2023-01-01
24-2W,42.33587786259542,2023-01-01
10-1,39.42242990654206,2023-01-01
3-1/3-2,76.16456582633053,2023-01-01
39-3,155.2391304347826,2023-01-01
6-2,125.68341708542714,2023-01-01
8-4,13.00890868596882,2023-01-01
33-4,60.30769230769231,2023-01-01
16-3,120.01234567901234,2023-01-01
7-4,86.3203831825439,2023-01-01
20-2,53.31855791962175,2023-01-01
,25.466780238500853,2023-01-01
24-3,34.361635220125784,2023-01-01
24-4,43.21529745042493,2023-01-01
20-3,21.105076741440374,2023-01-01
13-7,97.721875,2023-01-01
7-2,101.89692307692307,2023-01-01
12-2,27.582637729549248,2023-01-01
,39.80116959064328,2023-01-01
15-3,70.96313603322949,2023-01-01
10-4,26.207350901525658,2023-01-01
33-2,92.53809523809524,2023-01-01
38-5,55.13117546848382,2023-01-01
18-2,95.46578493387004,2023-01-01
,15.348360655737704,2023-01-01
18-1,15.394509803921569,2023-01-01
13-2W,51.71248025276461,2023-01-01
7-5,87.32326283987915,2023-01-01
,16.314814814814813,2023-01-01
13-6,70.76,2023-01-01
39-1,29.04430379746836,2023-01-01
15-2,19.10110400929692,2023-01-01
31-4,76.9269406392694,2023-01-01
9-2,13.169055374592832,2023-01-01
8-2,121.50143884892088,2023-01-01
27-1,75.95067264573991,2023-01-01
7-3,100.83449342614075,2023-01-01
19-2,62.82412398921833,2023-01-01
38-0,96.28185053380784,2023-01-01
,14.420289855072465,2023-01-01
39-3,159.75,2023-01-01
39-5,155.12871287128712,2023-01-01
39-5,141.35529411764705,2023-01-01
,59.30555555555556,2023-01-01
38-6,26.719058466211084,2023-01-01
8-3,59.90447154471545,2023-01-01
22-2,81.63666666666667,2023-01-01
22-2,81.08823529411765,2023-01-01
22-2,85.77777777777777,2023-01-01
19-1,68.70285714285714,2023-01-01
19-1,63.20863309352518,2023-01-01
19-1,82.38823529411765,2023-01-01
19-1,82.70342205323193,2023-01-01
19-1,56.33088235294117,2023-01-01
19-1,57.2512315270936,2023-01-01
19-1,60.27777777777778,2023-01-01
19-1,60.12380952380953,2023-01-01
19-1,80.83571428571429,2023-01-01
19-1,83.07037037037037,2023-01-01
24-2E,60.89905362776025,2023-01-01
24-3,34.386740331491715,2023-01-01
24-3,34.97704918032787,2023-01-01
24-4,40.6,2023-01-01
24-4,41.68070175438597,2023-01-01
19-2,58.88297872340426,2023-01-01
,25.33333333333333,2023-01-01
36-1,31.144927536231883,2023-01-01
36-1,38.60294117647059,2023-01-01
36-3,94.42635658914728,2023-01-01
23-1,NA,2023-01-01
6-3,69.98936170212765,2023-01-01
6-3,80.6639344262295,2023-01-01
39-3,161.15833333333333,2023-01-01
6-3,85.76,2023-01-01
6-3,93.06521739130434,2023-01-01
6-4,19.16532258064516,2023-01-01
6-5W,12.0075117370892,2023-01-01
6-5E,13.857142857142858,2023-01-01
22-2,78.25,2023-01-01
22-2,89.81428571428572,2023-01-01
22-2,80.31884057971014,2023-01-01
22-2,95.255,2023-01-01
,28.564263322884013,2023-01-01
,26.8406747891284,2023-01-01
,22.10012836970475,2023-01-01
,9.512539184952978,2023-01-01
,28.94077448747153,2023-01-01
,30.30780141843972,2023-01-01
,31.15135834411384,2023-01-01
,24.204525674499564,2023-01-01
,14.391304347826088,2023-01-01
23-1,26.800451467268623,2023-01-01
23-2,39.80392156862745,2023-01-01
34-2,38.27659574468085,2023-01-01
28-5,99.82234957020056,2023-01-01
28-4,16.277272727272727,2023-01-01
38-7,15.180253164556962,2023-01-01
28-2,14.707357859531772,2023-01-01
28-1,16.27249488752556,2023-01-01
16-1,14.265785609397945,2023-01-01
4-2,12.792575708238358,2023-01-01
HansHerkert,29.5847211208036,2023-01-06
YoloBasin,18.75555555555556,2023-01-06
HPond,20.37362869198312,2023-01-06
Lucky5,9.17302606724594,2023-01-06
76,4.311557788944723,2023-01-06
70,5.613932584269663,2023-01-06
71,3.9303507880020336,2023-01-06
72,6.004446914952752,2023-01-06
64,7.936717663421419,2023-01-06
63,4.477326968973747,2023-01-06
Pond5,33.00390625,2023-01-06
Pond6,25.596309111880046,2023-01-06
Pond7,29.423135464231358,2023-01-06
Pond8,22.83264033264033,2023-01-06
Pond9,9.805803571428571,2023-01-06
Pond10,19.19202518363064,2023-01-06
Newstrom,3.5103359173126614,2023-01-06
C300,3.645708037178786,2023-01-06
Souza1-4,5.465378421900161,2023-01-06
Souza106,3.751754385964912,2023-01-06
Dingville1,2.376681614349776,2023-01-06
Dingville3,4.15878616796048,2023-01-06
Dingville4,2.6744759556103577,2023-01-06
ShadyOaks(MichaelRue),2.884012539184953,2023-01-06
NorthCreekHouse(R&F Ranch),6.978160158835209,2023-01-06
RioOsoRanch(RioOso),3.179233621755253,2023-01-06
Bluebird(R&F RealEstate),3.463651050080776,2023-01-06
Morrison(MichaelRue),6.2309429700734045,2023-01-06
Knaggs,15.600233440326816,2023-01-06
TuleBasin(Chesapeak),18.51623102866779,2023-01-06
TuleBasin,5.138387484957882,2023-01-06
CapOil,16.253683536194746,2023-01-06
TidesEnd,20.64081632653061,2023-01-06
Field 29C,3.8689866939611055,2023-01-06
Field 29B,4.184491978609626,2023-01-06
Field 29A,4.4991666666666665,2023-01-06
Field 25E,3.6849912739965096,2023-01-06
Field 25D,3.547058823529412,2023-01-06
Field 25C,6.0823909531502425,2023-01-06
Field 26EE,5.885529157667387,2023-01-06
Field 26CW,7.986486486486487,2023-01-06
Field 26D - 50% ONLY,11.141489361702128,2023-01-06
Field 18,4.543788187372709,2023-01-06
Field 20A,4.217551234892276,2023-01-06
Field 20B,3.984840281537629,2023-01-06
Field 21,4.327069172331068,2023-01-06
Field and Tule,25.544369279745325,2023-01-06
055D,3.313072439633639,2023-01-06
055E,3.321978913219789,2023-01-06
056A,5.298187808896211,2023-01-06
056B,3.1938223938223937,2023-01-06
056F,39.60651289009498,2023-01-06
056E,58.73092369477912,2023-01-06
056G,22.17584269662921,2023-01-06
056H,90.59418604651162,2023-01-06
056I,27.18240093240093,2023-01-06
056J,5.152880775812892,2023-01-06
056K,3.9600242277407633,2023-01-06
056L,4.355871886120997,2023-01-06
056M,5.108938547486034,2023-01-06
056N,6.479681978798586,2023-01-06
056P,5.383413461538462,2023-01-06
056Q,4.650145772594752,2023-01-06
061,87.2532637075718,2023-01-06
068B,9.402269861286255,2023-01-06
069A3,34.359683794466406,2023-01-06
069B,34.89567279193835,2023-01-06
069C,56.74920634920635,2023-01-06
072A,20.82703777335984,2023-01-06
072B,30.808227848101264,2023-01-06
076A1,5.132911392405063,2023-01-06
076A1,5.132911392405063,2023-01-06
076B,6.191977077363897,2023-01-06
076CW,4.640469738030713,2023-01-06
078A,104.33952912019826,2023-01-06
078B,109.83866666666668,2023-01-06
078C,100.03125,2023-01-06
088,10.040449438202248,2023-01-06
089B,7.015254237288136,2023-01-06
089A,NA,2023-01-06
090A,8.123595505617978,2023-01-06
091A,4.18298969072165,2023-01-06
091B,4.007078507078507,2023-01-06
093A,2.6415620641562065,2023-01-06
093B,2.7762237762237763,2023-01-06
093C,2.517917511832319,2023-01-06
093D,3.1625,2023-01-06
093E,2.9627937336814623,2023-01-06
094B,3.828018995929444,2023-01-06
096AW2,4.894995898277276,2023-01-06
096AW1,4.503322259136213,2023-01-06
100A,11.141653501843075,2023-01-06
100B,7.306034482758621,2023-01-06
100C,6.726384364820847,2023-01-06
100DE,4.091419141914192,2023-01-06
100G,4.188331627430911,2023-01-06
100M1,5.079352226720648,2023-01-06
100N,24.96330275229358,2023-01-06
102D,4.7898550724637685,2023-01-06
102G,8.295151515151515,2023-01-06
102J,9.729166666666666,2023-01-06
106H6,27.558333333333334,2023-01-06
106H3,10.745674740484429,2023-01-06
106H4,15.738461538461538,2023-01-06
106H2,5.949796472184532,2023-01-06
106H2,7.191666666666666,2023-01-06
110F,3.228708133971292,2023-01-06
110G,3.622950819672131,2023-01-06
110J,3.43801652892562,2023-01-06
110K,3.41407249466951,2023-01-06
110L,3.525185185185185,2023-01-06
111A,20.197424892703864,2023-01-06
111B,34.04083885209713,2023-01-06
111C,50.94911937377691,2023-01-06
111D,51.5,2023-01-06
111E,9.527879103699844,2023-01-06
111F,7.982811811370648,2023-01-06
111G,4.682294037323623,2023-01-06
111H,3.3792840822543795,2023-01-06
111J,16.662188099808063,2023-01-06
111K,10.651785714285714,2023-01-06
116A,4.861736334405145,2023-01-06
116D,4.055439330543933,2023-01-06
131D,5.996062992125984,2023-01-06
131F,41.09844559585492,2023-01-06
192EN,4.666666666666667,2023-01-06
192ES,3.3509161576901723,2023-01-06
203-42,2.9952076677316293,2023-01-06
203-41,2.810250152532032,2023-01-06
205C,2.128205128205128,2023-01-06
205E,2.0760527969830296,2023-01-06
205W,11.943865276663994,2023-01-06
206SW,2.6912521440823327,2023-01-06
207E,30.244107744107744,2023-01-06
207W,12.53585500394011,2023-01-06
208E,3.7125,2023-01-06
208W,17.49037037037037,2023-01-06
209E,32.61625874125874,2023-01-06
209W,2.686070686070686,2023-01-06
210E,14.655923344947736,2023-01-06
210W,3.0196540880503147,2023-01-06
211E,74.51038062283737,2023-01-06
211C,111.4946949602122,2023-01-06
211SE,13.342307692307692,2023-01-06
211SWE,32.25506072874494,2023-01-06
211SWW,3.523809523809524,2023-01-06
211W,39.74378378378378,2023-01-06
212E,17.855150214592275,2023-01-06
212W,4.163243243243243,2023-01-06
213E,2.9095780308104486,2023-01-06
213W,2.5940660822656776,2023-01-06
214E,2.5347533632287,2023-01-06
214W,2.9742388758782203,2023-01-06
215E,2.7509481668773703,2023-01-06
215W,3.251269035532995,2023-01-06
216E,3.3318667504714017,2023-01-06
216W,3.638324091189156,2023-01-06
217E,3.9043478260869566,2023-01-06
217W,3.159549228944247,2023-01-06
218E,3.395585738539898,2023-01-06
218W,2.9982435597189694,2023-01-06
219E,2.642762284196547,2023-01-06
219W,2.593622795115333,2023-01-06
220E,2.3489425981873118,2023-01-06
220W,2.484702093397745,2023-01-06
221E,2.756487025948104,2023-01-06
221S,2.6519410977242304,2023-01-06
221W,4.410256410256411,2023-01-06
222E,2.90096208262592,2023-01-06
222W,3.49774011299435,2023-01-06
Barale,33.421875,2023-01-06
BorderTule,13.70014172909496,2023-01-06
8-4,3.9565217391304346,2023-01-06
21-1,6.513638465094775,2023-01-06
21-2,6.366523143164693,2023-01-06
5-3,5.171480144404332,2023-01-06
5-2,5.471817606079798,2023-01-06
5-1,8.62046004842615,2023-01-06
32-3,5.263827704356339,2023-01-06
32-2,7.396497811131957,2023-01-06
32-1,4.662266226622663,2023-01-06
21-3,25.162980209545985,2023-01-06
21-4,3.1737488196411707,2023-01-06
16-2,6.470679611650485,2023-01-06
9-1,6.1798356510745895,2023-01-06
22-1,10.288681948424069,2023-01-06
31-1,15.342901474010862,2023-01-06
31-2,8.109418282548477,2023-01-06
27-2,3.221047996477323,2023-01-06
18-5,27.50755939524838,2023-01-06
24-1,19.198979591836736,2023-01-06
17-2,3.664553876157972,2023-01-06
Staten Island Pilot,6.247382706475378,2023-01-06
D1A_019,4.669818754925138,2023-01-06
D1A_032,4.041996348143639,2023-01-06
D1A_050,8.059354226020893,2023-01-06
D3__017,2.262816353017521,2023-01-06
D3__018,3.596477181745396,2023-01-06
D3__025,3.196918955123912,2023-01-06
D3__074,2.2794612794612794,2023-01-06
D3__080,2.67920792079208,2023-01-06
D3__085,2.336935791481246,2023-01-06
D4__010,9.73537163943068,2023-01-06
D4__038,3.883004926108375,2023-01-06
D4__039,2.85336856010568,2023-01-06
D4__056,3.780249110320285,2023-01-06
D4__060,4.06799531066823,2023-01-06
ROOS3,15.047972304648862,2023-01-06
ROOS2,18.232683982683984,2023-01-06
ROOS1,40.12708333333333,2023-01-06
TC014,12.748868778280542,2023-01-06
TC013,16.427210164107994,2023-01-06
TC015,6.583778966131908,2023-01-06
TC016,5.674476987447699,2023-01-06
TC012,19.205009633911367,2023-01-06
Knaggs_011,14.878290728729493,2023-01-06
Knaggs_010,13.063996316758749,2023-01-06
Knaggs_009,19.40702576112412,2023-01-06
TC022,3.0523560209424083,2023-01-06
TC023,3.4301712779973648,2023-01-06
TC020,3.125243348475016,2023-01-06
TC005,0,2023-01-06
TC006,0,2023-01-06
TC007_008,0,2023-01-06
12-1,3.763948497854077,2023-01-06
24-2W,20.308285163776493,2023-01-06
7-1,25.79383886255924,2023-01-06
39-2,12.848884381338742,2023-01-06
15-3,3.222652468538238,2023-01-06
10-4,NA,2023-01-06
6-4,5.1875,2023-01-06
15-8,3.4829545454545454,2023-01-06
15-6,3.3471502590673574,2023-01-06
4-1,27.65609887157442,2023-01-06
23-1,NA,2023-01-06
17-1,4.6855,2023-01-06
1-3,8.476419634263715,2023-01-06
1-2,9.824858757062149,2023-01-06
13-1,16.65068493150685,2023-01-06
1-4,15.168874172185433,2023-01-06
36-2,10.392156862745098,2023-01-06
3-3/3-4,35.47016274864376,2023-01-06
39-4,4.066666666666666,2023-01-06
6-3,39.674418604651166,2023-01-06
15-1,2.780701754385965,2023-01-06
19-1,30.667857142857144,2023-01-06
24-2E,31.41,2023-01-06
18-6,18.96527777777778,2023-01-06
20-1,10.794186046511628,2023-01-06
,18.18421052631579,2023-01-06
13-3,29.75754716981132,2023-01-06
1-5,26.77586206896552,2023-01-06
36-2,31.9728,2023-01-06
10-2,25.764187866927596,2023-01-06
31-3,46.55054644808743,2023-01-06
31-3,55.60730088495576,2023-01-06
31-4,49.268,2023-01-06
24-2W,20.362694300518136,2023-01-06
17-3,3.54164537557486,2023-01-06
18-3,32.468820861678005,2023-01-06
13-2E,22.797727272727272,2023-01-06
13-5,56.4378612716763,2023-01-06
24-2W,29.685114503816795,2023-01-06
10-1,10.745794392523363,2023-01-06
3-1/3-2,9.142156862745098,2023-01-06
39-3,97.8695652173913,2023-01-06
6-2,38.20100502512563,2023-01-06
8-4,4.080178173719377,2023-01-06
33-4,27.735332464146023,2023-01-06
16-3,32.346296296296295,2023-01-06
7-4,14.477381585949974,2023-01-06
20-2,7.41903073286052,2023-01-06
,18.103918228279387,2023-01-06
24-3,31.38050314465409,2023-01-06
24-4,31.08215297450425,2023-01-06
20-3,5.014757969303424,2023-01-06
13-7,14.465625,2023-01-06
7-2,23.863076923076925,2023-01-06
12-2,9.94991652754591,2023-01-06
,23.39181286549708,2023-01-06
15-3,49.4828660436137,2023-01-06
10-4,33.544382801664355,2023-01-06
33-2,14.403174603174604,2023-01-06
38-5,2.180579216354344,2023-01-06
18-2,57.25761932144911,2023-01-06
,4.032786885245901,2023-01-06
18-1,4.992156862745098,2023-01-06
13-2W,20.459715639810423,2023-01-06
7-5,10.384692849949648,2023-01-06
,9.968013468013469,2023-01-06
13-6,9.645714285714286,2023-01-06
39-1,9.477848101265822,2023-01-06
15-2,9.024404416037187,2023-01-06
31-4,49.45205479452055,2023-01-06
9-2,3.2501628664495112,2023-01-06
8-2,10.773381294964029,2023-01-06
27-1,25.05788830004077,2023-01-06
7-3,23.2815158546017,2023-01-06
19-2,28.620619946091644,2023-01-06
38-0,3.033451957295373,2023-01-06
,5.966183574879227,2023-01-06
39-3,18.57547169811321,2023-01-06
39-5,4.069306930693069,2023-01-06
39-5,2.877647058823529,2023-01-06
,2.138888888888889,2023-01-06
38-6,6.403948367501898,2023-01-06
8-3,18.14918699186992,2023-01-06
22-2,47.56,2023-01-06
22-2,52.25490196078432,2023-01-06
22-2,56.79861111111112,2023-01-06
19-1,25.04,2023-01-06
19-1,23.5,2023-01-06
19-1,19.96078431372549,2023-01-06
19-1,22.307984790874524,2023-01-06
19-1,13.632352941176473,2023-01-06
19-1,15.083743842364532,2023-01-06
19-1,15.422222222222222,2023-01-06
19-1,28.223809523809525,2023-01-06
19-1,30.99642857142857,2023-01-06
19-1,32.41851851851852,2023-01-06
24-2E,22.22397476340694,2023-01-06
24-3,30.30110497237569,2023-01-06
24-3,29.12131147540984,2023-01-06
24-4,33.0056338028169,2023-01-06
24-4,27.90877192982456,2023-01-06
19-2,21.746558197747184,2023-01-06
,30.444444444444443,2023-01-06
36-1,5.690821256038648,2023-01-06
36-1,13.147058823529411,2023-01-06
36-3,29.829457364341085,2023-01-06
23-1,NA,2023-01-06
6-3,27.74468085106383,2023-01-06
6-3,20.90983606557377,2023-01-06
39-3,2.7416666666666667,2023-01-06
6-3,15.2,2023-01-06
6-3,16.070652173913043,2023-01-06
6-4,6.919354838709677,2023-01-06
6-5W,4.876056338028169,2023-01-06
6-5E,4.951612903225806,2023-01-06
22-2,4.717391304347826,2023-01-06
22-2,48.892857142857146,2023-01-06
22-2,44.77173913043478,2023-01-06
22-2,56.275,2023-01-06
,26.098223615464995,2023-01-06
,30.030927835051543,2023-01-06
,16.150192554557126,2023-01-06
,3.1489028213166144,2023-01-06
,25.52277904328018,2023-01-06
,33.98723404255319,2023-01-06
,33.01034928848642,2023-01-06
,21.577893820713665,2023-01-06
,3.894409937888199,2023-01-06
23-1,3.1397291196388264,2023-01-06
23-2,17.691176470588236,2023-01-06
34-2,16.356382978723403,2023-01-06
28-5,6.989493791786056,2023-01-06
28-4,5.408441558441559,2023-01-06
38-7,3.821772151898734,2023-01-06
28-2,4.070234113712375,2023-01-06
28-1,4.8537832310838445,2023-01-06
16-1,4.139500734214391,2023-01-06
4-2,5.10875936177141,2023-01-06
HansHerkert,7.1776367961934975,2023-01-11
YoloBasin,13.592592592592592,2023-01-11
HPond,15.828691983122363,2023-01-11
Lucky5,13.58027956176804,2023-01-11
76,8.190452261306532,2023-01-11
70,7.153258426966292,2023-01-11
71,6.477885104219624,2023-01-11
72,7.143413007226237,2023-01-11
64,5.445757997218359,2023-01-11
63,5.198687350835322,2023-01-11
Pond5,11.479166666666666,2023-01-11
Pond6,8.58246828143022,2023-01-11
Pond7,10.768645357686454,2023-01-11
Pond8,9.43866943866944,2023-01-11
Pond9,8.560267857142858,2023-01-11
Pond10,9.623294858342078,2023-01-11
Newstrom,11.22609819121447,2023-01-11
C300,11.62547840349918,2023-01-11
Souza1-4,13.250402576489533,2023-01-11
Souza106,12.523684210526316,2023-01-11
Dingville1,11.117232543241512,2023-01-11
Dingville3,10.89908256880734,2023-01-11
Dingville4,10.654130702836005,2023-01-11
ShadyOaks(MichaelRue),5.636363636363637,2023-01-11
NorthCreekHouse(R&F Ranch),12.116479152878888,2023-01-11
RioOsoRanch(RioOso),7.301606922126082,2023-01-11
Bluebird(R&F RealEstate),8.065697361335488,2023-01-11
Morrison(MichaelRue),11.67758328627894,2023-01-11
Knaggs,10.141377297928218,2023-01-11
TuleBasin(Chesapeak),15.480817875210793,2023-01-11
TuleBasin,8.543521861211392,2023-01-11
CapOil,13.12427930813581,2023-01-11
TidesEnd,12.648526077097506,2023-01-11
Field 29C,7.815762538382804,2023-01-11
Field 29B,7.257575757575758,2023-01-11
Field 29A,8.313333333333333,2023-01-11
Field 25E,7.368237347294939,2023-01-11
Field 25D,7.045378151260504,2023-01-11
Field 25C,9.384491114701133,2023-01-11
Field 26EE,7.092872570194385,2023-01-11
Field 26CW,9.354469854469857,2023-01-11
Field 26D - 50% ONLY,13.722340425531916,2023-01-11
Field 18,15.166496945010184,2023-01-11
Field 20A,7.0604308985811874,2023-01-11
Field 20B,7.742284786139686,2023-01-11
Field 21,7.079968012794882,2023-01-11
Field and Tule,13.54974134500597,2023-01-11
055D,4.26894254787677,2023-01-11
055E,4.02595296025953,2023-01-11
056A,4.878912685337727,2023-01-11
056B,4.718146718146718,2023-01-11
056F,19.127544097693352,2023-01-11
056E,38.532797858099066,2023-01-11
056G,10.398314606741572,2023-01-11
056H,26.12558139534884,2023-01-11
056I,12.332750582750585,2023-01-11
056J,6.629207073588135,2023-01-11
056K,4.8467595396729255,2023-01-11
056L,5.246737841043891,2023-01-11
056M,6.747905027932961,2023-01-11
056N,7.09452296819788,2023-01-11
056P,6.649038461538462,2023-01-11
056Q,6.065597667638484,2023-01-11
061,28.74151436031332,2023-01-11
068B,7.251576292559899,2023-01-11
069A3,31.45191040843215,2023-01-11
069B,14.925311203319502,2023-01-11
069C,21.314285714285717,2023-01-11
072A,11.797879390324718,2023-01-11
072B,14.182278481012656,2023-01-11
076A1,8.195298372513562,2023-01-11
076A1,8.195298372513562,2023-01-11
076B,9.251193887297038,2023-01-11
076CW,7.331526648599819,2023-01-11
078A,25.162949194547707,2023-01-11
078B,20.857333333333333,2023-01-11
078C,35.86125,2023-01-11
088,6.331685393258427,2023-01-11
089B,7.786440677966102,2023-01-11
089A,NA,2023-01-11
090A,6.086142322097379,2023-01-11
091A,6.610824742268041,2023-01-11
091B,8.467181467181467,2023-01-11
093A,5.256624825662483,2023-01-11
093B,5.66013986013986,2023-01-11
093C,5.148749154834348,2023-01-11
093D,5.296052631578948,2023-01-11
093E,5.0718015665796345,2023-01-11
094B,6.151967435549525,2023-01-11
096AW2,5.904019688269073,2023-01-11
096AW1,4.687707641196013,2023-01-11
100A,6.123222748815166,2023-01-11
100B,7.780651340996169,2023-01-11
100C,9.107491856677523,2023-01-11
100DE,5.493399339933993,2023-01-11
100G,8.844421699078813,2023-01-11
100M1,7.238866396761134,2023-01-11
100N,33.18899082568807,2023-01-11
102D,5.211956521739131,2023-01-11
102G,9.333939393939394,2023-01-11
102J,6.663377192982456,2023-01-11
106H6,27.33055555555556,2023-01-11
106H3,12.525951557093425,2023-01-11
106H4,13.008547008547009,2023-01-11
106H2,7.478968792401628,2023-01-11
106H2,6.894444444444445,2023-01-11
110F,5.669856459330144,2023-01-11
110G,5.423497267759563,2023-01-11
110J,5.661157024793388,2023-01-11
110K,5.306183368869936,2023-01-11
110L,5.243333333333333,2023-01-11
111A,11.723175965665236,2023-01-11
111B,18.8841059602649,2023-01-11
111C,21.227005870841488,2023-01-11
111D,13.143510054844606,2023-01-11
111E,14.552371026576342,2023-01-11
111F,12.358748347289556,2023-01-11
111G,8.058261265361857,2023-01-11
111H,5.978674790555979,2023-01-11
111J,9.464491362763916,2023-01-11
111K,6.997023809523809,2023-01-11
116A,6.958199356913183,2023-01-11
116D,6.830543933054393,2023-01-11
131D,7.992125984251968,2023-01-11
131F,45.6839378238342,2023-01-11
192EN,7.365411436541144,2023-01-11
192ES,6.337034980566352,2023-01-11
203-42,6.509584664536741,2023-01-11
203-41,5.463697376449054,2023-01-11
205C,4.217094017094017,2023-01-11
205E,5.255185417976116,2023-01-11
205W,4.5260625501202885,2023-01-11
206SW,4.526586620926244,2023-01-11
207E,22.32744107744108,2023-01-11
207W,6.860520094562648,2023-01-11
208E,7.6286764705882355,2023-01-11
208W,9.318518518518518,2023-01-11
209E,11.427447552447552,2023-01-11
209W,4.351351351351352,2023-01-11
210E,7.291811846689895,2023-01-11
210W,4.976415094339623,2023-01-11
211E,26.21453287197232,2023-01-11
211C,33.75928381962865,2023-01-11
211SE,6.392307692307693,2023-01-11
211SWE,10.951417004048585,2023-01-11
211SWW,5.428571428571429,2023-01-11
211W,19.13405405405405,2023-01-11
212E,6.265021459227468,2023-01-11
212W,6.001621621621622,2023-01-11
213E,4.762893503014066,2023-01-11
213W,4.463924477410654,2023-01-11
214E,4.483183856502242,2023-01-11
214W,4.731850117096019,2023-01-11
215E,4.68015170670038,2023-01-11
215W,6.088832487309645,2023-01-11
216E,6.150219987429289,2023-01-11
216W,5.234134319162045,2023-01-11
217E,5.6070652173913045,2023-01-11
217W,4.416963226571768,2023-01-11
218E,4.570458404074703,2023-01-11
218W,5.251756440281031,2023-01-11
219E,4.136786188579017,2023-01-11
219W,3.970827679782904,2023-01-11
220E,4.495468277945619,2023-01-11
220W,4.0466988727858295,2023-01-11
221E,4.186959414504325,2023-01-11
221S,4.040160642570281,2023-01-11
221W,5.741147741147741,2023-01-11
222E,8.876061120543294,2023-01-11
222W,4.271751412429379,2023-01-11
Barale,20.84375,2023-01-11
BorderTule,9.020247013565498,2023-01-11
8-4,12.11212814645309,2023-01-11
21-1,18.20295885344429,2023-01-11
21-2,15.78686759956943,2023-01-11
5-3,16.65944645006017,2023-01-11
5-2,14.647878404053198,2023-01-11
5-1,15.440072639225182,2023-01-11
32-3,12.059716103768968,2023-01-11
32-2,12.212632895559723,2023-01-11
32-1,12.172717271727173,2023-01-11
21-3,36.84866123399301,2023-01-11
21-4,12.932955618508029,2023-01-11
16-2,14.643106796116506,2023-01-11
9-1,14.879582806573955,2023-01-11
22-1,14.173352435530086,2023-01-11
31-1,18.58107059736229,2023-01-11
31-2,14.222991689750693,2023-01-11
27-2,14.600616468516073,2023-01-11
18-5,17.928725701943844,2023-01-11
24-1,23.168877551020408,2023-01-11
17-2,14.446611409068748,2023-01-11
Staten Island Pilot,0,2023-01-11
D1A_019,8.839243498817966,2023-01-11
D1A_032,10.764455264759588,2023-01-11
D1A_050,13.406457739791072,2023-01-11
D3__017,9.44321868916288,2023-01-11
D3__018,10.373899119295436,2023-01-11
D3__025,10.994641661085064,2023-01-11
D3__074,9.48956228956229,2023-01-11
D3__080,10.286468646864687,2023-01-11
D3__085,9.813731722822633,2023-01-11
D4__010,15.709014232999472,2023-01-11
D4__038,12.51539408866995,2023-01-11
D4__039,10.78996036988111,2023-01-11
D4__056,11.101423487544483,2023-01-11
D4__060,11.046893317702228,2023-01-11
ROOS3,9.882047477744807,2023-01-11
ROOS2,13.961580086580089,2023-01-11
ROOS1,32.71666666666667,2023-01-11
TC014,10.51131221719457,2023-01-11
TC013,8.365802011646373,2023-01-11
TC015,5.09982174688057,2023-01-11
TC016,3.959832635983264,2023-01-11
TC012,10.774181117533718,2023-01-11
Knaggs_011,10.03281190385349,2023-01-11
Knaggs_010,10.006445672191528,2023-01-11
Knaggs_009,10.340515222482436,2023-01-11
TC022,10.93782722513089,2023-01-11
TC023,11.042819499341238,2023-01-11
TC020,11.670343932511356,2023-01-11
TC005,0,2023-01-11
TC006,0,2023-01-11
TC007_008,0,2023-01-11
12-1,10.716738197424892,2023-01-11
24-2W,17.674373795761078,2023-01-11
7-1,39.522906793048975,2023-01-11
39-2,7.940162271805274,2023-01-11
15-3,13.1945788964182,2023-01-11
10-4,NA,2023-01-11
6-4,14.540760869565217,2023-01-11
15-8,14.923295454545457,2023-01-11
15-6,14.66839378238342,2023-01-11
4-1,11.010209564750134,2023-01-11
23-1,NA,2023-01-11
17-1,16.0485,2023-01-11
1-3,15.132820019249278,2023-01-11
1-2,15.170621468926552,2023-01-11
13-1,14.933219178082192,2023-01-11
1-4,19.230132450331126,2023-01-11
36-2,16.44934640522876,2023-01-11
3-3/3-4,13.828812537673295,2023-01-11
39-4,11.198148148148148,2023-01-11
6-3,18.410852713178294,2023-01-11
15-1,13.170278637770895,2023-01-11
19-1,31.992857142857144,2023-01-11
24-2E,33,2023-01-11
18-6,16.618055555555557,2023-01-11
20-1,23.59593023255814,2023-01-11
,24.42763157894737,2023-01-11
13-3,19.87547169811321,2023-01-11
1-5,24.84099616858237,2023-01-11
36-2,32.0816,2023-01-11
10-2,14.157534246575343,2023-01-11
31-3,38.58606557377049,2023-01-11
31-3,55.47787610619469,2023-01-11
31-4,49.976,2023-01-11
24-2W,17.00518134715026,2023-01-11
17-3,13.935104752171693,2023-01-11
18-3,23.614512471655328,2023-01-11
13-2E,29.28939393939394,2023-01-11
13-5,45.98843930635838,2023-01-11
24-2W,30.85496183206107,2023-01-11
10-1,12.209345794392524,2023-01-11
3-1/3-2,13.683473389355742,2023-01-11
39-3,8.142857142857142,2023-01-11
6-2,40.64321608040201,2023-01-11
8-4,12.149220489977727,2023-01-11
33-4,11.298565840938725,2023-01-11
16-3,12.935185185185183,2023-01-11
7-4,22.54922831293241,2023-01-11
20-2,20.14125295508274,2023-01-11
,13.243611584327088,2023-01-11
24-3,31.531446540880506,2023-01-11
24-4,33.1586402266289,2023-01-11
20-3,13.695985832349468,2023-01-11
13-7,11.871875,2023-01-11
7-2,24.893846153846155,2023-01-11
12-2,15.667779632721205,2023-01-11
,22.8187134502924,2023-01-11
15-3,15.543094496365525,2023-01-11
10-4,12.079056865464633,2023-01-11
33-2,11.249206349206348,2023-01-11
38-5,10.56388415672913,2023-01-11
18-2,42.5480161012076,2023-01-11
,14.344262295081966,2023-01-11
18-1,15.351372549019608,2023-01-11
13-2W,29.19589257503949,2023-01-11
7-5,16.192346424974822,2023-01-11
,13.011784511784512,2023-01-11
13-6,15.708571428571428,2023-01-11
39-1,9.604430379746836,2023-01-11
15-2,15.252178965717606,2023-01-11
31-4,55.10502283105023,2023-01-11
9-2,12.945928338762217,2023-01-11
8-2,19.554676258992806,2023-01-11
27-1,15.536893599673869,2023-01-11
7-3,31.532869296210364,2023-01-11
19-2,35.30053908355795,2023-01-11
38-0,9.806405693950175,2023-01-11
,13.130434782608695,2023-01-11
39-3,10.95754716981132,2023-01-11
39-5,12.683168316831685,2023-01-11
39-5,10.97764705882353,2023-01-11
,6.833333333333333,2023-01-11
38-6,12.704631738800304,2023-01-11
8-3,33.74552845528455,2023-01-11
22-2,16.671666666666667,2023-01-11
22-2,14.97549019607843,2023-01-11
22-2,14.583333333333334,2023-01-11
19-1,28.36,2023-01-11
19-1,28.00359712230216,2023-01-11
19-1,28.098039215686278,2023-01-11
19-1,31.30038022813688,2023-01-11
19-1,15.036764705882351,2023-01-11
19-1,19.95073891625616,2023-01-11
19-1,15.266666666666667,2023-01-11
19-1,30.466666666666665,2023-01-11
19-1,34.91428571428571,2023-01-11
19-1,33.28148148148148,2023-01-11
24-2E,19.876971608832807,2023-01-11
24-3,30.450276243093924,2023-01-11
24-3,30.81967213114754,2023-01-11
24-4,33,2023-01-11
24-4,31.42105263157895,2023-01-11
19-2,27.49749687108886,2023-01-11
,24.6,2023-01-11
36-1,12.77777777777778,2023-01-11
36-1,20.544117647058822,2023-01-11
36-3,25.24031007751938,2023-01-11
23-1,NA,2023-01-11
6-3,31.170212765957448,2023-01-11
6-3,24.42622950819672,2023-01-11
39-3,12.525,2023-01-11
6-3,18.86,2023-01-11
6-3,19.45108695652174,2023-01-11
6-4,13.85483870967742,2023-01-11
6-5W,12.95774647887324,2023-01-11
6-5E,14.2926267281106,2023-01-11
22-2,14.478260869565217,2023-01-11
22-2,14.1,2023-01-11
22-2,14.518115942028986,2023-01-11
22-2,15.015,2023-01-11
,29.92476489028213,2023-01-11
,34.559512652296164,2023-01-11
,15.726572528883183,2023-01-11
,10.506269592476489,2023-01-11
,29.343963553530752,2023-01-11
,37.96028368794326,2023-01-11
,38.38421733505822,2023-01-11
,21.46910356832028,2023-01-11
,10.84472049689441,2023-01-11
23-1,15.368397291196388,2023-01-11
23-2,14.397058823529411,2023-01-11
34-2,8.75,2023-01-11
28-5,17.172397325692454,2023-01-11
28-4,15.888311688311688,2023-01-11
38-7,13.51240506329114,2023-01-11
28-2,12.991638795986622,2023-01-11
28-1,14.84764826175869,2023-01-11
16-1,14.09251101321586,2023-01-11
4-2,13.001302507326605,2023-01-11
HansHerkert,6.634945810203543,2023-01-13
YoloBasin,2.633796296296296,2023-01-13
HPond,2.778691983122363,2023-01-13
Lucky5,2.0944465432565167,2023-01-13
76,8.72964824120603,2023-01-13
70,8.058426966292135,2023-01-13
71,7.351296390442298,2023-01-13
72,9.221234018899388,2023-01-13
64,9.031293463143257,2023-01-13
63,8.884248210023866,2023-01-13
Pond5,2.36328125,2023-01-13
Pond6,1.4163783160322954,2023-01-13
Pond7,2.4642313546423136,2023-01-13
Pond8,3.048856548856549,2023-01-13
Pond9,2.8638392857142856,2023-01-13
Pond10,4.865687303252885,2023-01-13
Newstrom,6.343023255813954,2023-01-13
C300,5.306178239475123,2023-01-13
Souza1-4,6.264090177133656,2023-01-13
Souza106,4.816666666666666,2023-01-13
Dingville1,3.361947469570788,2023-01-13
Dingville3,6.236414961185603,2023-01-13
Dingville4,5.598643649815044,2023-01-13
ShadyOaks(MichaelRue),1.6489028213166144,2023-01-13
NorthCreekHouse(R&F Ranch),7.037723362011913,2023-01-13
RioOsoRanch(RioOso),1.9975278121137203,2023-01-13
Bluebird(R&F RealEstate),3.794291868605277,2023-01-13
Morrison(MichaelRue),6.017504234895539,2023-01-13
Knaggs,1.126495477093668,2023-01-13
TuleBasin(Chesapeak),14.038153456998314,2023-01-13
TuleBasin,7.06979542719615,2023-01-13
CapOil,1.2472773862908393,2023-01-13
TidesEnd,2.094784580498866,2023-01-13
Field 29C,9.21699078812692,2023-01-13
Field 29B,9.20053475935829,2023-01-13
Field 29A,9.533333333333331,2023-01-13
Field 25E,8.618673647469459,2023-01-13
Field 25D,8.789915966386555,2023-01-13
Field 25C,11.423263327948304,2023-01-13
Field 26EE,9.129589632829374,2023-01-13
Field 26CW,12.62162162162162,2023-01-13
Field 26D - 50% ONLY,15.940425531914894,2023-01-13
Field 18,18.517820773930755,2023-01-13
Field 20A,8.678928008407777,2023-01-13
Field 20B,9.76610720086627,2023-01-13
Field 21,8.823670531787284,2023-01-13
Field and Tule,11.104058893752487,2023-01-13
055D,8.015820149875104,2023-01-13
055E,8.30008110300081,2023-01-13
056A,6.84678747940692,2023-01-13
056B,9.423166023166024,2023-01-13
056F,30.149932157394844,2023-01-13
056E,43.78246318607764,2023-01-13
056G,14.615168539325843,2023-01-13
056H,40.25697674418605,2023-01-13
056I,15.59965034965035,2023-01-13
056J,6.816314888762122,2023-01-13
056K,4.399152029073289,2023-01-13
056L,5.468564650059312,2023-01-13
056M,5.412011173184357,2023-01-13
056N,4.393992932862191,2023-01-13
056P,5.737980769230769,2023-01-13
056Q,6.348396501457726,2023-01-13
061,38.88772845953002,2023-01-13
068B,11.475409836065571,2023-01-13
069A3,35.98550724637681,2023-01-13
069B,18.50385299347955,2023-01-13
069C,28.2989417989418,2023-01-13
072A,24.39761431411531,2023-01-13
072B,33.52341772151899,2023-01-13
076A1,13.7875226039783,2023-01-13
076A1,13.7875226039783,2023-01-13
076B,13.571155682903534,2023-01-13
076CW,16.12646793134598,2023-01-13
078A,22.84014869888476,2023-01-13
078B,20.894666666666662,2023-01-13
078C,35.5875,2023-01-13
088,9.733033707865168,2023-01-13
089B,14.9864406779661,2023-01-13
089A,NA,2023-01-13
090A,14.153558052434455,2023-01-13
091A,12.945876288659791,2023-01-13
091B,13.925353925353924,2023-01-13
093A,10.085076708507671,2023-01-13
093B,10.386013986013984,2023-01-13
093C,8.088573360378634,2023-01-13
093D,9.644736842105264,2023-01-13
093E,9.641644908616188,2023-01-13
094B,9.221845318860243,2023-01-13
096AW2,6.844134536505332,2023-01-13
096AW1,7.03156146179402,2023-01-13
100A,8.221695629278567,2023-01-13
100B,11.630747126436782,2023-01-13
100C,9.579804560260586,2023-01-13
100DE,8.2983498349835,2023-01-13
100G,12.712384851586489,2023-01-13
100M1,11.191093117408906,2023-01-13
100N,37.95412844036697,2023-01-13
102D,7.456521739130435,2023-01-13
102G,10.986060606060606,2023-01-13
102J,9.358552631578949,2023-01-13
106H6,25.341666666666665,2023-01-13
106H3,15.005190311418684,2023-01-13
106H4,15.85982905982906,2023-01-13
106H2,11.306648575305292,2023-01-13
106H2,9.563888888888888,2023-01-13
110F,7.005741626794259,2023-01-13
110G,7.745901639344262,2023-01-13
110J,6.81267217630854,2023-01-13
110K,7.19317697228145,2023-01-13
110L,7.725185185185185,2023-01-13
111A,13.339055793991417,2023-01-13
111B,19.53090507726269,2023-01-13
111C,19.86105675146771,2023-01-13
111D,14.153564899451554,2023-01-13
111E,14.990620114643043,2023-01-13
111F,15.171441163508153,2023-01-13
111G,8.334091943559399,2023-01-13
111H,9.293983244478294,2023-01-13
111J,11.042226487523992,2023-01-13
111K,11.455357142857142,2023-01-13
116A,7.083601286173633,2023-01-13
116D,9.301255230125523,2023-01-13
131D,13.9501312335958,2023-01-13
131F,55.97927461139896,2023-01-13
192EN,10.569037656903763,2023-01-13
192ES,9.262076624097723,2023-01-13
203-42,9.100638977635782,2023-01-13
203-41,8.042708968883465,2023-01-13
205C,6.941880341880342,2023-01-13
205E,7.808925204274042,2023-01-13
205W,7.724137931034483,2023-01-13
206SW,6.586620926243568,2023-01-13
207E,27.466329966329965,2023-01-13
207W,8.951930654058314,2023-01-13
208E,11.995588235294118,2023-01-13
208W,13.456296296296296,2023-01-13
209E,15.409965034965037,2023-01-13
209W,7.416839916839917,2023-01-13
210E,9.312717770034844,2023-01-13
210W,8.24685534591195,2023-01-13
211E,25.020184544406,2023-01-13
211C,31.90318302387268,2023-01-13
211SE,9.18846153846154,2023-01-13
211SWE,9.06072874493927,2023-01-13
211SWW,9.07792207792208,2023-01-13
211W,22.151891891891893,2023-01-13
212E,8.546137339055795,2023-01-13
212W,7.562702702702703,2023-01-13
213E,6.632953784326859,2023-01-13
213W,7.101146325016858,2023-01-13
214E,6.039237668161435,2023-01-13
214W,7.727166276346604,2023-01-13
215E,6.742098609355247,2023-01-13
215W,7.821065989847716,2023-01-13
216E,9.928975487115022,2023-01-13
216W,9.117683302526189,2023-01-13
217E,7.947282608695652,2023-01-13
217W,7.627520759193357,2023-01-13
218E,7.998868138087153,2023-01-13
218W,8.784543325526933,2023-01-13
219E,6.628818061088977,2023-01-13
219W,6.829036635006784,2023-01-13
220E,6.45619335347432,2023-01-13
220W,5.0772946859903385,2023-01-13
221E,7.027944111776447,2023-01-13
221S,4.689424364123159,2023-01-13
221W,7.368742368742368,2023-01-13
222E,14.82059988681381,2023-01-13
222W,7.759887005649717,2023-01-13
Barale,18.171875,2023-01-13
BorderTule,8.66167240332051,2023-01-13
8-4,2.65675057208238,2023-01-13
21-1,9.516874711049468,2023-01-13
21-2,8.726587728740581,2023-01-13
5-3,6.859807460890494,2023-01-13
5-2,6.462317922735909,2023-01-13
5-1,6.799636803874092,2023-01-13
32-3,1.5736661771904064,2023-01-13
32-2,1.5422138836772985,2023-01-13
32-1,3.199119911991199,2023-01-13
21-3,41.40512223515716,2023-01-13
21-4,3.2322946175637397,2023-01-13
16-2,2.056699029126213,2023-01-13
9-1,1.529393173198483,2023-01-13
22-1,1.606733524355301,2023-01-13
31-1,15.26687354538402,2023-01-13
31-2,7.18628808864266,2023-01-13
27-2,1.395420519594892,2023-01-13
18-5,11.155507559395248,2023-01-13
24-1,26.460714285714285,2023-01-13
17-2,5.919063871282301,2023-01-13
Staten Island Pilot,6.7630864676231095,2023-01-13
D1A_019,4.326241134751773,2023-01-13
D1A_032,4.968350578210591,2023-01-13
D1A_050,12.92877492877493,2023-01-13
D3__017,6.756651524983777,2023-01-13
D3__018,6.799839871897518,2023-01-13
D3__025,5.43536503683858,2023-01-13
D3__074,6.301010101010101,2023-01-13
D3__080,7.794059405940594,2023-01-13
D3__085,7.636363636363637,2023-01-13
D4__010,12.93410648392198,2023-01-13
D4__038,7.398399014778325,2023-01-13
D4__039,7.394980184940555,2023-01-13
D4__056,7.462633451957295,2023-01-13
D4__060,7.391559202813599,2023-01-13
ROOS3,5.6567754698318495,2023-01-13
ROOS2,9.17478354978355,2023-01-13
ROOS1,27.916666666666668,2023-01-13
TC014,10.832579185520364,2023-01-13
TC013,9.96876654314452,2023-01-13
TC015,5.777183600713013,2023-01-13
TC016,4.219246861924686,2023-01-13
TC012,1.0208092485549134,2023-01-13
Knaggs_011,1.0507439908431897,2023-01-13
Knaggs_010,1.1970534069981584,2023-01-13
Knaggs_009,1.2426229508196722,2023-01-13
TC022,8.451570680628272,2023-01-13
TC023,8.969696969696969,2023-01-13
TC020,3.4756651524983777,2023-01-13
TC005,0,2023-01-13
TC006,0,2023-01-13
TC007_008,0,2023-01-13
12-1,5.497854077253219,2023-01-13
24-2W,22.8111753371869,2023-01-13
7-1,47.93364928909953,2023-01-13
39-2,1.240365111561866,2023-01-13
15-3,1.298160696999032,2023-01-13
10-4,NA,2023-01-13
6-4,6.755434782608695,2023-01-13
15-8,1.0710227272727273,2023-01-13
15-6,1.0310880829015543,2023-01-13
4-1,2.015583019881784,2023-01-13
23-1,NA,2023-01-13
17-1,7.1645,2023-01-13
1-3,8.891241578440809,2023-01-13
1-2,8.114124293785311,2023-01-13
13-1,11.443493150684931,2023-01-13
1-4,20.41887417218543,2023-01-13
36-2,8.913398692810457,2023-01-13
3-3/3-4,1.337552742616034,2023-01-13
39-4,1.8935185185185184,2023-01-13
6-3,17.94573643410853,2023-01-13
15-1,1.6429308565531475,2023-01-13
19-1,36.45,2023-01-13
24-2E,32.483333333333334,2023-01-13
18-6,8.402777777777779,2023-01-13
20-1,18.626162790697677,2023-01-13
,23.164473684210527,2023-01-13
13-3,19.525471698113208,2023-01-13
1-5,21.57088122605364,2023-01-13
36-2,27.6528,2023-01-13
10-2,0.9931506849315068,2023-01-13
31-3,39.23565573770492,2023-01-13
31-3,59.99280973451327,2023-01-13
31-4,54.688,2023-01-13
24-2W,20.181347150259068,2023-01-13
17-3,5.040878896269801,2023-01-13
18-3,20.913265306122447,2023-01-13
13-2E,35.737878787878785,2023-01-13
13-5,49.14017341040462,2023-01-13
24-2W,31.98282442748092,2023-01-13
10-1,1.097196261682243,2023-01-13
3-1/3-2,1.3704481792717087,2023-01-13
39-3,1.326086956521739,2023-01-13
6-2,54.71356783919598,2023-01-13
8-4,2.88641425389755,2023-01-13
33-4,1.565840938722295,2023-01-13
16-3,1.4030864197530863,2023-01-13
7-4,14.806279936136242,2023-01-13
20-2,16.571513002364068,2023-01-13
,13.04258943781942,2023-01-13
24-3,32.37735849056604,2023-01-13
24-4,34.889518413597735,2023-01-13
20-3,4.892561983471074,2023-01-13
13-7,4.090625,2023-01-13
7-2,21.667692307692302,2023-01-13
12-2,10.734557595993325,2023-01-13
,20.59649122807017,2023-01-13
15-3,1.118380062305296,2023-01-13
10-4,1.220527045769764,2023-01-13
33-2,1.4111111111111112,2023-01-13
38-5,1.3696763202725724,2023-01-13
18-2,49.97872340425532,2023-01-13
,5.180327868852459,2023-01-13
18-1,7.881568627450981,2023-01-13
13-2W,28.458135860979464,2023-01-13
7-5,6.868076535750252,2023-01-13
,7.308080808080808,2023-01-13
13-6,8.194285714285714,2023-01-13
39-1,5.060126582278481,2023-01-13
15-2,1.3062173155142358,2023-01-13
31-4,51.333333333333336,2023-01-13
9-2,1.5631921824104231,2023-01-13
8-2,11.638848920863309,2023-01-13
27-1,1.4137790460660415,2023-01-13
7-3,28.92691415313225,2023-01-13
19-2,34.33692722371968,2023-01-13
38-0,2.521708185053381,2023-01-13
,4.169082125603865,2023-01-13
39-3,1.4056603773584906,2023-01-13
39-5,1.4752475247524752,2023-01-13
39-5,2.867058823529412,2023-01-13
,1.1666666666666667,2023-01-13
38-6,11.26575550493546,2023-01-13
8-3,36.667479674796745,2023-01-13
22-2,2.228333333333333,2023-01-13
22-2,1.5098039215686274,2023-01-13
22-2,1.2152777777777777,2023-01-13
19-1,35.177142857142854,2023-01-13
19-1,26.12230215827338,2023-01-13
19-1,29.51372549019608,2023-01-13
19-1,28.98098859315589,2023-01-13
19-1,18.52573529411765,2023-01-13
19-1,22.33743842364532,2023-01-13
19-1,17.877777777777776,2023-01-13
19-1,31.10952380952381,2023-01-13
19-1,33.43214285714286,2023-01-13
19-1,37.17407407407408,2023-01-13
24-2E,22.4794952681388,2023-01-13
24-3,24.42817679558011,2023-01-13
24-3,28.22622950819672,2023-01-13
24-4,27.74084507042253,2023-01-13
24-4,31.003508771929823,2023-01-13
19-2,24.200250312891114,2023-01-13
,30.244444444444444,2023-01-13
36-1,5.038647342995169,2023-01-13
36-1,11.84313725490196,2023-01-13
36-3,23.72093023255814,2023-01-13
23-1,NA,2023-01-13
6-3,40.37234042553192,2023-01-13
6-3,29.049180327868854,2023-01-13
39-3,1.8,2023-01-13
6-3,15.686666666666667,2023-01-13
6-3,18.80978260869565,2023-01-13
6-4,7.387096774193548,2023-01-13
6-5W,3.7652582159624415,2023-01-13
6-5E,6.813364055299539,2023-01-13
22-2,2.027173913043478,2023-01-13
22-2,1.7892857142857144,2023-01-13
22-2,2.032608695652174,2023-01-13
22-2,2.03,2023-01-13
,31.65203761755486,2023-01-13
,36.36738519212746,2023-01-13
,12.065468549422336,2023-01-13
,1.8134796238244515,2023-01-13
,29.31548974943052,2023-01-13
,38.17021276595744,2023-01-13
,38.59379042690815,2023-01-13
,23.744995648389903,2023-01-13
,2.329192546583851,2023-01-13
23-1,1.1085778781038376,2023-01-13
23-2,1.5220588235294117,2023-01-13
34-2,4.542553191489362,2023-01-13
28-5,5.928844317096466,2023-01-13
28-4,6.394155844155844,2023-01-13
38-7,3.9351898734177215,2023-01-13
28-2,3.725752508361204,2023-01-13
28-1,6.110429447852761,2023-01-13
16-1,4.963289280469898,2023-01-13
4-2,1.873331162487789,2023-01-13
HansHerkert,2.9463388844832146,2023-01-18
YoloBasin,1.9300925925925927,2023-01-18
HPond,3.4137130801687765,2023-01-18
Lucky5,1.3838307517944843,2023-01-18
76,4.103015075376884,2023-01-18
70,3.9217977528089887,2023-01-18
71,3.70665988815455,2023-01-18
72,3.956086714841579,2023-01-18
64,2.4833101529902644,2023-01-18
63,2.578162291169451,2023-01-18
Pond5,2.165364583333333,2023-01-18
Pond6,1.273356401384083,2023-01-18
Pond7,2.616438356164384,2023-01-18
Pond8,3.2058212058212057,2023-01-18
Pond9,2.2879464285714284,2023-01-18
Pond10,6.015739769150052,2023-01-18
Newstrom,2.934108527131783,2023-01-18
C300,3.501366867140514,2023-01-18
Souza1-4,4.71256038647343,2023-01-18
Souza106,3.285964912280701,2023-01-18
Dingville1,2.242152466367713,2023-01-18
Dingville3,3.589273112208892,2023-01-18
Dingville4,2.649198520345253,2023-01-18
ShadyOaks(MichaelRue),1.7774294670846396,2023-01-18
NorthCreekHouse(R&F Ranch),5.647915287888815,2023-01-18
RioOsoRanch(RioOso),2.477132262051916,2023-01-18
Bluebird(R&F RealEstate),3.232633279483037,2023-01-18
Morrison(MichaelRue),5.509316770186335,2023-01-18
Knaggs,1.0853516194922672,2023-01-18
TuleBasin(Chesapeak),14.843591905564924,2023-01-18
TuleBasin,5.580425190533494,2023-01-18
CapOil,1.0480461242793082,2023-01-18
TidesEnd,1.5523809523809524,2023-01-18
Field 29C,2.773797338792221,2023-01-18
Field 29B,2.7103386809269163,2023-01-18
Field 29A,3.129166666666667,2023-01-18
Field 25E,2.655322862129145,2023-01-18
Field 25D,2.56218487394958,2023-01-18
Field 25C,5.710016155088853,2023-01-18
Field 26EE,2.555075593952484,2023-01-18
Field 26CW,3.676715176715177,2023-01-18
Field 26D - 50% ONLY,3.703191489361702,2023-01-18
Field 18,15.214867617107943,2023-01-18
Field 20A,2.8512874408828166,2023-01-18
Field 20B,5.050351922035734,2023-01-18
Field 21,3.0883646541383447,2023-01-18
Field and Tule,15.35117389574214,2023-01-18
055D,1.495420482930891,2023-01-18
055E,1.524736415247364,2023-01-18
056A,4.232289950576607,2023-01-18
056B,2.311196911196911,2023-01-18
056F,29.21031207598372,2023-01-18
056E,18.512048192771083,2023-01-18
056G,8.715168539325843,2023-01-18
056H,28.226162790697675,2023-01-18
056I,10.153846153846152,2023-01-18
056J,3.649743297204792,2023-01-18
056K,5.026650514839491,2023-01-18
056L,3.578291814946619,2023-01-18
056M,3.993016759776536,2023-01-18
056N,4.317137809187279,2023-01-18
056P,3.811298076923077,2023-01-18
056Q,3.2332361516034984,2023-01-18
061,31.12271540469974,2023-01-18
068B,3.4665825977301385,2023-01-18
069A3,10.677206851119896,2023-01-18
069B,12.122110254890336,2023-01-18
069C,17.473544973544975,2023-01-18
072A,21.95361166335321,2023-01-18
072B,30.870253164556964,2023-01-18
076A1,4.109403254972875,2023-01-18
076A1,4.109403254972875,2023-01-18
076B,4.663801337153773,2023-01-18
076CW,4.008130081300813,2023-01-18
078A,5.627633209417596,2023-01-18
078B,12.181333333333331,2023-01-18
078C,15.7425,2023-01-18
088,17.82426966292135,2023-01-18
089B,6.37909604519774,2023-01-18
089A,NA,2023-01-18
090A,2.458801498127341,2023-01-18
091A,2.9961340206185567,2023-01-18
091B,3.992921492921493,2023-01-18
093A,2.0278940027894,2023-01-18
093B,2.707692307692308,2023-01-18
093C,2.156862745098039,2023-01-18
093D,2.455263157894737,2023-01-18
093E,2.1351174934725847,2023-01-18
094B,2.537313432835821,2023-01-18
096AW2,3.306808859721083,2023-01-18
096AW1,2.9435215946843853,2023-01-18
100A,2.7151132174828856,2023-01-18
100B,4.549329501915709,2023-01-18
100C,5.478827361563518,2023-01-18
100DE,2.613861386138614,2023-01-18
100G,12.448311156601845,2023-01-18
100M1,3.731983805668016,2023-01-18
100N,37.80183486238532,2023-01-18
102D,2.667270531400966,2023-01-18
102G,4.158181818181818,2023-01-18
102J,3.421052631578948,2023-01-18
106H6,23.980555555555554,2023-01-18
106H3,4.525951557093426,2023-01-18
106H4,5.976068376068376,2023-01-18
106H2,3.1451831750339214,2023-01-18
106H2,2.886111111111111,2023-01-18
110F,2.319617224880383,2023-01-18
110G,2.370218579234973,2023-01-18
110J,2.450872359963269,2023-01-18
110K,2.1402985074626866,2023-01-18
110L,1.855925925925926,2023-01-18
111A,8.67167381974249,2023-01-18
111B,12.76158940397351,2023-01-18
111C,7.684931506849315,2023-01-18
111D,3.783363802559415,2023-01-18
111E,6.331943720687859,2023-01-18
111F,5.835169678272367,2023-01-18
111G,3.6094674556213016,2023-01-18
111H,2.1926884996191927,2023-01-18
111J,7.241842610364683,2023-01-18
111K,4.613095238095238,2023-01-18
116A,3.135048231511254,2023-01-18
116D,3.028242677824268,2023-01-18
131D,8.674540682414698,2023-01-18
131F,30.60621761658031,2023-01-18
192EN,4.762203626220362,2023-01-18
192ES,3.0016657412548584,2023-01-18
203-42,3.3338658146964857,2023-01-18
203-41,3.7888956680902983,2023-01-18
205C,1.382051282051282,2023-01-18
205E,1.7831552482715274,2023-01-18
205W,1.9847634322373695,2023-01-18
206SW,1.4939965694682675,2023-01-18
207E,26.77946127946128,2023-01-18
207W,1.8944050433412136,2023-01-18
208E,8.633823529411766,2023-01-18
208W,8.53111111111111,2023-01-18
209E,10.138111888111888,2023-01-18
209W,1.5446985446985446,2023-01-18
210E,2.54616724738676,2023-01-18
210W,2.7020440251572326,2023-01-18
211E,7.08073817762399,2023-01-18
211C,13.88527851458886,2023-01-18
211SE,2.55,2023-01-18
211SWE,3.522267206477733,2023-01-18
211SWW,2.017316017316017,2023-01-18
211W,6.91945945945946,2023-01-18
212E,2.042381974248927,2023-01-18
212W,1.9308108108108109,2023-01-18
213E,1.391828533154722,2023-01-18
213W,1.2811867835468644,2023-01-18
214E,1.3026905829596414,2023-01-18
214W,1.7177985948477752,2023-01-18
215E,1.7964601769911503,2023-01-18
215W,2.1751269035532994,2023-01-18
216E,2.6341923318667506,2023-01-18
216W,2.7677141096734443,2023-01-18
217E,1.7603260869565218,2023-01-18
217W,1.405693950177936,2023-01-18
218E,1.591963780418789,2023-01-18
218W,2.612997658079625,2023-01-18
219E,1.4827357237715804,2023-01-18
219W,1.4280868385345995,2023-01-18
220E,1.563444108761329,2023-01-18
220W,1.5619967793880838,2023-01-18
221E,2.284763805721889,2023-01-18
221S,2.1137884872824637,2023-01-18
221W,2.791208791208791,2023-01-18
222E,10.148273910582908,2023-01-18
222W,4.14180790960452,2023-01-18
Barale,24.3046875,2023-01-18
BorderTule,6.66369710467706,2023-01-18
8-4,4.3478260869565215,2023-01-18
21-1,7.399907535829866,2023-01-18
21-2,6.589881593110872,2023-01-18
5-3,4.962093862815885,2023-01-18
5-2,5.383787207093097,2023-01-18
5-1,4.246973365617434,2023-01-18
32-3,3.050416054821341,2023-01-18
32-2,2.2995622263914948,2023-01-18
32-1,3.965896589658966,2023-01-18
21-3,18.862630966239813,2023-01-18
21-4,3.7677053824362607,2023-01-18
16-2,2.8551456310679613,2023-01-18
9-1,2.166561314791404,2023-01-18
22-1,2.924785100286533,2023-01-18
31-1,10.628394103956555,2023-01-18
31-2,4.742382271468144,2023-01-18
27-2,2.851166886833994,2023-01-18
18-5,6.196544276457884,2023-01-18
24-1,21.562244897959182,2023-01-18
17-2,4.158946855192589,2023-01-18
Staten Island Pilot,5.953858084528887,2023-01-18
D1A_019,3.066193853427896,2023-01-18
D1A_032,2.627510651247717,2023-01-18
D1A_050,12.817188983855653,2023-01-18
D3__017,2.407527579493835,2023-01-18
D3__018,3.612489991993595,2023-01-18
D3__025,2.575351640991293,2023-01-18
D3__074,2.824915824915825,2023-01-18
D3__080,3.448844884488449,2023-01-18
D3__085,2.6001271455816912,2023-01-18
D4__010,13.857670005271482,2023-01-18
D4__038,4.407019704433497,2023-01-18
D4__039,3.0409511228533685,2023-01-18
D4__056,4.80338078291815,2023-01-18
D4__060,4.881594372801875,2023-01-18
ROOS3,6.43026706231454,2023-01-18
ROOS2,11.577380952380953,2023-01-18
ROOS1,33.641666666666666,2023-01-18
TC014,7.420814479638009,2023-01-18
TC013,4.855479089465326,2023-01-18
TC015,3.3110516934046346,2023-01-18
TC016,3.59581589958159,2023-01-18
TC012,1.0951830443159922,2023-01-18
Knaggs_011,1.0847004959938955,2023-01-18
Knaggs_010,1.1620626151012892,2023-01-18
Knaggs_009,1.126463700234192,2023-01-18
TC022,3.0085078534031413,2023-01-18
TC023,3.4130434782608696,2023-01-18
TC020,2.5405580791693705,2023-01-18
TC005,0,2023-01-18
TC006,0,2023-01-18
TC007_008,0,2023-01-18
12-1,3.3090128755364807,2023-01-18
24-2W,16.552986512524086,2023-01-18
7-1,30.96840442338073,2023-01-18
39-2,1.8843813387423936,2023-01-18
15-3,2.2333010648596323,2023-01-18
10-4,NA,2023-01-18
6-4,4.991847826086956,2023-01-18
15-8,2.4545454545454546,2023-01-18
15-6,2.479274611398964,2023-01-18
4-1,7.044062332079527,2023-01-18
23-1,NA,2023-01-18
17-1,5.502,2023-01-18
1-3,6.1790182868142445,2023-01-18
1-2,7.36045197740113,2023-01-18
13-1,8.431506849315069,2023-01-18
1-4,17.576158940397352,2023-01-18
36-2,4.021241830065359,2023-01-18
3-3/3-4,1.7576853526220615,2023-01-18
39-4,2.325925925925926,2023-01-18
6-3,12.143410852713178,2023-01-18
15-1,2.6408668730650158,2023-01-18
19-1,16.182142857142857,2023-01-18
24-2E,26.80333333333333,2023-01-18
18-6,5.9375,2023-01-18
20-1,13.162209302325582,2023-01-18
,18.84210526315789,2023-01-18
13-3,13.866037735849057,2023-01-18
1-5,9.584291187739463,2023-01-18
36-2,27.0976,2023-01-18
10-2,1.2573385518590998,2023-01-18
31-3,12.186475409836063,2023-01-18
31-3,22.190265486725664,2023-01-18
31-4,23.452,2023-01-18
24-2W,17.29015544041451,2023-01-18
17-3,3.948390393459377,2023-01-18
18-3,11.82766439909297,2023-01-18
13-2E,24.722727272727276,2023-01-18
13-5,36.23554913294798,2023-01-18
24-2W,19.00572519083969,2023-01-18
10-1,2.170093457943925,2023-01-18
3-1/3-2,1.7528011204481793,2023-01-18
39-3,2.065217391304348,2023-01-18
6-2,33.678391959798994,2023-01-18
8-4,4.4699331848552335,2023-01-18
33-4,1.9569752281616688,2023-01-18
16-3,2.5074074074074075,2023-01-18
7-4,10.32676955827568,2023-01-18
20-2,11.34692671394799,2023-01-18
,10.385008517887565,2023-01-18
24-3,19.949685534591197,2023-01-18
24-4,23.297450424929178,2023-01-18
20-3,3.706021251475797,2023-01-18
13-7,2.84375,2023-01-18
7-2,19.608461538461537,2023-01-18
12-2,9.21702838063439,2023-01-18
,20.39181286549708,2023-01-18
15-3,1.8348909657320875,2023-01-18
10-4,2.233009708737864,2023-01-18
33-2,1.653968253968254,2023-01-18
38-5,2.45144804088586,2023-01-18
18-2,19.307073030477287,2023-01-18
,3.778688524590164,2023-01-18
18-1,5.596078431372549,2023-01-18
13-2W,15.48736176935229,2023-01-18
7-5,5.452165156092649,2023-01-18
,5.474747474747475,2023-01-18
13-6,5.182857142857143,2023-01-18
39-1,6.427215189873418,2023-01-18
15-2,1.7106333527019175,2023-01-18
31-4,23.26027397260274,2023-01-18
9-2,2.7254071661237784,2023-01-18
8-2,5.6431654676259,2023-01-18
27-1,2.890746025275173,2023-01-18
7-3,19.404485692188707,2023-01-18
19-2,16.922506738544474,2023-01-18
38-0,2.7373665480427047,2023-01-18
,3.4927536231884058,2023-01-18
39-3,1.990566037735849,2023-01-18
39-5,1.8217821782178216,2023-01-18
39-5,3.1,2023-01-18
,2.083333333333333,2023-01-18
38-6,7.758542141230068,2023-01-18
8-3,22.13211382113821,2023-01-18
22-2,4.573333333333333,2023-01-18
22-2,2.862745098039216,2023-01-18
22-2,2.6875,2023-01-18
19-1,16.445714285714285,2023-01-18
19-1,16.298561151079138,2023-01-18
19-1,15.972549019607843,2023-01-18
19-1,17.547528517110266,2023-01-18
19-1,12.496323529411764,2023-01-18
19-1,15.591133004926109,2023-01-18
19-1,12.174074074074074,2023-01-18
19-1,16.89047619047619,2023-01-18
19-1,16.307142857142857,2023-01-18
19-1,17.444444444444443,2023-01-18
24-2E,17.01261829652997,2023-01-18
24-3,17.92265193370166,2023-01-18
24-3,19.295081967213115,2023-01-18
24-4,18.326760563380283,2023-01-18
24-4,22.12982456140351,2023-01-18
19-2,12.538798498122654,2023-01-18
,22,2023-01-18
36-1,4.038647342995169,2023-01-18
36-1,9.627450980392156,2023-01-18
36-3,15.147286821705428,2023-01-18
23-1,NA,2023-01-18
6-3,27.93617021276596,2023-01-18
6-3,16.524590163934427,2023-01-18
39-3,2.033333333333333,2023-01-18
6-3,11.16,2023-01-18
6-3,14.418478260869565,2023-01-18
6-4,4.745967741935484,2023-01-18
6-5W,3.8178403755868544,2023-01-18
6-5E,5.725806451612903,2023-01-18
22-2,3.032608695652174,2023-01-18
22-2,3.275,2023-01-18
22-2,2.989130434782609,2023-01-18
22-2,2.95,2023-01-18
,21.072100313479623,2023-01-18
,28.938144329896907,2023-01-18
,7.577663671373556,2023-01-18
,2.039184952978057,2023-01-18
,22.60933940774488,2023-01-18
,30.238297872340425,2023-01-18
,29.552393272962483,2023-01-18
,19.180156657963447,2023-01-18
,2.3871635610766044,2023-01-18
23-1,2.38803611738149,2023-01-18
23-2,3.3088235294117645,2023-01-18
34-2,7.574468085106383,2023-01-18
28-5,5.569723018147087,2023-01-18
28-4,6.5285714285714285,2023-01-18
38-7,4.095189873417722,2023-01-18
28-2,4.403010033444816,2023-01-18
28-1,5.696319018404908,2023-01-18
16-1,4.47136563876652,2023-01-18
4-2,3.3331162487788992,2023-01-18
HansHerkert,12.168913560666136,2023-01-23
YoloBasin,11.986574074074074,2023-01-23
HPond,13.685864978902954,2023-01-23
Lucky5,10.904420098224405,2023-01-23
76,14.616582914572865,2023-01-23
70,8.948314606741572,2023-01-23
71,8.1021860701576,2023-01-23
72,13.142857142857142,2023-01-23
64,9.118219749652296,2023-01-23
63,9.02326968973747,2023-01-23
Pond5,10.239583333333334,2023-01-23
Pond6,17.0161476355248,2023-01-23
Pond7,10.342465753424657,2023-01-23
Pond8,13.94074844074844,2023-01-23
Pond9,10.674107142857142,2023-01-23
Pond10,17.4102833158447,2023-01-23
Newstrom,9.49547803617571,2023-01-23
C300,10.468015308911976,2023-01-23
Souza1-4,11.0024154589372,2023-01-23
Souza106,10.398245614035089,2023-01-23
Dingville1,9.361306854580397,2023-01-23
Dingville3,9.882851093860268,2023-01-23
Dingville4,8.890875462392108,2023-01-23
ShadyOaks(MichaelRue),8.836990595611285,2023-01-23
NorthCreekHouse(R&F Ranch),12.974189278623427,2023-01-23
RioOsoRanch(RioOso),11.9283065512979,2023-01-23
Bluebird(R&F RealEstate),9.592353257942918,2023-01-23
Morrison(MichaelRue),11.456804065499718,2023-01-23
Knaggs,11.689816165742632,2023-01-23
TuleBasin(Chesapeak),16.11572512647555,2023-01-23
TuleBasin,11.77496991576414,2023-01-23
CapOil,9.632286995515695,2023-01-23
TidesEnd,12.3578231292517,2023-01-23
Field 29C,8,2023-01-23
Field 29B,7.893048128342246,2023-01-23
Field 29A,7.880833333333333,2023-01-23
Field 25E,7.206806282722513,2023-01-23
Field 25D,7.60672268907563,2023-01-23
Field 25C,16.303715670436187,2023-01-23
Field 26EE,8.688984881209503,2023-01-23
Field 26CW,7.890852390852391,2023-01-23
Field 26D - 50% ONLY,7.872340425531915,2023-01-23
Field 18,8.164460285132384,2023-01-23
Field 20A,9.143457698370993,2023-01-23
Field 20B,19.109907958852197,2023-01-23
Field 21,9.207916833266694,2023-01-23
Field and Tule,23.113211301233584,2023-01-23
055D,10.984179850124896,2023-01-23
055E,10.071370640713706,2023-01-23
056A,15.84349258649094,2023-01-23
056B,9.857915057915058,2023-01-23
056F,63.38534599728629,2023-01-23
056E,30.218875502008032,2023-01-23
056G,16.025842696629212,2023-01-23
056H,71.37616279069768,2023-01-23
056I,14.403263403263404,2023-01-23
056J,11.270964061608671,2023-01-23
056K,11.390672319806178,2023-01-23
056L,12.13226571767497,2023-01-23
056M,12.666899441340782,2023-01-23
056N,13.569787985865725,2023-01-23
056P,12.98076923076923,2023-01-23
056Q,12.06122448979592,2023-01-23
061,82.77154046997389,2023-01-23
068B,11.522698612862548,2023-01-23
069A3,25.88010540184453,2023-01-23
069B,20.185536455246,2023-01-23
069C,28.006349206349206,2023-01-23
072A,61.305500331345264,2023-01-23
072B,81.26708860759494,2023-01-23
076A1,18.32007233273056,2023-01-23
076A1,18.32007233273056,2023-01-23
076B,14.326647564469914,2023-01-23
076CW,17.730803974706415,2023-01-23
078A,22.01486988847584,2023-01-23
078B,57.086666666666666,2023-01-23
078C,60.30625,2023-01-23
088,19.08674157303371,2023-01-23
089B,24.601129943502823,2023-01-23
089A,NA,2023-01-23
090A,19.028089887640448,2023-01-23
091A,12.684278350515465,2023-01-23
091B,10.197554697554695,2023-01-23
093A,10.361227336122734,2023-01-23
093B,10.804195804195803,2023-01-23
093C,10.644354293441516,2023-01-23
093D,10.79342105263158,2023-01-23
093E,10.823759791122717,2023-01-23
094B,11.974219810040706,2023-01-23
096AW2,10.332239540607056,2023-01-23
096AW1,10.17358803986711,2023-01-23
100A,6.689836756187467,2023-01-23
100B,18.10727969348659,2023-01-23
100C,17.1628664495114,2023-01-23
100DE,12.437293729372938,2023-01-23
100G,25.45138178096213,2023-01-23
100M1,11.919028340080972,2023-01-23
100N,59.20091743119266,2023-01-23
102D,10.555555555555555,2023-01-23
102G,13.489090909090908,2023-01-23
102J,11.452850877192985,2023-01-23
106H6,29.27777777777778,2023-01-23
106H3,13.794117647058824,2023-01-23
106H4,19.69401709401709,2023-01-23
106H2,12.949796472184532,2023-01-23
106H2,12.183333333333334,2023-01-23
110F,11.542583732057416,2023-01-23
110G,12.59016393442623,2023-01-23
110J,11.19605142332415,2023-01-23
110K,9.853304904051171,2023-01-23
110L,9.091851851851851,2023-01-23
111A,18.684549356223176,2023-01-23
111B,43.40507726269316,2023-01-23
111C,26.44031311154599,2023-01-23
111D,15.39579524680073,2023-01-23
111E,17.025534132360605,2023-01-23
111F,15.692816218598502,2023-01-23
111G,11.393718707328174,2023-01-23
111H,10.82025894897182,2023-01-23
111J,23.1957773512476,2023-01-23
111K,27.416666666666668,2023-01-23
116A,11.318327974276528,2023-01-23
116D,11.252092050209203,2023-01-23
131D,17.557742782152232,2023-01-23
131F,54.55440414507772,2023-01-23
192EN,8.779637377963738,2023-01-23
192ES,9.882842865074958,2023-01-23
203-42,12.000798722044728,2023-01-23
203-41,12.62660158633313,2023-01-23
205C,13.53931623931624,2023-01-23
205E,10.538654934003771,2023-01-23
205W,9.166800320769848,2023-01-23
206SW,9.845626072041169,2023-01-23
207E,30.8989898989899,2023-01-23
207W,10.857368006304176,2023-01-23
208E,26.523529411764702,2023-01-23
208W,20.857777777777777,2023-01-23
209E,23.034965034965037,2023-01-23
209W,11.025987525987526,2023-01-23
210E,13.542682926829269,2023-01-23
210W,10.843553459119496,2023-01-23
211E,42.33679354094579,2023-01-23
211C,42.29907161803713,2023-01-23
211SE,10.023076923076925,2023-01-23
211SWE,19.870445344129557,2023-01-23
211SWW,29.861471861471863,2023-01-23
211W,45.01783783783784,2023-01-23
212E,22.921137339055797,2023-01-23
212W,20.362702702702705,2023-01-23
213E,11.141326188881449,2023-01-23
213W,16.513823331085636,2023-01-23
214E,9.417040358744394,2023-01-23
214W,10.774004683840747,2023-01-23
215E,10.442477876106194,2023-01-23
215W,12.940355329949238,2023-01-23
216E,14.380263984915148,2023-01-23
216W,15.156500308071472,2023-01-23
217E,14.99945652173913,2023-01-23
217W,22.011862396204037,2023-01-23
218E,14.237691001697792,2023-01-23
218W,11.516978922716628,2023-01-23
219E,15.420318725099602,2023-01-23
219W,11.22930800542741,2023-01-23
220E,10.297583081570997,2023-01-23
220W,11.391304347826088,2023-01-23
221E,13.617431803060546,2023-01-23
221S,12.441767068273093,2023-01-23
221W,14.975579975579976,2023-01-23
222E,18.204301075268816,2023-01-23
222W,20.789830508474576,2023-01-23
Barale,24.8125,2023-01-23
BorderTule,14.108119052439765,2023-01-23
8-4,12.961098398169336,2023-01-23
21-1,16.584373555247343,2023-01-23
21-2,14.796017222820236,2023-01-23
5-3,13.344765342960288,2023-01-23
5-2,18.26282457251425,2023-01-23
5-1,19.631961259079905,2023-01-23
32-3,14.373470386686243,2023-01-23
32-2,13.47467166979362,2023-01-23
32-1,13.126512651265127,2023-01-23
21-3,37.70197904540163,2023-01-23
21-4,11.151085930122758,2023-01-23
16-2,12.24504854368932,2023-01-23
9-1,15.504108723135271,2023-01-23
22-1,11.456303724928366,2023-01-23
31-1,19.764934057408844,2023-01-23
31-2,14.06786703601108,2023-01-23
27-2,13.17129018053721,2023-01-23
18-5,20.557235421166308,2023-01-23
24-1,28.678571428571427,2023-01-23
17-2,12.98732325694783,2023-01-23
Staten Island Pilot,0,2023-01-23
D1A_019,14.07565011820331,2023-01-23
D1A_032,18.939135727328058,2023-01-23
D1A_050,29.08831908831909,2023-01-23
D3__017,9.861778066190784,2023-01-23
D3__018,7.638110488390713,2023-01-23
D3__025,8.99330207635633,2023-01-23
D3__074,9.507744107744108,2023-01-23
D3__080,12.94125412541254,2023-01-23
D3__085,9.618563254926892,2023-01-23
D4__010,35.21138639957828,2023-01-23
D4__038,10.804187192118226,2023-01-23
D4__039,9.04689564068692,2023-01-23
D4__056,10.104092526690392,2023-01-23
D4__060,11.933177022274323,2023-01-23
ROOS3,11.205242334322453,2023-01-23
ROOS2,13.874458874458874,2023-01-23
ROOS1,28.025,2023-01-23
TC014,8.135746606334841,2023-01-23
TC013,12.770778189518264,2023-01-23
TC015,4.2745098039215685,2023-01-23
TC016,4.302928870292887,2023-01-23
TC012,12.579190751445086,2023-01-23
Knaggs_011,12.125143075162152,2023-01-23
Knaggs_010,11.840699815837937,2023-01-23
Knaggs_009,10.910070257611242,2023-01-23
TC022,8.539267015706807,2023-01-23
TC023,10.68050065876153,2023-01-23
TC020,9.585983127839066,2023-01-23
TC005,0,2023-01-23
TC006,0,2023-01-23
TC007_008,0,2023-01-23
12-1,10.84549356223176,2023-01-23
24-2W,16.851637764932562,2023-01-23
7-1,70.53633491311217,2023-01-23
39-2,14.053752535496958,2023-01-23
15-3,10.776379477250726,2023-01-23
10-4,NA,2023-01-23
6-4,14.91304347826087,2023-01-23
15-8,10.440340909090908,2023-01-23
15-6,10.49481865284974,2023-01-23
4-1,28.0951101558302,2023-01-23
23-1,NA,2023-01-23
17-1,12.8895,2023-01-23
1-3,23.751684311838307,2023-01-23
1-2,17.862146892655367,2023-01-23
13-1,18.89383561643836,2023-01-23
1-4,30.4817880794702,2023-01-23
36-2,15.727124183006536,2023-01-23
3-3/3-4,10.855334538878845,2023-01-23
39-4,13.867592592592592,2023-01-23
6-3,28.29069767441861,2023-01-23
15-1,11.01031991744066,2023-01-23
19-1,20.132142857142856,2023-01-23
24-2E,30.606666666666666,2023-01-23
18-6,15.95138888888889,2023-01-23
20-1,40.19825581395349,2023-01-23
,24.13815789473684,2023-01-23
13-3,32.950943396226414,2023-01-23
1-5,22.875478927203066,2023-01-23
36-2,23.7424,2023-01-23
10-2,11.226027397260276,2023-01-23
31-3,28.148907103825135,2023-01-23
31-3,43.82024336283186,2023-01-23
31-4,40.38,2023-01-23
24-2W,17.264248704663213,2023-01-23
17-3,12.410832907511498,2023-01-23
18-3,24.909297052154194,2023-01-23
13-2E,38.198484848484846,2023-01-23
13-5,67.23121387283237,2023-01-23
24-2W,22.209923664122137,2023-01-23
10-1,10.725233644859811,2023-01-23
3-1/3-2,11.388655462184872,2023-01-23
39-3,16.40993788819876,2023-01-23
6-2,71.30485762144053,2023-01-23
8-4,13.11804008908686,2023-01-23
33-4,24.82659713168188,2023-01-23
16-3,12.028395061728396,2023-01-23
7-4,23.17988291644492,2023-01-23
20-2,29.29905437352246,2023-01-23
,18.156729131175467,2023-01-23
24-3,19.23270440251572,2023-01-23
24-4,23.73654390934844,2023-01-23
20-3,11.861275088547815,2023-01-23
13-7,14.409375,2023-01-23
7-2,52.75153846153846,2023-01-23
12-2,17.931552587646078,2023-01-23
,17.05263157894737,2023-01-23
15-3,10.23883696780893,2023-01-23
10-4,12.626907073509017,2023-01-23
33-2,11.06031746031746,2023-01-23
38-5,12.597955706984669,2023-01-23
18-2,36.11730879815986,2023-01-23
,12.520491803278688,2023-01-23
18-1,17.742745098039215,2023-01-23
13-2W,36.18325434439178,2023-01-23
7-5,15.996978851963746,2023-01-23
,12.286195286195284,2023-01-23
13-6,16.262857142857143,2023-01-23
39-1,16.01740506329114,2023-01-23
15-2,9.807669959325974,2023-01-23
31-4,34.305936073059364,2023-01-23
9-2,11.654723127035831,2023-01-23
8-2,19.801438848920863,2023-01-23
27-1,12.932327761924174,2023-01-23
7-3,43.106728538283065,2023-01-23
19-2,22.81266846361186,2023-01-23
38-0,11.787188612099644,2023-01-23
,11.454106280193235,2023-01-23
39-3,10.80188679245283,2023-01-23
39-5,11.207920792079207,2023-01-23
39-5,10.3,2023-01-23
,12.86111111111111,2023-01-23
38-6,10.337129840546696,2023-01-23
8-3,39.03658536585366,2023-01-23
22-2,12.418333333333331,2023-01-23
22-2,31.15686274509804,2023-01-23
22-2,25.24305555555556,2023-01-23
19-1,17.34857142857143,2023-01-23
19-1,17.48201438848921,2023-01-23
19-1,17.87450980392157,2023-01-23
19-1,19.08745247148289,2023-01-23
19-1,15.647058823529411,2023-01-23
19-1,20.80295566502463,2023-01-23
19-1,14.107407407407408,2023-01-23
19-1,15.88095238095238,2023-01-23
19-1,20.625,2023-01-23
19-1,20.211111111111112,2023-01-23
24-2E,16.753943217665615,2023-01-23
24-3,17.748618784530386,2023-01-23
24-3,17.990163934426228,2023-01-23
24-4,21.090140845070422,2023-01-23
24-4,24.347368421052632,2023-01-23
19-2,15.59762202753442,2023-01-23
,27.133333333333333,2023-01-23
36-1,10.64734299516908,2023-01-23
36-1,15.333333333333334,2023-01-23
36-3,24.953488372093023,2023-01-23
23-1,NA,2023-01-23
6-3,54.41489361702128,2023-01-23
6-3,30.83606557377049,2023-01-23
39-3,7.758333333333334,2023-01-23
6-3,22.866666666666667,2023-01-23
6-3,25.91304347826087,2023-01-23
6-4,13.036290322580646,2023-01-23
6-5W,12.902347417840376,2023-01-23
6-5E,13.34331797235023,2023-01-23
22-2,11.48913043478261,2023-01-23
22-2,11.314285714285717,2023-01-23
22-2,21.13768115942029,2023-01-23
22-2,23.67,2023-01-23
,23.24346917450366,2023-01-23
,29.9493908153702,2023-01-23
,13.74839537869063,2023-01-23
,10.561128526645769,2023-01-23
,25.330296127562644,2023-01-23
,28.373049645390072,2023-01-23
,30.45019404915912,2023-01-23
,30.147084421235856,2023-01-23
,10.00207039337474,2023-01-23
23-1,10.727313769751692,2023-01-23
23-2,11.698529411764708,2023-01-23
34-2,47.7872340425532,2023-01-23
28-5,23.22970391595033,2023-01-23
28-4,13.95064935064935,2023-01-23
38-7,11.870886075949366,2023-01-23
28-2,11.294314381270905,2023-01-23
28-1,13.033742331288344,2023-01-23
16-1,12.063142437591775,2023-01-23
4-2,13.320742429176164,2023-01-23
HansHerkert,10.687813904308747,2023-01-25
YoloBasin,6.895370370370371,2023-01-25
HPond,12.830801687763714,2023-01-25
Lucky5,8.724216093690972,2023-01-25
76,9.87788944723618,2023-01-25
70,6.0220224719101125,2023-01-25
71,4.186578546009151,2023-01-25
72,8.659255141745414,2023-01-25
64,7.390125173852573,2023-01-25
63,6.187350835322196,2023-01-25
Pond5,12.069010416666666,2023-01-25
Pond6,22.47404844290657,2023-01-25
Pond7,12.124809741248097,2023-01-25
Pond8,14.849272349272349,2023-01-25
Pond9,8.649553571428571,2023-01-25
Pond10,17.194123819517312,2023-01-25
Newstrom,5.295219638242894,2023-01-25
C300,5.427009294696555,2023-01-25
Souza1-4,5.21658615136876,2023-01-25
Souza106,3.676315789473685,2023-01-25
Dingville1,3.2152466367713006,2023-01-25
Dingville3,4.429781227946366,2023-01-25
Dingville4,3.916769420468557,2023-01-25
ShadyOaks(MichaelRue),2.70846394984326,2023-01-25
NorthCreekHouse(R&F Ranch),6.911978821972204,2023-01-25
RioOsoRanch(RioOso),9.703337453646476,2023-01-25
Bluebird(R&F RealEstate),3.693053311793215,2023-01-25
Morrison(MichaelRue),7.05759457933371,2023-01-25
Knaggs,2.4932885906040267,2023-01-25
TuleBasin(Chesapeak),15.749789207419898,2023-01-25
TuleBasin,6.5262735659847575,2023-01-25
CapOil,3.505765534913517,2023-01-25
TidesEnd,8.921995464852607,2023-01-25
Field 29C,2.706243602865916,2023-01-25
Field 29B,2.8297682709447414,2023-01-25
Field 29A,3.319166666666667,2023-01-25
Field 25E,2.945898778359511,2023-01-25
Field 25D,3.5831932773109245,2023-01-25
Field 25C,12.354604200323102,2023-01-25
Field 26EE,1.792656587473002,2023-01-25
Field 26CW,3.546777546777547,2023-01-25
Field 26D - 50% ONLY,2.8712765957446806,2023-01-25
Field 18,6.294806517311609,2023-01-25
Field 20A,12.317393589069887,2023-01-25
Field 20B,26.20194910665945,2023-01-25
Field 21,7.10515793682527,2023-01-25
Field and Tule,23.3674890569041,2023-01-25
055D,4.858451290591174,2023-01-25
055E,5.265206812652068,2023-01-25
056A,15.964579901153211,2023-01-25
056B,4.673359073359073,2023-01-25
056F,74.49728629579376,2023-01-25
056E,34.07630522088353,2023-01-25
056G,20.778089887640448,2023-01-25
056H,98.71046511627908,2023-01-25
056I,17.124708624708624,2023-01-25
056J,4.992013690815744,2023-01-25
056K,4.739551786795881,2023-01-25
056L,5.244958481613286,2023-01-25
056M,4.702513966480447,2023-01-25
056N,4.292402826855124,2023-01-25
056P,3.652644230769231,2023-01-25
056Q,4.110787172011662,2023-01-25
061,106.0704960835509,2023-01-25
068B,6.020176544766708,2023-01-25
069A3,33.148880105401844,2023-01-25
069B,25.6751630112626,2023-01-25
069C,33.6021164021164,2023-01-25
072A,76.45858184227966,2023-01-25
072B,98.89430379746835,2023-01-25
076A1,13.89240506329114,2023-01-25
076A1,13.89240506329114,2023-01-25
076B,10.62559694364852,2023-01-25
076CW,14.806684733514002,2023-01-25
078A,16.571251548946716,2023-01-25
078B,73.64,2023-01-25
078C,81.32375,2023-01-25
088,19.493932584269665,2023-01-25
089B,47.76892655367232,2023-01-25
089A,NA,2023-01-25
090A,17.96441947565543,2023-01-25
091A,5.688144329896907,2023-01-25
091B,9.22007722007722,2023-01-25
093A,3.3807531380753137,2023-01-25
093B,7.3314685314685315,2023-01-25
093C,3.1615956727518597,2023-01-25
093D,2.916447368421053,2023-01-25
093E,3.2610966057441253,2023-01-25
094B,4.706919945725915,2023-01-25
096AW2,3.876127973748975,2023-01-25
096AW1,4.597176079734219,2023-01-25
100A,3.1743022643496577,2023-01-25
100B,10.701149425287356,2023-01-25
100C,13.882736156351791,2023-01-25
100DE,13.386138613861386,2023-01-25
100G,35.42169907881269,2023-01-25
100M1,10.48582995951417,2023-01-25
100N,67.65045871559633,2023-01-25
102D,5.254227053140097,2023-01-25
102G,5.7284848484848485,2023-01-25
102J,5.780701754385965,2023-01-25
106H6,36.98333333333333,2023-01-25
106H3,11.164359861591697,2023-01-25
106H4,18.856410256410257,2023-01-25
106H2,6.956580732700136,2023-01-25
106H2,6.166666666666667,2023-01-25
110F,5.832535885167464,2023-01-25
110G,8.550546448087431,2023-01-25
110J,4.102387511478421,2023-01-25
110K,3.989765458422175,2023-01-25
110L,4.32962962962963,2023-01-25
111A,17.180257510729614,2023-01-25
111B,67.17660044150111,2023-01-25
111C,23.749510763209397,2023-01-25
111D,8.641681901279707,2023-01-25
111E,9.30119854090672,2023-01-25
111F,10.682679594535038,2023-01-25
111G,4.975876194811106,2023-01-25
111H,6.197258187357197,2023-01-25
111J,30.81573896353167,2023-01-25
111K,37.785714285714285,2023-01-25
116A,5.118971061093248,2023-01-25
116D,5.117154811715481,2023-01-25
131D,17.73490813648294,2023-01-25
131F,55.70466321243524,2023-01-25
192EN,5.711994421199442,2023-01-25
192ES,4.786785119378124,2023-01-25
203-42,19.262779552715656,2023-01-25
203-41,15.144600366076876,2023-01-25
205C,16.046153846153846,2023-01-25
205E,16.783155248271527,2023-01-25
205W,3.0481154771451484,2023-01-25
206SW,3.176672384219554,2023-01-25
207E,19.44360269360269,2023-01-25
207W,2.479905437352246,2023-01-25
208E,20.53308823529412,2023-01-25
208W,18.655555555555555,2023-01-25
209E,16.48076923076923,2023-01-25
209W,4.509355509355509,2023-01-25
210E,3.879790940766551,2023-01-25
210W,7.8812893081761,2023-01-25
211E,50.99307958477509,2023-01-25
211C,39.77718832891247,2023-01-25
211SE,3.0846153846153848,2023-01-25
211SWE,6.242914979757085,2023-01-25
211SWW,47.94372294372295,2023-01-25
211W,66.29945945945946,2023-01-25
212E,19.348175965665234,2023-01-25
212W,21.56324324324324,2023-01-25
213E,4.060281312793034,2023-01-25
213W,14.67228590694538,2023-01-25
214E,5.5908071748878925,2023-01-25
214W,4.598360655737705,2023-01-25
215E,6.495575221238938,2023-01-25
215W,5.871827411167513,2023-01-25
216E,15.336266499057198,2023-01-25
216W,19.695009242144177,2023-01-25
217E,16.916847826086958,2023-01-25
217W,25.53973902728351,2023-01-25
218E,12.96774193548387,2023-01-25
218W,8.792154566744731,2023-01-25
219E,15.171978751660026,2023-01-25
219W,2.724559023066486,2023-01-25
220E,3.995468277945619,2023-01-25
220W,2.3075684380032206,2023-01-25
221E,6.717232202262142,2023-01-25
221S,3.4805890227576977,2023-01-25
221W,7.034188034188034,2023-01-25
222E,24.79173740803622,2023-01-25
222W,24.461016949152544,2023-01-25
Barale,25.28125,2023-01-25
BorderTule,9.719781332253492,2023-01-25
8-4,2.997711670480549,2023-01-25
21-1,7.394359685621821,2023-01-25
21-2,5.678686759956943,2023-01-25
5-3,3.595667870036101,2023-01-25
5-2,9.15769474350855,2023-01-25
5-1,9.639830508474576,2023-01-25
32-3,5.5550660792951545,2023-01-25
32-2,9.697936210131331,2023-01-25
32-1,5.971397139713972,2023-01-25
21-3,30.9604190919674,2023-01-25
21-4,2.616619452313503,2023-01-25
16-2,6.803883495145631,2023-01-25
9-1,11.210493046776232,2023-01-25
22-1,4.046561604584527,2023-01-25
31-1,20.372381691233517,2023-01-25
31-2,9.67590027700831,2023-01-25
27-2,2.051959489211801,2023-01-25
18-5,19.48596112311015,2023-01-25
24-1,27.17142857142857,2023-01-25
17-2,4.980009751340809,2023-01-25
Staten Island Pilot,18.684761535478867,2023-01-25
D1A_019,7.195429472025217,2023-01-25
D1A_032,10.326232501521607,2023-01-25
D1A_050,29.21747388414055,2023-01-25
D3__017,3.536015574302401,2023-01-25
D3__018,4.8871096877502005,2023-01-25
D3__025,4.289350301406564,2023-01-25
D3__074,2.804040404040404,2023-01-25
D3__080,5.354455445544555,2023-01-25
D3__085,4.075015893197711,2023-01-25
D4__010,40.47443331576173,2023-01-25
D4__038,3.0061576354679804,2023-01-25
D4__039,3.2450462351387053,2023-01-25
D4__056,5.272241992882562,2023-01-25
D4__060,6.269636576787808,2023-01-25
ROOS3,8.972304648862512,2023-01-25
ROOS2,11.929112554112557,2023-01-25
ROOS1,27.15625,2023-01-25
TC014,11.524886877828054,2023-01-25
TC013,15.862890418210691,2023-01-25
TC015,4.735294117647059,2023-01-25
TC016,4.2803347280334725,2023-01-25
TC012,5.787668593448941,2023-01-25
Knaggs_011,2.114078595955742,2023-01-25
Knaggs_010,2.3186003683241254,2023-01-25
Knaggs_009,3.1953161592505857,2023-01-25
TC022,4.359293193717278,2023-01-25
TC023,5.238471673254282,2023-01-25
TC020,3.2602206359506813,2023-01-25
TC005,0,2023-01-25
TC006,0,2023-01-25
TC007_008,0,2023-01-25
12-1,6.218884120171674,2023-01-25
24-2W,19.66859344894027,2023-01-25
7-1,76.18009478672985,2023-01-25
39-2,17.657200811359026,2023-01-25
15-3,2.594385285575992,2023-01-25
10-4,NA,2023-01-25
6-4,7.671195652173913,2023-01-25
15-8,1.7102272727272727,2023-01-25
15-6,2.481865284974093,2023-01-25
4-1,25.411606663084363,2023-01-25
23-1,NA,2023-01-25
17-1,5.511,2023-01-25
1-3,18.884504331087584,2023-01-25
1-2,9.658757062146892,2023-01-25
13-1,12.303082191780822,2023-01-25
1-4,29.677152317880797,2023-01-25
36-2,11.588235294117649,2023-01-25
3-3/3-4,2.4948764315852925,2023-01-25
39-4,7.214814814814815,2023-01-25
6-3,30.100775193798448,2023-01-25
15-1,2.637770897832817,2023-01-25
19-1,17.557142857142857,2023-01-25
24-2E,29.066666666666663,2023-01-25
18-6,9.791666666666666,2023-01-25
20-1,43.27383720930233,2023-01-25
,27.980263157894736,2023-01-25
13-3,34.81792452830189,2023-01-25
1-5,16.990421455938698,2023-01-25
36-2,26.0096,2023-01-25
10-2,1.5909980430528377,2023-01-25
31-3,28.39344262295082,2023-01-25
31-3,45.95796460176991,2023-01-25
31-4,31.848,2023-01-25
24-2W,16.305699481865286,2023-01-25
17-3,4.204394481349004,2023-01-25
18-3,24.022108843537413,2023-01-25
13-2E,41.69924242424243,2023-01-25
13-5,72.99566473988439,2023-01-25
24-2W,24.12213740458015,2023-01-25
10-1,5.814953271028037,2023-01-25
3-1/3-2,2.0511204481792715,2023-01-25
39-3,71.85403726708074,2023-01-25
6-2,71.11725293132328,2023-01-25
8-4,3.394209354120268,2023-01-25
33-4,24.79269882659713,2023-01-25
16-3,4.825925925925926,2023-01-25
7-4,17.493879723257052,2023-01-25
20-2,28.42316784869976,2023-01-25
,16.49914821124361,2023-01-25
24-3,24.23270440251572,2023-01-25
24-4,29.113314447592067,2023-01-25
20-3,3.952774498229044,2023-01-25
13-7,3.60625,2023-01-25
7-2,53.24,2023-01-25
12-2,16.821368948247077,2023-01-25
,17.263157894736842,2023-01-25
15-3,2.6173416407061265,2023-01-25
10-4,13.879334257975035,2023-01-25
33-2,3.2285714285714286,2023-01-25
38-5,3.928449744463373,2023-01-25
18-2,35.8654399079931,2023-01-25
,4.221311475409836,2023-01-25
18-1,10.978039215686277,2023-01-25
13-2W,42.3696682464455,2023-01-25
7-5,8.332326283987916,2023-01-25
,5.287878787878788,2023-01-25
13-6,8.925714285714285,2023-01-25
39-1,17.85126582278481,2023-01-25
15-2,2.378849506101104,2023-01-25
31-4,28.105022831050228,2023-01-25
9-2,5.499348534201954,2023-01-25
8-2,13.62158273381295,2023-01-25
27-1,2.23196086424786,2023-01-25
7-3,43.56805877803558,2023-01-25
19-2,17.67654986522911,2023-01-25
38-0,6.834875444839858,2023-01-25
,3.550724637681159,2023-01-25
39-3,1.8773584905660377,2023-01-25
39-5,1.6336633663366336,2023-01-25
39-5,4.415294117647059,2023-01-25
,3.25,2023-01-25
38-6,11.768413059984814,2023-01-25
8-3,38.51422764227642,2023-01-25
22-2,4.955,2023-01-25
22-2,32.78431372549019,2023-01-25
22-2,25.95833333333333,2023-01-25
19-1,17.554285714285715,2023-01-25
19-1,13.62589928057554,2023-01-25
19-1,16.494117647058822,2023-01-25
19-1,15.82509505703422,2023-01-25
19-1,14.264705882352942,2023-01-25
19-1,14.96551724137931,2023-01-25
19-1,14.25925925925926,2023-01-25
19-1,15.195238095238096,2023-01-25
19-1,16.675,2023-01-25
19-1,17.85925925925926,2023-01-25
24-2E,16.993690851735014,2023-01-25
24-3,18.002762430939228,2023-01-25
24-3,19.81639344262295,2023-01-25
24-4,21.72394366197183,2023-01-25
24-4,25.98245614035088,2023-01-25
19-2,13.750938673341675,2023-01-25
,28.4,2023-01-25
36-1,5.565217391304348,2023-01-25
36-1,12.622549019607844,2023-01-25
36-3,25.968992248062012,2023-01-25
23-1,NA,2023-01-25
6-3,60.234042553191486,2023-01-25
6-3,41.72950819672131,2023-01-25
39-3,2.275,2023-01-25
6-3,26.07333333333333,2023-01-25
6-3,31.125,2023-01-25
6-4,7.016129032258065,2023-01-25
6-5W,3.262910798122065,2023-01-25
6-5E,6.071428571428571,2023-01-25
22-2,3.375,2023-01-25
22-2,5.560714285714286,2023-01-25
22-2,23.463768115942027,2023-01-25
22-2,22.04,2023-01-25
,16.45350052246604,2023-01-25
,24.26335520149953,2023-01-25
,7.053915275994865,2023-01-25
,2.415360501567398,2023-01-25
,20.342824601366743,2023-01-25
,21.85531914893617,2023-01-25
,23.795601552393272,2023-01-25
,26.34638816362054,2023-01-25
,2.494824016563147,2023-01-25
23-1,1.8781038374717836,2023-01-25
23-2,4.276960784313726,2023-01-25
34-2,48.78191489361702,2023-01-25
28-5,17.294651384909265,2023-01-25
28-4,6.131168831168831,2023-01-25
38-7,3.430886075949367,2023-01-25
28-2,3.520066889632107,2023-01-25
28-1,4.655419222903886,2023-01-25
16-1,3.433920704845815,2023-01-25
4-2,6.94399218495604,2023-01-25
HansHerkert,9.685434840074016,2023-01-30
YoloBasin,20.20787037037037,2023-01-30
HPond,20.05189873417721,2023-01-30
Lucky5,10.441254250094447,2023-01-30
76,8.595979899497488,2023-01-30
70,8.224719101123595,2023-01-30
71,8.4133197763091,2023-01-30
72,9.573652028904949,2023-01-30
64,8.570931849791377,2023-01-30
63,5.809665871121719,2023-01-30
Pond5,11.825520833333334,2023-01-30
Pond6,20.508650519031143,2023-01-30
Pond7,13.751902587519028,2023-01-30
Pond8,16.624740124740125,2023-01-30
Pond9,23.399553571428573,2023-01-30
Pond10,13.164742917103885,2023-01-30
Newstrom,5.703488372093023,2023-01-30
C300,6.020776380535812,2023-01-30
Souza1-4,5.311594202898551,2023-01-30
Souza106,4.685964912280702,2023-01-30
Dingville1,4.882126841768097,2023-01-30
Dingville3,6.529287226534933,2023-01-30
Dingville4,5.883477188655981,2023-01-30
ShadyOaks(MichaelRue),3.5689655172413794,2023-01-30
NorthCreekHouse(R&F Ranch),17.101919258769026,2023-01-30
RioOsoRanch(RioOso),7.296662546353523,2023-01-30
Bluebird(R&F RealEstate),7.1227786752827145,2023-01-30
Morrison(MichaelRue),6.786561264822135,2023-01-30
Knaggs,8.446308724832214,2023-01-30
TuleBasin(Chesapeak),16.475758853288365,2023-01-30
TuleBasin,6.885679903730445,2023-01-30
CapOil,10.628763613068546,2023-01-30
TidesEnd,21.46077097505669,2023-01-30
Field 29C,4.646878198567042,2023-01-30
Field 29B,4.516042780748663,2023-01-30
Field 29A,4.8566666666666665,2023-01-30
Field 25E,4.4118673647469455,2023-01-30
Field 25D,4.490756302521008,2023-01-30
Field 25C,5.843295638126009,2023-01-30
Field 26EE,5.660907127429805,2023-01-30
Field 26CW,5.82952182952183,2023-01-30
Field 26D - 50% ONLY,5.874468085106383,2023-01-30
Field 18,4.680753564154786,2023-01-30
Field 20A,10.6878612716763,2023-01-30
Field 20B,8.367081754195993,2023-01-30
Field 21,6.513794482207117,2023-01-30
Field and Tule,27.78133704735376,2023-01-30
055D,5.941715237302248,2023-01-30
055E,4.090024330900243,2023-01-30
056A,12.55683690280066,2023-01-30
056B,8.372200772200772,2023-01-30
056F,20.646540027137043,2023-01-30
056E,13.421686746987952,2023-01-30
056G,8.148314606741573,2023-01-30
056H,30.55406976744186,2023-01-30
056I,6.886363636363637,2023-01-30
056J,7.569880205362236,2023-01-30
056K,8.657177468201091,2023-01-30
056L,7.476868327402135,2023-01-30
056M,7.696927374301676,2023-01-30
056N,12.462897526501768,2023-01-30
056P,9.705528846153848,2023-01-30
056Q,7.717201166180758,2023-01-30
061,26.9177545691906,2023-01-30
068B,7.135561160151324,2023-01-30
069A3,12.608695652173912,2023-01-30
069B,8.520450503852993,2023-01-30
069C,10.51851851851852,2023-01-30
072A,20.642147117296226,2023-01-30
072B,24.45379746835443,2023-01-30
076A1,13.766726943942134,2023-01-30
076A1,13.766726943942134,2023-01-30
076B,13.15090735434575,2023-01-30
076CW,12.635049683830172,2023-01-30
078A,18.815985130111525,2023-01-30
078B,41.65466666666666,2023-01-30
078C,35.9375,2023-01-30
088,9.45258426966292,2023-01-30
089B,9.768926553672316,2023-01-30
089A,NA,2023-01-30
090A,6.020599250936329,2023-01-30
091A,8.179123711340207,2023-01-30
091B,7.429214929214929,2023-01-30
093A,6.612273361227336,2023-01-30
093B,6.553846153846154,2023-01-30
093C,7.233265720081136,2023-01-30
093D,7.285526315789474,2023-01-30
093E,7.160574412532637,2023-01-30
094B,8.424694708276798,2023-01-30
096AW2,10.223133716160788,2023-01-30
096AW1,9.94435215946844,2023-01-30
100A,5.922064244339126,2023-01-30
100B,12.64655172413793,2023-01-30
100C,12.286644951140063,2023-01-30
100DE,14.246204620462048,2023-01-30
100G,15.674513817809622,2023-01-30
100M1,9.561943319838056,2023-01-30
100N,19.188990825688077,2023-01-30
102D,6.286231884057971,2023-01-30
102G,5.916969696969697,2023-01-30
102J,5.43969298245614,2023-01-30
106H6,20.73611111111111,2023-01-30
106H3,8.698961937716263,2023-01-30
106H4,8.957264957264957,2023-01-30
106H2,7.80325644504749,2023-01-30
106H2,11.166666666666666,2023-01-30
110F,7.95311004784689,2023-01-30
110G,8.076502732240437,2023-01-30
110J,13.00872359963269,2023-01-30
110K,10.64179104477612,2023-01-30
110L,12.348888888888888,2023-01-30
111A,8.57510729613734,2023-01-30
111B,6.292494481236203,2023-01-30
111C,7.487279843444227,2023-01-30
111D,7.684643510054845,2023-01-30
111E,8.08441896821261,2023-01-30
111F,12.494931687968268,2023-01-30
111G,13.115612198452435,2023-01-30
111H,6.914699162223915,2023-01-30
111J,9.708253358925145,2023-01-30
111K,7.107142857142857,2023-01-30
116A,13.189710610932476,2023-01-30
116D,9.663179916317992,2023-01-30
131D,7.364829396325459,2023-01-30
131F,26.96113989637306,2023-01-30
192EN,7.303347280334728,2023-01-30
192ES,6.4875069405885615,2023-01-30
203-42,9.499201277955272,2023-01-30
203-41,8.128737034777304,2023-01-30
205C,6.868376068376068,2023-01-30
205E,5.7850408548082966,2023-01-30
205W,8.085805934242181,2023-01-30
206SW,5.941680960548885,2023-01-30
207E,12.51010101010101,2023-01-30
207W,6.754137115839243,2023-01-30
208E,8.911029411764705,2023-01-30
208W,6.956296296296296,2023-01-30
209E,9.257867132867132,2023-01-30
209W,7.374220374220374,2023-01-30
210E,8.314459930313589,2023-01-30
210W,6.878930817610063,2023-01-30
211E,9.46482122260669,2023-01-30
211C,6.387931034482759,2023-01-30
211SE,6.503846153846154,2023-01-30
211SWE,8.65587044534413,2023-01-30
211SWW,26.463203463203463,2023-01-30
211W,28.20972972972973,2023-01-30
212E,15.04667381974249,2023-01-30
212W,15.15891891891892,2023-01-30
213E,7.681178834561286,2023-01-30
213W,7.369521240728253,2023-01-30
214E,7.868834080717488,2023-01-30
214W,7.505854800936768,2023-01-30
215E,6.527180783817952,2023-01-30
215W,8.025380710659899,2023-01-30
216E,7.798240100565682,2023-01-30
216W,8.471965495995072,2023-01-30
217E,13.235326086956524,2023-01-30
217W,16.05041518386714,2023-01-30
218E,12.156196943972835,2023-01-30
218W,7.510538641686183,2023-01-30
219E,7.567729083665339,2023-01-30
219W,12.4674355495251,2023-01-30
220E,6.641993957703927,2023-01-30
220W,11.296296296296296,2023-01-30
221E,13.536926147704593,2023-01-30
221S,10.49665327978581,2023-01-30
221W,9.783882783882785,2023-01-30
222E,12.797396717600453,2023-01-30
222W,17.25423728813559,2023-01-30
Barale,31.2265625,2023-01-30
BorderTule,16.08443004656813,2023-01-30
8-4,9.899313501144166,2023-01-30
21-1,10.005547850208044,2023-01-30
21-2,8.145317545748116,2023-01-30
5-3,7.676293622141998,2023-01-30
5-2,8.521215959468018,2023-01-30
5-1,10.028450363196123,2023-01-30
32-3,9.69603524229075,2023-01-30
32-2,7.618511569731082,2023-01-30
32-1,7.409240924092409,2023-01-30
21-3,14,2023-01-30
21-4,7.563739376770538,2023-01-30
16-2,8.42873786407767,2023-01-30
9-1,13.209860935524652,2023-01-30
22-1,8.330229226361032,2023-01-30
31-1,13.464701318851825,2023-01-30
31-2,8.954293628808864,2023-01-30
27-2,8.729194187582562,2023-01-30
18-5,12.095032397408207,2023-01-30
24-1,11.089285714285714,2023-01-30
17-2,9.225255972696246,2023-01-30
Staten Island Pilot,15.444746025591314,2023-01-30
D1A_019,11.28841607565012,2023-01-30
D1A_032,19.82531953743153,2023-01-30
D1A_050,11.076923076923077,2023-01-30
D3__017,6.079169370538612,2023-01-30
D3__018,5.56204963971177,2023-01-30
D3__025,7.997320830542532,2023-01-30
D3__074,6.870707070707071,2023-01-30
D3__080,9.46006600660066,2023-01-30
D3__085,7.000635727908455,2023-01-30
D4__010,23.02266736953084,2023-01-30
D4__038,10.280788177339902,2023-01-30
D4__039,6.30779392338177,2023-01-30
D4__056,7.433274021352313,2023-01-30
D4__060,9.534583821805391,2023-01-30
ROOS3,16.922354104846686,2023-01-30
ROOS2,17.435064935064936,2023-01-30
ROOS1,35.9,2023-01-30
TC014,8.391402714932127,2023-01-30
TC013,9.204340921122286,2023-01-30
TC015,3.5267379679144386,2023-01-30
TC016,5.299581589958159,2023-01-30
TC012,9.86897880539499,2023-01-30
Knaggs_011,8.053414727203357,2023-01-30
Knaggs_010,7.989410681399631,2023-01-30
Knaggs_009,8.833255269320842,2023-01-30
TC022,5.93782722513089,2023-01-30
TC023,7.768115942028985,2023-01-30
TC020,5.122647631408176,2023-01-30
TC005,0,2023-01-30
TC006,0,2023-01-30
TC007_008,0,2023-01-30
12-1,15.55793991416309,2023-01-30
24-2W,7.61271676300578,2023-01-30
7-1,38.01263823064771,2023-01-30
39-2,12.08316430020284,2023-01-30
15-3,8.013552758954502,2023-01-30
10-4,NA,2023-01-30
6-4,10.157608695652174,2023-01-30
15-8,7.303977272727272,2023-01-30
15-6,7.215025906735751,2023-01-30
4-1,26.5045674368619,2023-01-30
23-1,NA,2023-01-30
17-1,8.0565,2023-01-30
1-3,12.128970163618863,2023-01-30
1-2,10.23954802259887,2023-01-30
13-1,14.986301369863014,2023-01-30
1-4,15.650662251655628,2023-01-30
36-2,12.444444444444445,2023-01-30
3-3/3-4,12.92706449668475,2023-01-30
39-4,13.60462962962963,2023-01-30
6-3,11.589147286821705,2023-01-30
15-1,7.636738906088751,2023-01-30
19-1,10.442857142857145,2023-01-30
24-2E,15.78,2023-01-30
18-6,14.708333333333334,2023-01-30
20-1,20.43546511627907,2023-01-30
,29.50657894736842,2023-01-30
13-3,15.721698113207546,2023-01-30
1-5,10.99233716475096,2023-01-30
36-2,21.4928,2023-01-30
10-2,11.045009784735813,2023-01-30
31-3,15.229508196721312,2023-01-30
31-3,20.629424778761063,2023-01-30
31-4,17.984,2023-01-30
24-2W,7.83419689119171,2023-01-30
17-3,8.221257026060297,2023-01-30
18-3,9.855442176870747,2023-01-30
13-2E,15.91969696969697,2023-01-30
13-5,36.92774566473989,2023-01-30
24-2W,16.124045801526716,2023-01-30
10-1,14.790654205607476,2023-01-30
3-1/3-2,7.413165266106443,2023-01-30
39-3,45.42546583850932,2023-01-30
6-2,24.66499162479062,2023-01-30
8-4,10.10913140311804,2023-01-30
33-4,22.406779661016948,2023-01-30
16-3,9.390123456790125,2023-01-30
7-4,12.49654071314529,2023-01-30
20-2,16.87884160756501,2023-01-30
,20.1618398637138,2023-01-30
24-3,13.57861635220126,2023-01-30
24-4,12.424929178470254,2023-01-30
20-3,8.690082644628099,2023-01-30
13-7,7.90625,2023-01-30
7-2,26.931538461538462,2023-01-30
12-2,13.2220367278798,2023-01-30
,11.029239766081872,2023-01-30
15-3,10.48546209761163,2023-01-30
10-4,25.88210818307906,2023-01-30
33-2,6.074603174603174,2023-01-30
38-5,14.27427597955707,2023-01-30
18-2,18.46866014951121,2023-01-30
,6.913934426229508,2023-01-30
18-1,10.60313725490196,2023-01-30
13-2W,16.71563981042654,2023-01-30
7-5,8.840886203423969,2023-01-30
,8.553872053872054,2023-01-30
13-6,8.342857142857143,2023-01-30
39-1,9.257911392405065,2023-01-30
15-2,9.063335270191748,2023-01-30
31-4,18.356164383561644,2023-01-30
9-2,11.242671009771987,2023-01-30
8-2,12.733093525179855,2023-01-30
27-1,8.851202609050143,2023-01-30
7-3,24.65274555297757,2023-01-30
19-2,11.366576819407008,2023-01-30
38-0,19.73665480427046,2023-01-30
,7.72463768115942,2023-01-30
39-3,45.08962264150944,2023-01-30
39-5,49.45544554455446,2023-01-30
39-5,63.74705882352941,2023-01-30
,11.61111111111111,2023-01-30
38-6,6.526955201214882,2023-01-30
8-3,16.015447154471545,2023-01-30
22-2,11.805,2023-01-30
22-2,18.279411764705884,2023-01-30
22-2,19.05555555555556,2023-01-30
19-1,9.725714285714286,2023-01-30
19-1,8.647482014388489,2023-01-30
19-1,10.16078431372549,2023-01-30
19-1,10.771863117870724,2023-01-30
19-1,7.268382352941177,2023-01-30
19-1,8.985221674876847,2023-01-30
19-1,6.725925925925926,2023-01-30
19-1,10.11904761904762,2023-01-30
19-1,9.535714285714286,2023-01-30
19-1,10.877777777777778,2023-01-30
24-2E,7.337539432176656,2023-01-30
24-3,14.477900552486188,2023-01-30
24-3,12.38032786885246,2023-01-30
24-4,13.312676056338027,2023-01-30
24-4,14.821052631578947,2023-01-30
19-2,9.401126408010011,2023-01-30
,25.488888888888887,2023-01-30
36-1,7.521739130434782,2023-01-30
36-1,10.196078431372548,2023-01-30
36-3,17.131782945736433,2023-01-30
23-1,NA,2023-01-30
6-3,22.56382978723404,2023-01-30
6-3,18.008196721311474,2023-01-30
39-3,47.56666666666667,2023-01-30
6-3,9.546666666666669,2023-01-30
6-3,12.445652173913045,2023-01-30
6-4,6.810483870967742,2023-01-30
6-5W,7.141784037558685,2023-01-30
6-5E,7.200460829493087,2023-01-30
22-2,9.097826086956522,2023-01-30
22-2,11.725,2023-01-30
22-2,13.402173913043478,2023-01-30
22-2,19.86,2023-01-30
,11.928944618599791,2023-01-30
,15.407685098406748,2023-01-30
,10.24390243902439,2023-01-30
,7.391849529780564,2023-01-30
,15.501138952164007,2023-01-30
,15.015602836879433,2023-01-30
,15.547218628719277,2023-01-30
,16.482158398607485,2023-01-30
,11.248447204968944,2023-01-30
23-1,8.842663656884875,2023-01-30
23-2,10.867647058823527,2023-01-30
34-2,37.265957446808514,2023-01-30
28-5,16.88013371537727,2023-01-30
28-4,8.666233766233766,2023-01-30
38-7,7.946329113924051,2023-01-30
28-2,8.32943143812709,2023-01-30
28-1,8.469836400817996,2023-01-30
16-1,7.584434654919236,2023-01-30
4-2,13.120807554542496,2023-01-30
HansHerkert,25.61591329632567,2023-02-04
YoloBasin,16.14351851851852,2023-02-04
HPond,19.22658227848101,2023-02-04
Lucky5,10.023800528900642,2023-02-04
76,8.259798994974874,2023-02-04
70,4.328539325842697,2023-02-04
71,3.704626334519573,2023-02-04
72,19.41801000555864,2023-02-04
64,4.235048678720445,2023-02-04
63,5.9182577565632455,2023-02-04
Pond5,8.06640625,2023-02-04
Pond6,14.685121107266436,2023-02-04
Pond7,9.124809741248097,2023-02-04
Pond8,9.328482328482329,2023-02-04
Pond9,29.444196428571427,2023-02-04
Pond10,12.183630640083946,2023-02-04
Newstrom,3.1815245478036176,2023-02-04
C300,3.698742482230727,2023-02-04
Souza1-4,4.388083735909823,2023-02-04
Souza106,3.206140350877193,2023-02-04
Dingville1,2.237027546444587,2023-02-04
Dingville3,3.857445306986592,2023-02-04
Dingville4,2.790382244143033,2023-02-04
ShadyOaks(MichaelRue),3.409090909090909,2023-02-04
NorthCreekHouse(R&F Ranch),9.70814030443415,2023-02-04
RioOsoRanch(RioOso),4.436341161928307,2023-02-04
Bluebird(R&F RealEstate),2.64297253634895,2023-02-04
Morrison(MichaelRue),9.971767363071711,2023-02-04
Knaggs,4.204552086372921,2023-02-04
TuleBasin(Chesapeak),19.422849915682967,2023-02-04
TuleBasin,4.392298435619735,2023-02-04
CapOil,20.175528507367076,2023-02-04
TidesEnd,17.723356009070294,2023-02-04
Field 29C,3.1995905834186287,2023-02-04
Field 29B,2.7094474153297683,2023-02-04
Field 29A,3.5308333333333333,2023-02-04
Field 25E,3.3019197207678883,2023-02-04
Field 25D,2.9756302521008404,2023-02-04
Field 25C,7.926494345718901,2023-02-04
Field 26EE,3.688984881209503,2023-02-04
Field 26CW,7.147609147609147,2023-02-04
Field 26D - 50% ONLY,7.841489361702128,2023-02-04
Field 18,3.685845213849287,2023-02-04
Field 20A,4.576458223857068,2023-02-04
Field 20B,6.33676231727125,2023-02-04
Field 21,20.14154338264694,2023-02-04
Field and Tule,21.366892160764028,2023-02-04
055D,11.500416319733556,2023-02-04
055E,7.45985401459854,2023-02-04
056A,33.88056013179572,2023-02-04
056B,18.26177606177606,2023-02-04
056F,54.758480325644506,2023-02-04
056E,35.092369477911646,2023-02-04
056G,17.05505617977528,2023-02-04
056H,94.85813953488372,2023-02-04
056I,14.891608391608392,2023-02-04
056J,7.51968054763263,2023-02-04
056K,8.624470018170806,2023-02-04
056L,4.201660735468565,2023-02-04
056M,5.32122905027933,2023-02-04
056N,23.617491166077738,2023-02-04
056P,5.609375,2023-02-04
056Q,7.820699708454811,2023-02-04
061,76.28720626631853,2023-02-04
068B,3.8871374527112232,2023-02-04
069A3,27.24901185770751,2023-02-04
069B,23.28275044457617,2023-02-04
069C,25.77142857142857,2023-02-04
072A,60.761431411530815,2023-02-04
072B,73.26392405063291,2023-02-04
076A1,41.26672694394213,2023-02-04
076A1,41.26672694394213,2023-02-04
076B,38.893982808022926,2023-02-04
076CW,23.823848238482384,2023-02-04
078A,48.30731102850062,2023-02-04
078B,111.00133333333332,2023-02-04
078C,94.415,2023-02-04
088,18.525393258426966,2023-02-04
089B,4.330508474576271,2023-02-04
089A,NA,2023-02-04
090A,4.069288389513108,2023-02-04
091A,5.36340206185567,2023-02-04
091B,4.551480051480051,2023-02-04
093A,6.822873082287308,2023-02-04
093B,6.511888111888112,2023-02-04
093C,17.7552400270453,2023-02-04
093D,9.81578947368421,2023-02-04
093E,5.552872062663186,2023-02-04
094B,4.253392130257802,2023-02-04
096AW2,19.671862182116488,2023-02-04
096AW1,24.65282392026578,2023-02-04
100A,56.39915745129015,2023-02-04
100B,64.79501915708812,2023-02-04
100C,47.68078175895766,2023-02-04
100DE,36.52739273927393,2023-02-04
100G,41.04401228249744,2023-02-04
100M1,22.809716599190285,2023-02-04
100N,60.972477064220186,2023-02-04
102D,3.6660628019323673,2023-02-04
102G,6.715151515151515,2023-02-04
102J,4.225877192982456,2023-02-04
106H6,33.105555555555554,2023-02-04
106H3,16.527681660899653,2023-02-04
106H4,21.93504273504273,2023-02-04
106H2,9.861601085481682,2023-02-04
106H2,21.022222222222226,2023-02-04
110F,21.02966507177033,2023-02-04
110G,10.404371584699453,2023-02-04
110J,43.33011937557392,2023-02-04
110K,30.055863539445628,2023-02-04
110L,33.967777777777776,2023-02-04
111A,7.072961373390558,2023-02-04
111B,4.173289183222958,2023-02-04
111C,8.336594911937377,2023-02-04
111D,5.380255941499086,2023-02-04
111E,11.721730067743616,2023-02-04
111F,9.328779197884533,2023-02-04
111G,4.896677287209831,2023-02-04
111H,3.932216298552932,2023-02-04
111J,4.869481765834933,2023-02-04
111K,3.595238095238096,2023-02-04
116A,30.967845659163988,2023-02-04
116D,24.435146443514643,2023-02-04
131D,19.69291338582677,2023-02-04
131F,43.13989637305699,2023-02-04
192EN,6.5948396094839605,2023-02-04
192ES,4.4508606329816764,2023-02-04
203-42,12.686102236421725,2023-02-04
203-41,11.501525320317269,2023-02-04
205C,3.200854700854701,2023-02-04
205E,2.3676932746700188,2023-02-04
205W,3.2870890136327184,2023-02-04
206SW,2.9708404802744424,2023-02-04
207E,9.494949494949497,2023-02-04
207W,2.717888100866824,2023-02-04
208E,10.727941176470589,2023-02-04
208W,2.7785185185185184,2023-02-04
209E,4.368006993006993,2023-02-04
209W,5.537422037422037,2023-02-04
210E,6.223867595818815,2023-02-04
210W,9.96619496855346,2023-02-04
211E,8.965974625144176,2023-02-04
211C,4.092838196286472,2023-02-04
211SE,3.642307692307692,2023-02-04
211SWE,5.7368421052631575,2023-02-04
211SWW,79.61904761904762,2023-02-04
211W,90.50486486486489,2023-02-04
212E,33.648068669527895,2023-02-04
212W,3.176216216216216,2023-02-04
213E,2.8198258539852645,2023-02-04
213W,2.349966284558328,2023-02-04
214E,4.949551569506727,2023-02-04
214W,2.358313817330211,2023-02-04
215E,3.472819216182048,2023-02-04
215W,4.307106598984771,2023-02-04
216E,7.228158390949089,2023-02-04
216W,5.129390018484289,2023-02-04
217E,3.0663043478260867,2023-02-04
217W,2.466785290628707,2023-02-04
218E,2.377475947934352,2023-02-04
218W,10.806206088992974,2023-02-04
219E,3.100265604249668,2023-02-04
219W,6.074626865671642,2023-02-04
220E,2.214501510574018,2023-02-04
220W,2.8341384863123995,2023-02-04
221E,8.32202262142382,2023-02-04
221S,3.954484605087015,2023-02-04
221W,24.55921855921856,2023-02-04
222E,14.92812676853424,2023-02-04
222W,58.019209039548016,2023-02-04
Barale,28.1484375,2023-02-04
BorderTule,13.701559020044543,2023-02-04
8-4,23.68649885583524,2023-02-04
21-1,6.40545538603791,2023-02-04
21-2,5.083961248654467,2023-02-04
5-3,4.109506618531889,2023-02-04
5-2,4.100063331222293,2023-02-04
5-1,3.820823244552058,2023-02-04
32-3,6.461576113558492,2023-02-04
32-2,5.123202001250782,2023-02-04
32-1,4.306930693069307,2023-02-04
21-3,37.22467986030268,2023-02-04
21-4,2.9735599622285176,2023-02-04
16-2,18.834174757281552,2023-02-04
9-1,41.7117572692794,2023-02-04
22-1,10.593123209169054,2023-02-04
31-1,23.92397207137316,2023-02-04
31-2,11.613573407202216,2023-02-04
27-2,5.247908410391898,2023-02-04
18-5,24.96760259179265,2023-02-04
24-1,27.43622448979592,2023-02-04
17-2,7.307654802535349,2023-02-04
Staten Island Pilot,0,2023-02-04
D1A_019,35.148148148148145,2023-02-04
D1A_032,66.50395617772368,2023-02-04
D1A_050,31.386039886039885,2023-02-04
D3__017,4.09085009733939,2023-02-04
D3__018,6.285028022417935,2023-02-04
D3__025,6.602813127930341,2023-02-04
D3__074,2.981818181818182,2023-02-04
D3__080,7.765016501650165,2023-02-04
D3__085,3.330578512396694,2023-02-04
D4__010,55.18819188191882,2023-02-04
D4__038,10.080049261083744,2023-02-04
D4__039,2.901585204755614,2023-02-04
D4__056,8.445729537366548,2023-02-04
D4__060,5.758499413833529,2023-02-04
ROOS3,11.059099901088032,2023-02-04
ROOS2,12.446428571428571,2023-02-04
ROOS1,27.714583333333334,2023-02-04
TC014,11.509049773755656,2023-02-04
TC013,16.637374272101642,2023-02-04
TC015,5.453654188948307,2023-02-04
TC016,6.23765690376569,2023-02-04
TC012,6.539884393063584,2023-02-04
Knaggs_011,2.9221671117893933,2023-02-04
Knaggs_010,3.471915285451197,2023-02-04
Knaggs_009,6.426229508196721,2023-02-04
TC022,4.992146596858639,2023-02-04
TC023,7.05467720685112,2023-02-04
TC020,3.011031797534069,2023-02-04
TC005,0,2023-02-04
TC006,0,2023-02-04
TC007_008,0,2023-02-04
12-1,31.10300429184549,2023-02-04
24-2W,16.3121387283237,2023-02-04
7-1,89.68483412322274,2023-02-04
39-2,26.47971602434077,2023-02-04
15-3,2.727976766698935,2023-02-04
10-4,NA,2023-02-04
6-4,12.497282608695652,2023-02-04
15-8,3.3068181818181817,2023-02-04
15-6,3.603626943005181,2023-02-04
4-1,18.82482536270822,2023-02-04
23-1,NA,2023-02-04
17-1,5.2845,2023-02-04
1-3,20.3330125120308,2023-02-04
1-2,11.548022598870055,2023-02-04
13-1,21.392123287671232,2023-02-04
1-4,29.97185430463576,2023-02-04
36-2,29.96732026143791,2023-02-04
3-3/3-4,24.876431585292345,2023-02-04
39-4,30.246296296296297,2023-02-04
6-3,30.511627906976745,2023-02-04
15-1,2.7450980392156863,2023-02-04
19-1,23.567857142857143,2023-02-04
24-2E,23.843333333333334,2023-02-04
18-6,28.15277777777778,2023-02-04
20-1,44.97790697674419,2023-02-04
,42.11842105263158,2023-02-04
13-3,37.966037735849056,2023-02-04
1-5,19.547892720306518,2023-02-04
36-2,26.488,2023-02-04
10-2,34.62230919765166,2023-02-04
31-3,31.511612021857925,2023-02-04
31-3,45.17809734513274,2023-02-04
31-4,34.728,2023-02-04
24-2W,17.067357512953368,2023-02-04
17-3,4.507920286152274,2023-02-04
18-3,25.687074829931973,2023-02-04
13-2E,35.083333333333336,2023-02-04
13-5,83.26445086705202,2023-02-04
24-2W,20.698473282442748,2023-02-04
10-1,25.57943925233645,2023-02-04
3-1/3-2,8.193277310924369,2023-02-04
39-3,147.11801242236024,2023-02-04
6-2,66.17252931323283,2023-02-04
8-4,23.74387527839644,2023-02-04
33-4,44.36245110821382,2023-02-04
16-3,21.626543209876544,2023-02-04
7-4,28.41351782863225,2023-02-04
20-2,36.98463356973996,2023-02-04
,20.49403747870528,2023-02-04
24-3,18.066037735849054,2023-02-04
24-4,20.019830028328613,2023-02-04
20-3,5.788075560802834,2023-02-04
13-7,2.95,2023-02-04
7-2,70.42615384615385,2023-02-04
12-2,17.804674457429048,2023-02-04
,18.538011695906437,2023-02-04
15-3,22.874870197300105,2023-02-04
10-4,36.343273231622746,2023-02-04
33-2,15.961904761904762,2023-02-04
38-5,31.245315161839866,2023-02-04
18-2,40.76538240368028,2023-02-04
,5.077868852459017,2023-02-04
18-1,15.650196078431373,2023-02-04
13-2W,45.44470774091627,2023-02-04
7-5,12.240684793554884,2023-02-04
,6.02020202020202,2023-02-04
13-6,10.834285714285716,2023-02-04
39-1,19.196202531645568,2023-02-04
15-2,10.016269610691458,2023-02-04
31-4,32.57534246575342,2023-02-04
9-2,10.428664495114006,2023-02-04
8-2,35.0136690647482,2023-02-04
27-1,3.6375866286180183,2023-02-04
7-3,61.648491879350345,2023-02-04
19-2,29.52358490566038,2023-02-04
38-0,27.9864768683274,2023-02-04
,4.961352657004831,2023-02-04
39-3,137.08962264150944,2023-02-04
39-5,123.70297029702972,2023-02-04
39-5,174.26705882352942,2023-02-04
,31.27777777777778,2023-02-04
38-6,11.867881548974944,2023-02-04
8-3,43.46260162601626,2023-02-04
22-2,25.453333333333333,2023-02-04
22-2,38.60294117647059,2023-02-04
22-2,39.951388888888886,2023-02-04
19-1,22.582857142857144,2023-02-04
19-1,20.52517985611511,2023-02-04
19-1,21.211764705882352,2023-02-04
19-1,22.47148288973384,2023-02-04
19-1,15.944852941176473,2023-02-04
19-1,19.0935960591133,2023-02-04
19-1,15.3,2023-02-04
19-1,22.46190476190476,2023-02-04
19-1,24.917857142857144,2023-02-04
19-1,24.044444444444444,2023-02-04
24-2E,16.545741324921135,2023-02-04
24-3,18.820441988950275,2023-02-04
24-3,16.695081967213113,2023-02-04
24-4,18.74084507042253,2023-02-04
24-4,24.343859649122805,2023-02-04
19-2,21.295369211514394,2023-02-04
,26.822222222222223,2023-02-04
36-1,4.0772946859903385,2023-02-04
36-1,16.20098039215686,2023-02-04
36-3,33.70542635658915,2023-02-04
23-1,NA,2023-02-04
6-3,46.91489361702128,2023-02-04
6-3,33.557377049180324,2023-02-04
39-3,118.83333333333331,2023-02-04
6-3,19.51333333333333,2023-02-04
6-3,27.570652173913043,2023-02-04
6-4,5.459677419354839,2023-02-04
6-5W,3.2694835680751173,2023-02-04
6-5E,3.808755760368664,2023-02-04
22-2,13.516304347826088,2023-02-04
22-2,12.842857142857143,2023-02-04
22-2,26.77173913043478,2023-02-04
22-2,43.055,2023-02-04
,20.17554858934169,2023-02-04
,24.63917525773196,2023-02-04
,10.30423620025674,2023-02-04
,5.818181818181818,2023-02-04
,21.50455580865604,2023-02-04
,25.428368794326243,2023-02-04
,26.690815006468306,2023-02-04
,21.780678851174933,2023-02-04
,33.63561076604555,2023-02-04
23-1,4.347855530474041,2023-02-04
23-2,22.32107843137255,2023-02-04
34-2,43.30851063829788,2023-02-04
28-5,38.52483285577841,2023-02-04
28-4,5.842857142857143,2023-02-04
38-7,3.031898734177215,2023-02-04
28-2,4.37123745819398,2023-02-04
28-1,5.034253578732106,2023-02-04
16-1,18.54258443465492,2023-02-04
4-2,27.22533376750244,2023-02-04
HansHerkert,31.839016653449644,2023-02-06
YoloBasin,19.175462962962964,2023-02-06
HPond,21.054008438818567,2023-02-06
Lucky5,14.305629013978088,2023-02-06
76,5.950753768844221,2023-02-06
70,6.8701123595505615,2023-02-06
71,5.350788002033553,2023-02-06
72,17.318510283490827,2023-02-06
64,8.749652294853965,2023-02-06
63,6.592482100238663,2023-02-06
Pond5,10.108072916666666,2023-02-06
Pond6,15.17762399077278,2023-02-06
Pond7,10.255707762557078,2023-02-06
Pond8,10.69022869022869,2023-02-06
Pond9,34.191964285714285,2023-02-06
Pond10,13.42077649527807,2023-02-06
Newstrom,4.681524547803617,2023-02-06
C300,3.922361946418808,2023-02-06
Souza1-4,4.265700483091788,2023-02-06
Souza106,3.3789473684210525,2023-02-06
Dingville1,2.304932735426009,2023-02-06
Dingville3,4.719124911785462,2023-02-06
Dingville4,3.5856966707768185,2023-02-06
ShadyOaks(MichaelRue),3.385579937304075,2023-02-06
NorthCreekHouse(R&F Ranch),9.194573130377234,2023-02-06
RioOsoRanch(RioOso),4.698393077873918,2023-02-06
Bluebird(R&F RealEstate),3.488422186322025,2023-02-06
Morrison(MichaelRue),8.738565782044043,2023-02-06
Knaggs,4.441931718704407,2023-02-06
TuleBasin(Chesapeak),22.67263912310287,2023-02-06
TuleBasin,6.90734055354994,2023-02-06
CapOil,17.77001921844971,2023-02-06
TidesEnd,19.458503401360545,2023-02-06
Field 29C,11.51279426816786,2023-02-06
Field 29B,11.278966131907309,2023-02-06
Field 29A,12.138333333333334,2023-02-06
Field 25E,9.793193717277488,2023-02-06
Field 25D,10.554621848739496,2023-02-06
Field 25C,17.898222940226173,2023-02-06
Field 26EE,15.928725701943844,2023-02-06
Field 26CW,16.659043659043657,2023-02-06
Field 26D - 50% ONLY,19.48191489361702,2023-02-06
Field 18,14.108452138492872,2023-02-06
Field 20A,12.589595375722544,2023-02-06
Field 20B,11.282620465619924,2023-02-06
Field 21,16.517792882846862,2023-02-06
Field and Tule,23.227218463987267,2023-02-06
055D,12.883430474604497,2023-02-06
055E,8.399026763990268,2023-02-06
056A,37.90197693574959,2023-02-06
056B,18.873359073359072,2023-02-06
056F,60.27001356852103,2023-02-06
056E,32.9277108433735,2023-02-06
056G,22.06123595505618,2023-02-06
056H,113.2843023255814,2023-02-06
056I,18.636946386946388,2023-02-06
056J,9.404449515116942,2023-02-06
056K,5.9442761962447,2023-02-06
056L,4.845788849347568,2023-02-06
056M,4.189245810055866,2023-02-06
056N,12.799469964664311,2023-02-06
056P,4.215144230769231,2023-02-06
056Q,4.361516034985423,2023-02-06
061,80.28981723237598,2023-02-06
068B,10.271122320302648,2023-02-06
069A3,34.64690382081687,2023-02-06
069B,26.117960877296976,2023-02-06
069C,25.925396825396824,2023-02-06
072A,59.18223989396952,2023-02-06
072B,76.11835443037975,2023-02-06
076A1,40.82188065099457,2023-02-06
076A1,40.82188065099457,2023-02-06
076B,39.98280802292263,2023-02-06
076CW,38.25112917795845,2023-02-06
078A,51.99876084262701,2023-02-06
078B,119.04,2023-02-06
078C,101.25625,2023-02-06
088,18.50876404494382,2023-02-06
089B,12.734463276836156,2023-02-06
089A,NA,2023-02-06
090A,16.55430711610487,2023-02-06
091A,10.786082474226804,2023-02-06
091B,12.388030888030888,2023-02-06
093A,13.85216178521618,2023-02-06
093B,18.68111888111888,2023-02-06
093C,22.58079783637593,2023-02-06
093D,16.408552631578946,2023-02-06
093E,13.22911227154047,2023-02-06
094B,11.777815468113976,2023-02-06
096AW2,25.287940935192783,2023-02-06
096AW1,29.1312292358804,2023-02-06
100A,69.15587151132175,2023-02-06
100B,65.36733716475096,2023-02-06
100C,52.0228013029316,2023-02-06
100DE,38.73993399339934,2023-02-06
100G,48.22108495394063,2023-02-06
100M1,26.39838056680162,2023-02-06
100N,68.58623853211009,2023-02-06
102D,10.301932367149758,2023-02-06
102G,11.76,2023-02-06
102J,9.37609649122807,2023-02-06
106H6,36.82222222222222,2023-02-06
106H3,25.05190311418685,2023-02-06
106H4,25.35213675213675,2023-02-06
106H2,12.293080054274084,2023-02-06
106H2,26.51944444444445,2023-02-06
110F,37.55406698564593,2023-02-06
110G,17.952185792349727,2023-02-06
110J,47.83425160697888,2023-02-06
110K,36.7454157782516,2023-02-06
110L,37.05444444444444,2023-02-06
111A,12.145922746781116,2023-02-06
111B,9.26710816777042,2023-02-06
111C,16.140900195694716,2023-02-06
111D,13.311700182815356,2023-02-06
111E,16.10734757686295,2023-02-06
111F,16.868223887174967,2023-02-06
111G,10.024578971324534,2023-02-06
111H,11.023610053313025,2023-02-06
111J,10.56429942418426,2023-02-06
111K,14.925595238095235,2023-02-06
116A,30.080385852090032,2023-02-06
116D,31.320083682008367,2023-02-06
131D,24.437007874015748,2023-02-06
131F,55.42098445595855,2023-02-06
192EN,6.175732217573222,2023-02-06
192ES,7.811215991116047,2023-02-06
203-42,15.044728434504792,2023-02-06
203-41,13.72117144600366,2023-02-06
205C,6.952991452991453,2023-02-06
205E,7.118793211816468,2023-02-06
205W,4.52766639935846,2023-02-06
206SW,6.253859348198971,2023-02-06
207E,9.297138047138048,2023-02-06
207W,5.243498817966903,2023-02-06
208E,14.22720588235294,2023-02-06
208W,6.3133333333333335,2023-02-06
209E,6.791083916083916,2023-02-06
209W,7.4376299376299375,2023-02-06
210E,8.910278745644598,2023-02-06
210W,11.849842767295597,2023-02-06
211E,13.902537485582467,2023-02-06
211C,6.874668435013263,2023-02-06
211SE,9.115384615384617,2023-02-06
211SWE,8.914979757085021,2023-02-06
211SWW,86.48484848484848,2023-02-06
211W,102.76864864864864,2023-02-06
212E,34.621244635193136,2023-02-06
212W,7.465405405405406,2023-02-06
213E,7.527796383121232,2023-02-06
213W,6.25826028320971,2023-02-06
214E,12.070627802690582,2023-02-06
214W,8.197892271662763,2023-02-06
215E,9.4070796460177,2023-02-06
215W,8.633248730964468,2023-02-06
216E,12.257071024512886,2023-02-06
216W,7.43992606284658,2023-02-06
217E,8.047282608695653,2023-02-06
217W,5.7188612099644125,2023-02-06
218E,6.66383701188455,2023-02-06
218W,21.006440281030446,2023-02-06
219E,5.563745019920319,2023-02-06
219W,8.945725915875169,2023-02-06
220E,7.253776435045317,2023-02-06
220W,5.0450885668276975,2023-02-06
221E,12.89820359281437,2023-02-06
221S,8.937081659973225,2023-02-06
221W,36.5989010989011,2023-02-06
222E,12.907187323146577,2023-02-06
222W,74.11751412429379,2023-02-06
Barale,26.7578125,2023-02-06
BorderTule,19.670783559424983,2023-02-06
8-4,20.048054919908463,2023-02-06
21-1,6.39204808136847,2023-02-06
21-2,5.568353067814854,2023-02-06
5-3,4.043321299638989,2023-02-06
5-2,4.928435718809373,2023-02-06
5-1,4.995157384987894,2023-02-06
32-3,6.093979441997063,2023-02-06
32-2,4.476547842401501,2023-02-06
32-1,4.635863586358636,2023-02-06
21-3,24.9732246798603,2023-02-06
21-4,3.0056657223796037,2023-02-06
16-2,14.849708737864075,2023-02-06
9-1,39.831542351453855,2023-02-06
22-1,12.494985673352437,2023-02-06
31-1,23.66718386346005,2023-02-06
31-2,11.18628808864266,2023-02-06
27-2,6.637164244826068,2023-02-06
18-5,23.226781857451403,2023-02-06
24-1,22.69081632653061,2023-02-06
17-2,8.490492442710872,2023-02-06
Staten Island Pilot,22.648313299728574,2023-02-06
D1A_019,37.75492513790386,2023-02-06
D1A_032,70.65550821667681,2023-02-06
D1A_050,24.627255460588795,2023-02-06
D3__017,5.199221284879948,2023-02-06
D3__018,6.182546036829463,2023-02-06
D3__025,6.456798392498325,2023-02-06
D3__074,3.2262626262626264,2023-02-06
D3__080,7.069306930693069,2023-02-06
D3__085,5.3318499682136045,2023-02-06
D4__010,54.760147601476014,2023-02-06
D4__038,6.676108374384237,2023-02-06
D4__039,3.533685601056803,2023-02-06
D4__056,9.459964412811388,2023-02-06
D4__060,5.981242672919109,2023-02-06
ROOS3,13.483679525222552,2023-02-06
ROOS2,15.608225108225108,2023-02-06
ROOS1,29.510416666666668,2023-02-06
TC014,14.703619909502262,2023-02-06
TC013,19.327157226045525,2023-02-06
TC015,8.450980392156863,2023-02-06
TC016,9.588284518828452,2023-02-06
TC012,8.6,2023-02-06
Knaggs_011,3.4246470812666923,2023-02-06
Knaggs_010,4.083793738489871,2023-02-06
Knaggs_009,6.282435597189696,2023-02-06
TC022,5.298429319371728,2023-02-06
TC023,6.654808959156785,2023-02-06
TC020,3.226476314081765,2023-02-06
TC005,0,2023-02-06
TC006,0,2023-02-06
TC007_008,0,2023-02-06
12-1,37.85836909871245,2023-02-06
24-2W,18.734104046242773,2023-02-06
7-1,85.03791469194313,2023-02-06
39-2,24.68255578093306,2023-02-06
15-3,3.258470474346564,2023-02-06
10-4,NA,2023-02-06
6-4,10.633152173913045,2023-02-06
15-8,4.758522727272728,2023-02-06
15-6,4.339378238341969,2023-02-06
4-1,18.99247716281569,2023-02-06
23-1,NA,2023-02-06
17-1,6.5685,2023-02-06
1-3,19.87680461982676,2023-02-06
1-2,10.92994350282486,2023-02-06
13-1,22.659246575342465,2023-02-06
1-4,28.68046357615894,2023-02-06
36-2,23.483660130718956,2023-02-06
3-3/3-4,31.33996383363472,2023-02-06
39-4,27.691666666666663,2023-02-06
6-3,28.55813953488372,2023-02-06
15-1,3.6021671826625385,2023-02-06
19-1,16.317857142857143,2023-02-06
24-2E,22.62333333333333,2023-02-06
18-6,25.82638888888889,2023-02-06
20-1,44.26453488372093,2023-02-06
,44.19736842105263,2023-02-06
13-3,39.47358490566037,2023-02-06
1-5,19.224137931034484,2023-02-06
36-2,26.0784,2023-02-06
10-2,37.146771037182,2023-02-06
31-3,32.8155737704918,2023-02-06
31-3,49.35730088495576,2023-02-06
31-4,31.672,2023-02-06
24-2W,15.652849740932645,2023-02-06
17-3,4.898824731732243,2023-02-06
18-3,22.476190476190474,2023-02-06
13-2E,37.74469696969697,2023-02-06
13-5,85.05780346820809,2023-02-06
24-2W,24.185114503816795,2023-02-06
10-1,18.485981308411212,2023-02-06
3-1/3-2,10.888655462184872,2023-02-06
39-3,100.27950310559008,2023-02-06
6-2,64.5896147403685,2023-02-06
8-4,20.360801781737194,2023-02-06
33-4,39.14471968709257,2023-02-06
16-3,17.793827160493827,2023-02-06
7-4,25.07025013304949,2023-02-06
20-2,34.48995271867612,2023-02-06
,25.67120954003407,2023-02-06
24-3,24.05974842767296,2023-02-06
24-4,29.62039660056657,2023-02-06
20-3,5.714876033057851,2023-02-06
13-7,4.90625,2023-02-06
7-2,67.21461538461539,2023-02-06
12-2,19.569282136894824,2023-02-06
,19.30994152046784,2023-02-06
15-3,19.32294911734164,2023-02-06
10-4,40.80998613037448,2023-02-06
33-2,16.67142857142857,2023-02-06
38-5,29.07155025553663,2023-02-06
18-2,36.507188039102935,2023-02-06
,5.647540983606557,2023-02-06
18-1,17.183529411764706,2023-02-06
13-2W,47.62875197472354,2023-02-06
7-5,10.972809667673715,2023-02-06
,6.898989898989899,2023-02-06
13-6,12.308571428571428,2023-02-06
39-1,16.47626582278481,2023-02-06
15-2,11.172574084834398,2023-02-06
31-4,33.38812785388128,2023-02-06
9-2,11.40130293159609,2023-02-06
8-2,30.658273381294965,2023-02-06
27-1,4.27150428047289,2023-02-06
7-3,54.09435421500387,2023-02-06
19-2,16.71024258760108,2023-02-06
38-0,22.795729537366547,2023-02-06
,4.995169082125604,2023-02-06
39-3,103.75,2023-02-06
39-5,97.76237623762376,2023-02-06
39-5,93.70470588235294,2023-02-06
,28.27777777777778,2023-02-06
38-6,12.846621108580106,2023-02-06
8-3,40.75528455284553,2023-02-06
22-2,20.64,2023-02-06
22-2,35.34803921568628,2023-02-06
22-2,38.263888888888886,2023-02-06
19-1,17,2023-02-06
19-1,13.428057553956837,2023-02-06
19-1,15.098039215686274,2023-02-06
19-1,14.76045627376426,2023-02-06
19-1,10.786764705882351,2023-02-06
19-1,11.219211822660098,2023-02-06
19-1,12.633333333333333,2023-02-06
19-1,15.795238095238096,2023-02-06
19-1,17.185714285714287,2023-02-06
19-1,16.840740740740742,2023-02-06
24-2E,13.526813880126182,2023-02-06
24-3,20.629834254143645,2023-02-06
24-3,22.544262295081968,2023-02-06
24-4,23.963380281690142,2023-02-06
24-4,28.614035087719294,2023-02-06
19-2,13.462453066332916,2023-02-06
,34.4,2023-02-06
36-1,5.323671497584541,2023-02-06
36-1,13.235294117647058,2023-02-06
36-3,25.44186046511628,2023-02-06
23-1,NA,2023-02-06
6-3,59.64893617021277,2023-02-06
6-3,35.73770491803279,2023-02-06
39-3,103.05833333333334,2023-02-06
6-3,17.753333333333334,2023-02-06
6-3,26.76086956521739,2023-02-06
6-4,6.528225806451613,2023-02-06
6-5W,3.338967136150235,2023-02-06
6-5E,5.592165898617512,2023-02-06
22-2,15.657608695652174,2023-02-06
22-2,13.589285714285714,2023-02-06
22-2,26.166666666666668,2023-02-06
22-2,36.05,2023-02-06
,21.848484848484848,2023-02-06
,26.03280224929709,2023-02-06
,12.024390243902438,2023-02-06
,5.047021943573668,2023-02-06
,22.46469248291572,2023-02-06
,26.85673758865248,2023-02-06
,26.729624838292366,2023-02-06
,23.23585726718886,2023-02-06
,28.39544513457557,2023-02-06
23-1,4.426636568848759,2023-02-06
23-2,30.50980392156863,2023-02-06
34-2,48.20212765957447,2023-02-06
28-5,28.684336198662844,2023-02-06
28-4,4.669480519480519,2023-02-06
38-7,3.226835443037974,2023-02-06
28-2,3.951505016722408,2023-02-06
28-1,4.733128834355829,2023-02-06
16-1,21.89133627019089,2023-02-06
4-2,26.092803647020517,2023-02-06
HansHerkert,22.951097012952683,2023-02-11
YoloBasin,19.375,2023-02-11
HPond,23.755696202531645,2023-02-11
Lucky5,12.17189270872686,2023-02-11
76,3.3371859296482413,2023-02-11
70,4.615280898876405,2023-02-11
71,3.241484494153533,2023-02-11
72,4.698721511951084,2023-02-11
64,5.05076495132128,2023-02-11
63,7.847852028639618,2023-02-11
Pond5,13.638020833333334,2023-02-11
Pond6,15.938869665513264,2023-02-11
Pond7,12.657534246575343,2023-02-11
Pond8,12.753638253638254,2023-02-11
Pond9,10.537946428571429,2023-02-11
Pond10,12.848898216159496,2023-02-11
Newstrom,2.7416020671834627,2023-02-11
C300,3.016402405686167,2023-02-11
Souza1-4,4.52012882447665,2023-02-11
Souza106,2.857894736842105,2023-02-11
Dingville1,1.946188340807175,2023-02-11
Dingville3,4.333803810868031,2023-02-11
Dingville4,2.749075215782984,2023-02-11
ShadyOaks(MichaelRue),3.108150470219436,2023-02-11
NorthCreekHouse(R&F Ranch),7.341495698213104,2023-02-11
RioOsoRanch(RioOso),3.978986402966625,2023-02-11
Bluebird(R&F RealEstate),2.6860527732902533,2023-02-11
Morrison(MichaelRue),27.4257481648786,2023-02-11
Knaggs,4.814852640793697,2023-02-11
TuleBasin(Chesapeak),21.265598650927487,2023-02-11
TuleBasin,9.207781789009228,2023-02-11
CapOil,23.512171684817424,2023-02-11
TidesEnd,23.15827664399093,2023-02-11
Field 29C,4.358239508700103,2023-02-11
Field 29B,3.7950089126559714,2023-02-11
Field 29A,3.9466666666666663,2023-02-11
Field 25E,3.825479930191972,2023-02-11
Field 25D,3.3151260504201683,2023-02-11
Field 25C,5.680129240710824,2023-02-11
Field 26EE,5.734341252699784,2023-02-11
Field 26CW,7.207900207900208,2023-02-11
Field 26D - 50% ONLY,12.20744680851064,2023-02-11
Field 18,3.560081466395112,2023-02-11
Field 20A,3.8223857067787694,2023-02-11
Field 20B,3.603140227395777,2023-02-11
Field 21,3.885245901639344,2023-02-11
Field and Tule,28.672105053720653,2023-02-11
055D,8.061615320566196,2023-02-11
055E,5.274939172749392,2023-02-11
056A,17.435749588138385,2023-02-11
056B,11.705019305019306,2023-02-11
056F,26.617367706919943,2023-02-11
056E,15.595716198125835,2023-02-11
056G,12.792134831460674,2023-02-11
056H,52.90116279069768,2023-02-11
056I,13.45920745920746,2023-02-11
056J,4.289788933257273,2023-02-11
056K,3.3985463355542094,2023-02-11
056L,4.046856465005932,2023-02-11
056M,4.0027932960893855,2023-02-11
056N,4.775618374558304,2023-02-11
056P,4.382211538461538,2023-02-11
056Q,4.103498542274052,2023-02-11
061,33.05352480417755,2023-02-11
068B,3.769230769230769,2023-02-11
069A3,16.100131752305664,2023-02-11
069B,14.862477771191465,2023-02-11
069C,16.58042328042328,2023-02-11
072A,27.265076209410207,2023-02-11
072B,32.303164556962024,2023-02-11
076A1,61.73146473779385,2023-02-11
076A1,61.73146473779385,2023-02-11
076B,56.5090735434575,2023-02-11
076CW,25,2023-02-11
078A,63.605947955390334,2023-02-11
078B,79.212,2023-02-11
078C,58.79,2023-02-11
088,16.587415730337078,2023-02-11
089B,9.407344632768362,2023-02-11
089A,NA,2023-02-11
090A,32.13857677902622,2023-02-11
091A,3.7216494845360826,2023-02-11
091B,4.24967824967825,2023-02-11
093A,25.884239888423988,2023-02-11
093B,13.956643356643356,2023-02-11
093C,23.51994590939824,2023-02-11
093D,22.62697368421053,2023-02-11
093E,15.847911227154048,2023-02-11
094B,5.150949796472185,2023-02-11
096AW2,20.6447908121411,2023-02-11
096AW1,21.61046511627907,2023-02-11
100A,53.5202738283307,2023-02-11
100B,58.45785440613027,2023-02-11
100C,33.071661237785015,2023-02-11
100DE,31.84950495049505,2023-02-11
100G,24.912998976458542,2023-02-11
100M1,18.583805668016197,2023-02-11
100N,31.880733944954127,2023-02-11
102D,3.5519323671497585,2023-02-11
102G,5.143030303030303,2023-02-11
102J,4.06469298245614,2023-02-11
106H6,27.127777777777776,2023-02-11
106H3,11.406574394463668,2023-02-11
106H4,13.008547008547009,2023-02-11
106H2,6.651289009497964,2023-02-11
106H2,14.675,2023-02-11
110F,47.25358851674641,2023-02-11
110G,9.745901639344265,2023-02-11
110J,38.42883379247016,2023-02-11
110K,64.17867803837953,2023-02-11
110L,53.4137037037037,2023-02-11
111A,5.755364806866953,2023-02-11
111B,5.811258278145695,2023-02-11
111C,8.279843444227005,2023-02-11
111D,3.303473491773309,2023-02-11
111E,4.5070349140177175,2023-02-11
111F,4.599382988100484,2023-02-11
111G,3.5976331360946747,2023-02-11
111H,2.206397562833206,2023-02-11
111J,6.009596928982726,2023-02-11
111K,8.056547619047619,2023-02-11
116A,32.79742765273312,2023-02-11
116D,19.009414225941423,2023-02-11
131D,16.956692913385826,2023-02-11
131F,23.941709844559583,2023-02-11
192EN,7.661785216178521,2023-02-11
192ES,9.08106607440311,2023-02-11
203-42,6.42332268370607,2023-02-11
203-41,2.7461866992068336,2023-02-11
205C,2.066666666666667,2023-02-11
205E,2.3324952859836583,2023-02-11
205W,4.952686447473938,2023-02-11
206SW,2.55917667238422,2023-02-11
207E,6.872895622895623,2023-02-11
207W,28.135539795114266,2023-02-11
208E,3.676470588235294,2023-02-11
208W,4.865925925925926,2023-02-11
209E,5.531468531468532,2023-02-11
209W,2.155925155925156,2023-02-11
210E,28.387630662020907,2023-02-11
210W,3.1713836477987423,2023-02-11
211E,24.31833910034602,2023-02-11
211C,15.087533156498674,2023-02-11
211SE,12.992307692307692,2023-02-11
211SWE,52.59514170040486,2023-02-11
211SWW,3.142857142857143,2023-02-11
211W,41.052972972972974,2023-02-11
212E,12.639484978540771,2023-02-11
212W,2.442702702702703,2023-02-11
213E,1.8713998660415272,2023-02-11
213W,1.8449089683074849,2023-02-11
214E,1.6917040358744395,2023-02-11
214W,2.3138173302107727,2023-02-11
215E,2.8647281921618206,2023-02-11
215W,3.118020304568528,2023-02-11
216E,6.60779384035198,2023-02-11
216W,4.81392483056069,2023-02-11
217E,2.410326086956522,2023-02-11
217W,2.2206405693950177,2023-02-11
218E,1.8868138087153368,2023-02-11
218W,12.108313817330211,2023-02-11
219E,2.7941567065073043,2023-02-11
219W,7.520352781546811,2023-02-11
220E,1.9154078549848943,2023-02-11
220W,2.657004830917874,2023-02-11
221E,15.192282102461744,2023-02-11
221S,7.9410977242302545,2023-02-11
221W,3.9896214896214897,2023-02-11
222E,15.260328239954726,2023-02-11
222W,2.587005649717514,2023-02-11
Barale,40.640625,2023-02-11
BorderTule,14.011135857461024,2023-02-11
8-4,38.52173913043478,2023-02-11
21-1,6.77253814147018,2023-02-11
21-2,4.683530678148546,2023-02-11
5-3,3.7918170878459687,2023-02-11
5-2,4.498416719442686,2023-02-11
5-1,4.213680387409201,2023-02-11
32-3,5.095937347038668,2023-02-11
32-2,5.662914321450907,2023-02-11
32-1,4.63036303630363,2023-02-11
21-3,16.144353899883587,2023-02-11
21-4,3.0594900849858355,2023-02-11
16-2,11.673398058252427,2023-02-11
9-1,25.427939317319847,2023-02-11
22-1,10.633954154727794,2023-02-11
31-1,20.66175329712956,2023-02-11
31-2,9.91481994459834,2023-02-11
27-2,18.79436371642448,2023-02-11
18-5,18.719222462203025,2023-02-11
24-1,13.140816326530611,2023-02-11
17-2,13.162359824475866,2023-02-11
Staten Island Pilot,9.365645599069406,2023-02-11
D1A_019,37.400315208825845,2023-02-11
D1A_032,48.56299452221546,2023-02-11
D1A_050,16.592117758784426,2023-02-11
D3__017,4.54834523036989,2023-02-11
D3__018,6.856685348278623,2023-02-11
D3__025,7.643670462156732,2023-02-11
D3__074,2.4087542087542086,2023-02-11
D3__080,7.389438943894389,2023-02-11
D3__085,2.7183725365543547,2023-02-11
D4__010,30.824986821296783,2023-02-11
D4__038,8.455049261083744,2023-02-11
D4__039,2.145970937912814,2023-02-11
D4__056,10.231316725978647,2023-02-11
D4__060,12.05744431418523,2023-02-11
ROOS3,13.920128585558851,2023-02-11
ROOS2,16.26082251082251,2023-02-11
ROOS1,37.12291666666667,2023-02-11
TC014,11.997737556561086,2023-02-11
TC013,17.127051349920592,2023-02-11
TC015,10.457219251336898,2023-02-11
TC016,9.617573221757322,2023-02-11
TC012,5.54412331406551,2023-02-11
Knaggs_011,3.695154521175124,2023-02-11
Knaggs_010,3.673112338858195,2023-02-11
Knaggs_009,7.413583138173302,2023-02-11
TC022,4.68455497382199,2023-02-11
TC023,6.1133069828722,2023-02-11
TC020,2.2926670992861777,2023-02-11
TC005,0,2023-02-11
TC006,0,2023-02-11
TC007_008,0,2023-02-11
12-1,38.06437768240343,2023-02-11
24-2W,10.360308285163777,2023-02-11
7-1,58.1998420221169,2023-02-11
39-2,17.721095334685597,2023-02-11
15-3,3.303000968054211,2023-02-11
10-4,NA,2023-02-11
6-4,20.3125,2023-02-11
15-8,3.5625,2023-02-11
15-6,5.080310880829016,2023-02-11
4-1,27.029554003224074,2023-02-11
23-1,NA,2023-02-11
17-1,19.224,2023-02-11
1-3,14.775745909528393,2023-02-11
1-2,11.170621468926552,2023-02-11
13-1,19.825342465753423,2023-02-11
1-4,22.677152317880797,2023-02-11
36-2,21.99346405228758,2023-02-11
3-3/3-4,30.184448462929478,2023-02-11
39-4,20.26388888888889,2023-02-11
6-3,17.767441860465116,2023-02-11
15-1,3.2796697626418987,2023-02-11
19-1,11.617857142857142,2023-02-11
24-2E,13.056666666666668,2023-02-11
18-6,29.694444444444443,2023-02-11
20-1,25.704651162790697,2023-02-11
,26.98684210526316,2023-02-11
13-3,22.378301886792453,2023-02-11
1-5,14.076628352490422,2023-02-11
36-2,25.728,2023-02-11
10-2,36.80332681017613,2023-02-11
31-3,21.023907103825135,2023-02-11
31-3,27.64103982300885,2023-02-11
31-4,22.588,2023-02-11
24-2W,10.458549222797927,2023-02-11
17-3,15.266223811957078,2023-02-11
18-3,13.988095238095235,2023-02-11
13-2E,21.18409090909091,2023-02-11
13-5,49.96242774566474,2023-02-11
24-2W,13.799618320610689,2023-02-11
10-1,26.646728971962617,2023-02-11
3-1/3-2,7.544817927170868,2023-02-11
39-3,57.462732919254655,2023-02-11
6-2,39.00167504187605,2023-02-11
8-4,38.28953229398664,2023-02-11
33-4,25.061277705345503,2023-02-11
16-3,12.765432098765432,2023-02-11
7-4,18.43693453964875,2023-02-11
20-2,28.166666666666668,2023-02-11
,25.546848381601365,2023-02-11
24-3,13.977987421383649,2023-02-11
24-4,13.541076487252123,2023-02-11
20-3,8.675324675324676,2023-02-11
13-7,3.11875,2023-02-11
7-2,46.84230769230769,2023-02-11
12-2,17.225375626043405,2023-02-11
,18.29824561403509,2023-02-11
15-3,19.11838006230529,2023-02-11
10-4,49.561026352288486,2023-02-11
33-2,15.811111111111112,2023-02-11
38-5,21.437819420783647,2023-02-11
18-2,23.925819436457733,2023-02-11
,18.49180327868853,2023-02-11
18-1,35.87764705882353,2023-02-11
13-2W,25.881516587677726,2023-02-11
7-5,9.207452165156091,2023-02-11
,14.915824915824915,2023-02-11
13-6,9.851428571428572,2023-02-11
39-1,11.988924050632912,2023-02-11
15-2,14.027890761185358,2023-02-11
31-4,27.42465753424657,2023-02-11
9-2,22.593485342019545,2023-02-11
8-2,23.637410071942448,2023-02-11
27-1,4.165103954341623,2023-02-11
7-3,41.48839907192576,2023-02-11
19-2,16.661725067385444,2023-02-11
38-0,19.568683274021357,2023-02-11
,5.869565217391305,2023-02-11
39-3,53.74528301886792,2023-02-11
39-5,65.01980198019803,2023-02-11
39-5,75.75882352941177,2023-02-11
,23.75,2023-02-11
38-6,10.291571753986332,2023-02-11
8-3,25.120731707317077,2023-02-11
22-2,19.516666666666666,2023-02-11
22-2,21.62254901960784,2023-02-11
22-2,25.17361111111111,2023-02-11
19-1,10.588571428571427,2023-02-11
19-1,9.712230215827338,2023-02-11
19-1,10.333333333333334,2023-02-11
19-1,11.330798479087452,2023-02-11
19-1,10.599264705882351,2023-02-11
19-1,11.84975369458128,2023-02-11
19-1,11.385185185185184,2023-02-11
19-1,10.676190476190476,2023-02-11
19-1,9.417857142857144,2023-02-11
19-1,11.485185185185186,2023-02-11
24-2E,8.779179810725552,2023-02-11
24-3,17.414364640883978,2023-02-11
24-3,13.911475409836063,2023-02-11
24-4,12.476056338028169,2023-02-11
24-4,17.75438596491228,2023-02-11
19-2,13.293491864831038,2023-02-11
,18.55555555555556,2023-02-11
36-1,4.913043478260869,2023-02-11
36-1,14.676470588235292,2023-02-11
36-3,21.829457364341085,2023-02-11
23-1,NA,2023-02-11
6-3,31.904255319148938,2023-02-11
6-3,25.27868852459016,2023-02-11
39-3,57.475,2023-02-11
6-3,14.446666666666667,2023-02-11
6-3,19.505434782608692,2023-02-11
6-4,31.149193548387096,2023-02-11
6-5W,27.863849765258216,2023-02-11
6-5E,24.161290322580644,2023-02-11
22-2,13.059782608695652,2023-02-11
22-2,13.160714285714286,2023-02-11
22-2,13.771739130434783,2023-02-11
22-2,24.12,2023-02-11
,17.990595611285265,2023-02-11
,23.848172446110592,2023-02-11
,12.67137355584082,2023-02-11
,7.802507836990595,2023-02-11
,19.879271070615037,2023-02-11
,24.1645390070922,2023-02-11
,23.38292367399741,2023-02-11
,21.120104438642297,2023-02-11
,24.26915113871636,2023-02-11
23-1,4.1,2023-02-11
23-2,18.193627450980397,2023-02-11
34-2,37.47872340425532,2023-02-11
28-5,20.664278892072588,2023-02-11
28-4,4.635714285714286,2023-02-11
38-7,2.948354430379746,2023-02-11
28-2,3.695652173913044,2023-02-11
28-1,4.147239263803681,2023-02-11
16-1,38.194566813509546,2023-02-11
4-2,22.26733962878541,2023-02-11
HansHerkert,20.63785355537933,2023-02-16
YoloBasin,15.15925925925926,2023-02-16
HPond,18.89831223628692,2023-02-16
Lucky5,11.177181715149226,2023-02-16
76,2.185427135678392,2023-02-16
70,2.311011235955056,2023-02-16
71,2.443314692425013,2023-02-16
72,2.8265703168426906,2023-02-16
64,2.6801112656467314,2023-02-16
63,7.266706443914081,2023-02-16
Pond5,8.377604166666666,2023-02-16
Pond6,11.20645905420992,2023-02-16
Pond7,36.007610350076106,2023-02-16
Pond8,16.295218295218294,2023-02-16
Pond9,10.366071428571429,2023-02-16
Pond10,10.977964323189926,2023-02-16
Newstrom,4.724806201550388,2023-02-16
C300,3.748496446145434,2023-02-16
Souza1-4,4.024154589371981,2023-02-16
Souza106,2.9280701754385965,2023-02-16
Dingville1,2.524023062139654,2023-02-16
Dingville3,3.5314043754410727,2023-02-16
Dingville4,3.702836004932183,2023-02-16
ShadyOaks(MichaelRue),3.2586206896551726,2023-02-16
NorthCreekHouse(R&F Ranch),7.223692918596956,2023-02-16
RioOsoRanch(RioOso),5.2509270704573545,2023-02-16
Bluebird(R&F RealEstate),4.833602584814217,2023-02-16
Morrison(MichaelRue),54.33766233766234,2023-02-16
Knaggs,3.720601108841553,2023-02-16
TuleBasin(Chesapeak),12.93043844856661,2023-02-16
TuleBasin,10.603289209787404,2023-02-16
CapOil,19.011531069827036,2023-02-16
TidesEnd,18.8984126984127,2023-02-16
Field 29C,2.542476970317298,2023-02-16
Field 29B,2.0445632798573974,2023-02-16
Field 29A,2.82,2023-02-16
Field 25E,2.3891797556719023,2023-02-16
Field 25D,2.2747899159663865,2023-02-16
Field 25C,4.717285945072698,2023-02-16
Field 26EE,4.414686825053996,2023-02-16
Field 26CW,13.041580041580042,2023-02-16
Field 26D - 50% ONLY,38.64255319148936,2023-02-16
Field 18,2.9989816700611,2023-02-16
Field 20A,3.579611140304782,2023-02-16
Field 20B,4.073632918245804,2023-02-16
Field 21,5.100359856057577,2023-02-16
Field and Tule,21.80959013131715,2023-02-16
055D,16.083263946711075,2023-02-16
055E,11.54095701540957,2023-02-16
056A,17.10378912685338,2023-02-16
056B,16.37915057915058,2023-02-16
056F,22.259837177747624,2023-02-16
056E,18.275100401606423,2023-02-16
056G,14.608988764044945,2023-02-16
056H,51.35058139534884,2023-02-16
056I,14.053030303030305,2023-02-16
056J,3.6303479749001712,2023-02-16
056K,2.695336159903089,2023-02-16
056L,3.5059311981020165,2023-02-16
056M,4.095670391061453,2023-02-16
056N,8.418727915194346,2023-02-16
056P,3.2247596153846154,2023-02-16
056Q,2.978134110787172,2023-02-16
061,28.94516971279373,2023-02-16
068B,5.534047919293821,2023-02-16
069A3,14.353096179183137,2023-02-16
069B,15.353289863663308,2023-02-16
069C,15.946031746031746,2023-02-16
072A,27.27965540092777,2023-02-16
072B,29.52278481012658,2023-02-16
076A1,58.37613019891501,2023-02-16
076A1,58.37613019891501,2023-02-16
076B,58.61127029608405,2023-02-16
076CW,21.95212285456188,2023-02-16
078A,68.93866171003718,2023-02-16
078B,49.14933333333333,2023-02-16
078C,37.7675,2023-02-16
088,12.775730337078652,2023-02-16
089B,19.04463276836158,2023-02-16
089A,NA,2023-02-16
090A,52.56367041198502,2023-02-16
091A,4.088917525773196,2023-02-16
091B,6.33976833976834,2023-02-16
093A,20.729428172942814,2023-02-16
093B,18.02097902097902,2023-02-16
093C,23.10750507099392,2023-02-16
093D,22.346052631578942,2023-02-16
093E,20.31201044386423,2023-02-16
094B,10.209633649932158,2023-02-16
096AW2,24.877768662838392,2023-02-16
096AW1,19.710132890365447,2023-02-16
100A,35.16008425487099,2023-02-16
100B,59.12931034482759,2023-02-16
100C,28.420195439739413,2023-02-16
100DE,24.926072607260725,2023-02-16
100G,23.32650972364381,2023-02-16
100M1,20.03076923076923,2023-02-16
100N,23.837614678899083,2023-02-16
102D,4.657608695652174,2023-02-16
102G,5.673333333333333,2023-02-16
102J,2.9660087719298245,2023-02-16
106H6,20.275,2023-02-16
106H3,13.750865051903114,2023-02-16
106H4,12.933333333333334,2023-02-16
106H2,10.629579375848031,2023-02-16
106H2,12.102777777777778,2023-02-16
110F,35.63636363636363,2023-02-16
110G,22.74180327868853,2023-02-16
110J,26.691000918273645,2023-02-16
110K,52.55351812366738,2023-02-16
110L,41.89703703703704,2023-02-16
111A,6.540772532188841,2023-02-16
111B,21.44150110375276,2023-02-16
111C,22.244618395303327,2023-02-16
111D,5.726691042047532,2023-02-16
111E,7.888483585200626,2023-02-16
111F,7.594535037461437,2023-02-16
111G,9.93582157487483,2023-02-16
111H,3.2254379284082253,2023-02-16
111J,26.130518234165063,2023-02-16
111K,49.830357142857146,2023-02-16
116A,42.91961414790997,2023-02-16
116D,14.685146443514643,2023-02-16
131D,26.507874015748037,2023-02-16
131F,30.52072538860104,2023-02-16
192EN,11.961645746164574,2023-02-16
192ES,17.092171016102167,2023-02-16
203-42,8.864217252396166,2023-02-16
203-41,10.908480780964002,2023-02-16
205C,1.3811965811965812,2023-02-16
205E,2.5210559396605907,2023-02-16
205W,6.089013632718524,2023-02-16
206SW,2.653516295025729,2023-02-16
207E,5.470538720538721,2023-02-16
207W,69.9645390070922,2023-02-16
208E,9.049264705882353,2023-02-16
208W,15.42962962962963,2023-02-16
209E,13.61013986013986,2023-02-16
209W,2.316008316008316,2023-02-16
210E,77.04094076655052,2023-02-16
210W,4.671383647798742,2023-02-16
211E,59.38581314878893,2023-02-16
211C,46.26259946949602,2023-02-16
211SE,20.07307692307692,2023-02-16
211SWE,75.42105263157895,2023-02-16
211SWW,6.155844155844156,2023-02-16
211W,11.492972972972971,2023-02-16
212E,3.380364806866953,2023-02-16
212W,3.1427027027027026,2023-02-16
213E,1.812458137977227,2023-02-16
213W,3.091706001348617,2023-02-16
214E,1.5560538116591929,2023-02-16
214W,2.4929742388758784,2023-02-16
215E,3.771175726927939,2023-02-16
215W,3.567258883248731,2023-02-16
216E,10.60087994971716,2023-02-16
216W,6.470117067159581,2023-02-16
217E,4.908695652173913,2023-02-16
217W,4.661328588374852,2023-02-16
218E,2.2925863044708548,2023-02-16
218W,20.01697892271663,2023-02-16
219E,5.02324037184595,2023-02-16
219W,11.89416553595658,2023-02-16
220E,1.688821752265861,2023-02-16
220W,3.714975845410628,2023-02-16
221E,40.558216899534266,2023-02-16
221S,11.736278447121819,2023-02-16
221W,9.142857142857142,2023-02-16
222E,30.15959252971137,2023-02-16
222W,13.219209039548025,2023-02-16
Barale,26.7265625,2023-02-16
BorderTule,12.394006883984613,2023-02-16
8-4,38.08466819221968,2023-02-16
21-1,49.807674526121126,2023-02-16
21-2,25.14800861141012,2023-02-16
5-3,5.971119133574007,2023-02-16
5-2,8.271690943635212,2023-02-16
5-1,13.955811138014528,2023-02-16
32-3,5.082721488007832,2023-02-16
32-2,14.065666041275795,2023-02-16
32-1,10.772277227722771,2023-02-16
21-3,23.911525029103608,2023-02-16
21-4,9.547686496694997,2023-02-16
16-2,16.133592233009708,2023-02-16
9-1,30.43773704171934,2023-02-16
22-1,17.437679083094554,2023-02-16
31-1,25.412723041117147,2023-02-16
31-2,12.960526315789474,2023-02-16
27-2,23.689564068692206,2023-02-16
18-5,22.47084233261339,2023-02-16
24-1,12.383163265306122,2023-02-16
17-2,23.014139444173573,2023-02-16
Staten Island Pilot,0,2023-02-16
D1A_019,39.32860520094562,2023-02-16
D1A_032,28.36944613511869,2023-02-16
D1A_050,13.774453941120608,2023-02-16
D3__017,12.715768981181052,2023-02-16
D3__018,7.935148118494796,2023-02-16
D3__025,24.371064969859344,2023-02-16
D3__074,3.431649831649832,2023-02-16
D3__080,12.935313531353136,2023-02-16
D3__085,3.375079465988557,2023-02-16
D4__010,29.262519768054823,2023-02-16
D4__038,14.370689655172416,2023-02-16
D4__039,2.680977542932629,2023-02-16
D4__056,14.895907473309608,2023-02-16
D4__060,35.856975381008205,2023-02-16
ROOS3,11.434718100890208,2023-02-16
ROOS2,12.653679653679651,2023-02-16
ROOS1,31.164583333333333,2023-02-16
TC014,8.009049773755656,2023-02-16
TC013,11.143462149285336,2023-02-16
TC015,9.498217468805704,2023-02-16
TC016,10.356485355648536,2023-02-16
TC012,5.282080924855491,2023-02-16
Knaggs_011,3.4547882487600154,2023-02-16
Knaggs_010,3.7186924493554327,2023-02-16
Knaggs_009,3.985948477751757,2023-02-16
TC022,6.432591623036649,2023-02-16
TC023,15.166666666666666,2023-02-16
TC020,5.103828682673589,2023-02-16
TC005,0,2023-02-16
TC006,0,2023-02-16
TC007_008,0,2023-02-16
12-1,25.412017167381972,2023-02-16
24-2W,6.982658959537572,2023-02-16
7-1,69.36492890995261,2023-02-16
39-2,21.969574036511155,2023-02-16
15-3,4.257502420135528,2023-02-16
10-4,NA,2023-02-16
6-4,27.057065217391305,2023-02-16
15-8,3.1392045454545454,2023-02-16
15-6,8.38860103626943,2023-02-16
4-1,18.04836109618485,2023-02-16
23-1,NA,2023-02-16
17-1,37.2825,2023-02-16
1-3,22.81328200192493,2023-02-16
1-2,18.675706214689267,2023-02-16
13-1,26.429794520547944,2023-02-16
1-4,21.038079470198674,2023-02-16
36-2,48.36764705882353,2023-02-16
3-3/3-4,27.033755274261605,2023-02-16
39-4,23.32314814814815,2023-02-16
6-3,19.21705426356589,2023-02-16
15-1,5.630030959752322,2023-02-16
19-1,11.967857142857143,2023-02-16
24-2E,11.366666666666667,2023-02-16
18-6,25.381944444444443,2023-02-16
20-1,32.01686046511628,2023-02-16
,20.539473684210527,2023-02-16
13-3,23.732075471698117,2023-02-16
1-5,18.515325670498083,2023-02-16
36-2,26.8592,2023-02-16
10-2,30.32485322896282,2023-02-16
31-3,26.121584699453557,2023-02-16
31-3,31.63440265486725,2023-02-16
31-4,24.44,2023-02-16
24-2W,7.305699481865285,2023-02-16
17-3,26.53960143076137,2023-02-16
18-3,19.92460317460317,2023-02-16
13-2E,21.062878787878788,2023-02-16
13-5,54.13294797687861,2023-02-16
24-2W,7.826335877862595,2023-02-16
10-1,8.824299065420561,2023-02-16
3-1/3-2,8.252100840336135,2023-02-16
39-3,93.17080745341616,2023-02-16
6-2,33.1641541038526,2023-02-16
8-4,37.790645879732736,2023-02-16
33-4,38.59061277705346,2023-02-16
16-3,23.828395061728397,2023-02-16
7-4,22.69451836083023,2023-02-16
20-2,36.83628841607565,2023-02-16
,28.829642248722315,2023-02-16
24-3,6.767295597484277,2023-02-16
24-4,7.756373937677054,2023-02-16
20-3,23.0112160566706,2023-02-16
13-7,2.478125,2023-02-16
7-2,48.16615384615385,2023-02-16
12-2,24.84641068447412,2023-02-16
,11.456140350877194,2023-02-16
15-3,31.326064382139148,2023-02-16
10-4,32.505547850208046,2023-02-16
33-2,23.26984126984127,2023-02-16
38-5,19.030664395229984,2023-02-16
18-2,24.56066705002875,2023-02-16
,36.07786885245902,2023-02-16
18-1,42.63294117647059,2023-02-16
13-2W,23.238546603475516,2023-02-16
7-5,11.353474320241691,2023-02-16
,27.845117845117844,2023-02-16
13-6,23.337142857142855,2023-02-16
39-1,16.588607594936708,2023-02-16
15-2,24.915165601394538,2023-02-16
31-4,36.54794520547945,2023-02-16
9-2,35.49902280130293,2023-02-16
8-2,59.65035971223021,2023-02-16
27-1,6.696290256828373,2023-02-16
7-3,47.97099767981439,2023-02-16
19-2,13.991913746630727,2023-02-16
38-0,59.54661921708185,2023-02-16
,7.072463768115942,2023-02-16
39-3,84.37735849056604,2023-02-16
39-5,83.41584158415841,2023-02-16
39-5,141.43764705882353,2023-02-16
,14.13888888888889,2023-02-16
38-6,13.724373576309794,2023-02-16
8-3,30.20447154471545,2023-02-16
22-2,25.651666666666667,2023-02-16
22-2,24.681372549019606,2023-02-16
22-2,28.34722222222222,2023-02-16
19-1,10.022857142857143,2023-02-16
19-1,10.140287769784171,2023-02-16
19-1,11.654901960784311,2023-02-16
19-1,12.665399239543726,2023-02-16
19-1,11.904411764705882,2023-02-16
19-1,14.408866995073891,2023-02-16
19-1,12.196296296296296,2023-02-16
19-1,10.209523809523809,2023-02-16
19-1,11.596428571428572,2023-02-16
19-1,12.214814814814815,2023-02-16
24-2E,7.65615141955836,2023-02-16
24-3,7.535911602209945,2023-02-16
24-3,6.983606557377049,2023-02-16
24-4,6.870422535211268,2023-02-16
24-4,9.378947368421052,2023-02-16
19-2,9.693992490613269,2023-02-16
,20.33333333333333,2023-02-16
36-1,4.086956521739131,2023-02-16
36-1,25.245098039215687,2023-02-16
36-3,29.07751937984496,2023-02-16
23-1,NA,2023-02-16
6-3,32.96808510638298,2023-02-16
6-3,29.762295081967213,2023-02-16
39-3,66.5,2023-02-16
6-3,23.566666666666663,2023-02-16
6-3,21.380434782608692,2023-02-16
6-4,33.229838709677416,2023-02-16
6-5W,29.339906103286385,2023-02-16
6-5E,33.35253456221198,2023-02-16
22-2,22.27173913043478,2023-02-16
22-2,23.38928571428572,2023-02-16
22-2,17.19927536231884,2023-02-16
22-2,34.305,2023-02-16
,10.724137931034482,2023-02-16
,12.663542642924089,2023-02-16
,11.881899871630296,2023-02-16
,14.79153605015674,2023-02-16
,13.391799544419134,2023-02-16
,11.851063829787234,2023-02-16
,13.222509702457955,2023-02-16
,15.199303742384682,2023-02-16
,22.128364389233955,2023-02-16
23-1,7.108126410835214,2023-02-16
23-2,18.69607843137255,2023-02-16
34-2,50.6968085106383,2023-02-16
28-5,37.84909264565425,2023-02-16
28-4,21.253246753246756,2023-02-16
38-7,7.886582278481012,2023-02-16
28-2,10.274247491638796,2023-02-16
28-1,8.760224948875255,2023-02-16
16-1,45.02422907488987,2023-02-16
4-2,26.26733962878541,2023-02-16
HansHerkert,13.94395982024848,2023-02-18
YoloBasin,20.63564814814815,2023-02-18
HPond,24.080801687763717,2023-02-18
Lucky5,15.431431809595768,2023-02-18
76,2.2753768844221107,2023-02-18
70,3.0008988764044946,2023-02-18
71,2.4560244026436195,2023-02-18
72,2.717065036131184,2023-02-18
64,2.980528511821975,2023-02-18
63,10.128281622911697,2023-02-18
Pond5,11.001302083333334,2023-02-18
Pond6,12.740484429065743,2023-02-18
Pond7,36.86301369863013,2023-02-18
Pond8,17.645530145530145,2023-02-18
Pond9,11.837053571428571,2023-02-18
Pond10,13.030430220356768,2023-02-18
Newstrom,3.947674418604651,2023-02-18
C300,3.4434117003827227,2023-02-18
Souza1-4,4.605475040257649,2023-02-18
Souza106,3.044736842105263,2023-02-18
Dingville1,2.073030108904548,2023-02-18
Dingville3,4.656316160903317,2023-02-18
Dingville4,2.8545006165228117,2023-02-18
ShadyOaks(MichaelRue),4.335423197492163,2023-02-18
NorthCreekHouse(R&F Ranch),7.649238914626076,2023-02-18
RioOsoRanch(RioOso),6.259579728059332,2023-02-18
Bluebird(R&F RealEstate),3.5778136779752288,2023-02-18
Morrison(MichaelRue),56.55166572557877,2023-02-18
Knaggs,3.009629413481179,2023-02-18
TuleBasin(Chesapeak),18.93254637436762,2023-02-18
TuleBasin,11.936622543120738,2023-02-18
CapOil,20.247597693786037,2023-02-18
TidesEnd,22.90702947845805,2023-02-18
Field 29C,2.754350051177073,2023-02-18
Field 29B,2.2032085561497325,2023-02-18
Field 29A,2.3275,2023-02-18
Field 25E,2.848167539267016,2023-02-18
Field 25D,2.615126050420168,2023-02-18
Field 25C,5.530694668820678,2023-02-18
Field 26EE,4.3542116630669545,2023-02-18
Field 26CW,18.71725571725572,2023-02-18
Field 26D - 50% ONLY,47.29255319148936,2023-02-18
Field 18,24.88696537678208,2023-02-18
Field 20A,4.667367314766159,2023-02-18
Field 20B,3.8034650785056847,2023-02-18
Field 21,3.80687724910036,2023-02-18
Field and Tule,23.7791484281735,2023-02-18
055D,18.255620316403,2023-02-18
055E,18.368207623682075,2023-02-18
056A,20.402800658978585,2023-02-18
056B,17.637065637065636,2023-02-18
056F,25.745590230664856,2023-02-18
056E,19.038821954484604,2023-02-18
056G,17.762359550561797,2023-02-18
056H,61.17906976744186,2023-02-18
056I,17.033799533799534,2023-02-18
056J,3.8448374215630343,2023-02-18
056K,2.614778921865536,2023-02-18
056L,4.02135231316726,2023-02-18
056M,4.694832402234637,2023-02-18
056N,11.008833922261484,2023-02-18
056P,4.087740384615385,2023-02-18
056Q,3.793002915451895,2023-02-18
061,29.304177545691907,2023-02-18
068B,7.191046658259773,2023-02-18
069A3,17.37417654808959,2023-02-18
069B,18.294013040901007,2023-02-18
069C,17.242857142857144,2023-02-18
072A,27.906560636182903,2023-02-18
072B,30.41392405063291,2023-02-18
076A1,68.91320072332731,2023-02-18
076A1,68.91320072332731,2023-02-18
076B,73.2865329512894,2023-02-18
076CW,41.29087624209576,2023-02-18
078A,109.15303593556382,2023-02-18
078B,56.193333333333335,2023-02-18
078C,39.8175,2023-02-18
088,13.586516853932585,2023-02-18
089B,40.69661016949153,2023-02-18
089A,NA,2023-02-18
090A,72.37827715355806,2023-02-18
091A,6.501288659793815,2023-02-18
091B,10.57014157014157,2023-02-18
093A,31.12970711297071,2023-02-18
093B,28.944055944055943,2023-02-18
093C,34.08789722785666,2023-02-18
093D,33.87434210526316,2023-02-18
093E,32.449738903394255,2023-02-18
094B,11.022727272727272,2023-02-18
096AW2,46.55455291222314,2023-02-18
096AW1,30.54485049833887,2023-02-18
100A,64.97051079515535,2023-02-18
100B,72.6580459770115,2023-02-18
100C,34.557003257328994,2023-02-18
100DE,36.765016501650166,2023-02-18
100G,38.46673490276356,2023-02-18
100M1,28.489878542510123,2023-02-18
100N,21.353211009174316,2023-02-18
102D,5.30012077294686,2023-02-18
102G,7.698787878787879,2023-02-18
102J,3.451754385964912,2023-02-18
106H6,25.875,2023-02-18
106H3,18.140138408304495,2023-02-18
106H4,15.31965811965812,2023-02-18
106H2,14.238805970149254,2023-02-18
106H2,13.405555555555557,2023-02-18
110F,57.86794258373206,2023-02-18
110G,29.512295081967213,2023-02-18
110J,42.30808080808081,2023-02-18
110K,81.58294243070362,2023-02-18
110L,70.11703703703704,2023-02-18
111A,6.690987124463519,2023-02-18
111B,33.79139072847682,2023-02-18
111C,30.56751467710372,2023-02-18
111D,6.180987202925046,2023-02-18
111E,6.870766023970818,2023-02-18
111F,8.665050683120317,2023-02-18
111G,12.021847974510695,2023-02-18
111H,4.610814927646611,2023-02-18
111J,37.28023032629559,2023-02-18
111K,75.31845238095238,2023-02-18
116A,66.20900321543408,2023-02-18
116D,21.551255230125523,2023-02-18
131D,34.36089238845145,2023-02-18
131F,32.35880829015544,2023-02-18
192EN,15.919804741980474,2023-02-18
192ES,21.30094392004442,2023-02-18
203-42,11.114217252396166,2023-02-18
203-41,17.01647345942648,2023-02-18
205C,2.1666666666666665,2023-02-18
205E,3.2652419861722186,2023-02-18
205W,6.893344025661587,2023-02-18
206SW,3.542024013722127,2023-02-18
207E,6.839225589225589,2023-02-18
207W,98.24586288416076,2023-02-18
208E,13.322058823529412,2023-02-18
208W,18.57851851851852,2023-02-18
209E,18.012237762237763,2023-02-18
209W,3.104989604989605,2023-02-18
210E,103.17421602787456,2023-02-18
210W,5.656446540880503,2023-02-18
211E,83.51441753171856,2023-02-18
211C,66.60344827586206,2023-02-18
211SE,32.34615384615385,2023-02-18
211SWE,92.38056680161944,2023-02-18
211SWW,9.896103896103895,2023-02-18
211W,4.707027027027027,2023-02-18
212E,4.459227467811159,2023-02-18
212W,2.9,2023-02-18
213E,2.994641661085064,2023-02-18
213W,3.2690492245448417,2023-02-18
214E,2.807174887892377,2023-02-18
214W,2.918032786885246,2023-02-18
215E,4.606826801517067,2023-02-18
215W,3.411167512690356,2023-02-18
216E,15.748585795097425,2023-02-18
216W,8.761552680221811,2023-02-18
217E,6.896195652173913,2023-02-18
217W,7.453143534994068,2023-02-18
218E,4.003961516694964,2023-02-18
218W,28.94496487119438,2023-02-18
219E,7.756308100929615,2023-02-18
219W,18.35142469470828,2023-02-18
220E,2.3595166163141994,2023-02-18
220W,4.727858293075684,2023-02-18
221E,62.76646706586826,2023-02-18
221S,18.518072289156628,2023-02-18
221W,12.793040293040294,2023-02-18
222E,43.439162422184495,2023-02-18
222W,24.10564971751413,2023-02-18
Barale,27.4609375,2023-02-18
BorderTule,17.747924681109538,2023-02-18
8-4,40.30434782608695,2023-02-18
21-1,58.133148404993065,2023-02-18
21-2,34.10333692142088,2023-02-18
5-3,12.00661853188929,2023-02-18
5-2,21.576947435085497,2023-02-18
5-1,23.069612590799032,2023-02-18
32-3,10.531081742535488,2023-02-18
32-2,25.37460913070669,2023-02-18
32-1,21.36083608360836,2023-02-18
21-3,16.11059371362049,2023-02-18
21-4,14.555240793201133,2023-02-18
16-2,16.39650485436893,2023-02-18
9-1,25.162136536030346,2023-02-18
22-1,20.09670487106017,2023-02-18
31-1,27.83242823894492,2023-02-18
31-2,15.054709141274238,2023-02-18
27-2,27.569793042712465,2023-02-18
18-5,25.91792656587473,2023-02-18
24-1,11.1015306122449,2023-02-18
17-2,27.76352998537299,2023-02-18
Staten Island Pilot,14.182241178751454,2023-02-18
D1A_019,49.95665878644602,2023-02-18
D1A_032,24.76141205112599,2023-02-18
D1A_050,12.640550807217474,2023-02-18
D3__017,13.865671641791044,2023-02-18
D3__018,10.076060848678944,2023-02-18
D3__025,29.69591426657736,2023-02-18
D3__074,3.781144781144781,2023-02-18
D3__080,13.442244224422442,2023-02-18
D3__085,3.703115066751431,2023-02-18
D4__010,28.489193463363204,2023-02-18
D4__038,14.470443349753694,2023-02-18
D4__039,3.478203434610304,2023-02-18
D4__056,17.949288256227756,2023-02-18
D4__060,38.59671746776085,2023-02-18
ROOS3,15.973788328387736,2023-02-18
ROOS2,17.35930735930736,2023-02-18
ROOS1,33.077083333333334,2023-02-18
TC014,10.468325791855204,2023-02-18
TC013,13.368978295394388,2023-02-18
TC015,9.535650623885918,2023-02-18
TC016,11.452719665271967,2023-02-18
TC012,4.457418111753372,2023-02-18
Knaggs_011,2.84586035864174,2023-02-18
Knaggs_010,2.934622467771639,2023-02-18
Knaggs_009,3.009367681498829,2023-02-18
TC022,7.047774869109948,2023-02-18
TC023,19.18379446640316,2023-02-18
TC020,2.5171966255678133,2023-02-18
TC005,0,2023-02-18
TC006,0,2023-02-18
TC007_008,0,2023-02-18
12-1,30.987124463519315,2023-02-18
24-2W,7.849710982658959,2023-02-18
7-1,79.05292259083728,2023-02-18
39-2,20.43103448275862,2023-02-18
15-3,5.564375605033882,2023-02-18
10-4,NA,2023-02-18
6-4,28.002717391304348,2023-02-18
15-8,8.3125,2023-02-18
15-6,25.463730569948183,2023-02-18
4-1,23.235357334766256,2023-02-18
23-1,NA,2023-02-18
17-1,45.6805,2023-02-18
1-3,26.33108758421559,2023-02-18
1-2,24.03954802259887,2023-02-18
13-1,31.664383561643834,2023-02-18
1-4,23.822847682119207,2023-02-18
36-2,47.091503267973856,2023-02-18
3-3/3-4,32.151898734177216,2023-02-18
39-4,20.090740740740745,2023-02-18
6-3,18.44186046511628,2023-02-18
15-1,7.802373581011352,2023-02-18
19-1,12.07857142857143,2023-02-18
24-2E,11.036666666666669,2023-02-18
18-6,29.42361111111111,2023-02-18
20-1,31.65,2023-02-18
,25.49342105263158,2023-02-18
13-3,25.68867924528302,2023-02-18
1-5,22.46360153256705,2023-02-18
36-2,26.3072,2023-02-18
10-2,32.20939334637965,2023-02-18
31-3,33.631147540983605,2023-02-18
31-3,35.408185840707965,2023-02-18
31-4,22.328,2023-02-18
24-2W,7.16580310880829,2023-02-18
17-3,34.71027082268779,2023-02-18
18-3,17.679138321995463,2023-02-18
13-2E,23.756060606060608,2023-02-18
13-5,55.23843930635838,2023-02-18
24-2W,11.181297709923664,2023-02-18
10-1,9.99252336448598,2023-02-18
3-1/3-2,10.647058823529411,2023-02-18
39-3,46.00310559006211,2023-02-18
6-2,26.77386934673367,2023-02-18
8-4,40.21380846325168,2023-02-18
33-4,33.72750977835724,2023-02-18
16-3,23.86851851851852,2023-02-18
7-4,25.934007450771688,2023-02-18
20-2,39.48995271867612,2023-02-18
,31.412265758091998,2023-02-18
24-3,10.625786163522012,2023-02-18
24-4,10.628895184135978,2023-02-18
20-3,23.929161747343567,2023-02-18
13-7,3.815625,2023-02-18
7-2,55.42692307692308,2023-02-18
12-2,25.534223706176963,2023-02-18
,12.087719298245617,2023-02-18
15-3,26.8852544132918,2023-02-18
10-4,40.28294036061026,2023-02-18
33-2,26.78253968253968,2023-02-18
38-5,15.5587734241908,2023-02-18
18-2,23.72972972972973,2023-02-18
,46.76639344262295,2023-02-18
18-1,49.3756862745098,2023-02-18
13-2W,28.91390205371248,2023-02-18
7-5,12.644511581067473,2023-02-18
,28.45959595959596,2023-02-18
13-6,35.24,2023-02-18
39-1,13.378164556962023,2023-02-18
15-2,31.23590935502615,2023-02-18
31-4,34.03196347031963,2023-02-18
9-2,38.69022801302932,2023-02-18
8-2,59.81223021582734,2023-02-18
27-1,5.060334284549532,2023-02-18
7-3,54.68600154679041,2023-02-18
19-2,11.295822102425875,2023-02-18
38-0,65.84128113879004,2023-02-18
,4.966183574879227,2023-02-18
39-3,48.59905660377358,2023-02-18
39-5,49.89108910891089,2023-02-18
39-5,73.38470588235295,2023-02-18
,14.88888888888889,2023-02-18
38-6,14.145785876993166,2023-02-18
8-3,29.866260162601627,2023-02-18
22-2,27.813333333333333,2023-02-18
22-2,19.818627450980397,2023-02-18
22-2,31.76388888888889,2023-02-18
19-1,11.897142857142857,2023-02-18
19-1,10.136690647482014,2023-02-18
19-1,11.333333333333334,2023-02-18
19-1,10.988593155893536,2023-02-18
19-1,9.933823529411764,2023-02-18
19-1,10.310344827586206,2023-02-18
19-1,10.41851851851852,2023-02-18
19-1,10.271428571428572,2023-02-18
19-1,11.375,2023-02-18
19-1,11.748148148148148,2023-02-18
24-2E,6.722397476340694,2023-02-18
24-3,12.748618784530386,2023-02-18
24-3,10.226229508196722,2023-02-18
24-4,9.890140845070423,2023-02-18
24-4,14.35438596491228,2023-02-18
19-2,9.309136420525656,2023-02-18
,22.844444444444445,2023-02-18
36-1,6.671497584541063,2023-02-18
36-1,27.745098039215687,2023-02-18
36-3,27.37984496124031,2023-02-18
23-1,NA,2023-02-18
6-3,38.12765957446808,2023-02-18
6-3,38.12295081967213,2023-02-18
39-3,43.04166666666666,2023-02-18
6-3,27.08,2023-02-18
6-3,27.065217391304348,2023-02-18
6-4,38.2258064516129,2023-02-18
6-5W,32.3924882629108,2023-02-18
6-5E,38.26958525345622,2023-02-18
22-2,24.347826086956523,2023-02-18
22-2,28.90357142857143,2023-02-18
22-2,20.44927536231884,2023-02-18
22-2,32.9,2023-02-18
,12.726227795193312,2023-02-18
,15.206185567010309,2023-02-18
,12.634146341463415,2023-02-18
,13.24294670846395,2023-02-18
,15.29271070615034,2023-02-18
,15.161702127659574,2023-02-18
,13.645536869340232,2023-02-18
,19.040905134899912,2023-02-18
,22.37888198757764,2023-02-18
23-1,5.061851015801355,2023-02-18
23-2,24.110294117647054,2023-02-18
34-2,58.12234042553192,2023-02-18
28-5,25.25405921680993,2023-02-18
28-4,29.137012987012987,2023-02-18
38-7,8.5949367088607591,2023-02-18
28-2,3.75752508361204,2023-02-18
28-1,11.059815950920246,2023-02-18
16-1,49.93906020558003,2023-02-18
4-2,27.38261152718984,2023-02-18
HansHerkert,9.711604546656092,2023-02-23
YoloBasin,21.067592592592597,2023-02-23
HPond,23.32995780590717,2023-02-23
Lucky5,12.649036645258784,2023-02-23
76,2.857286432160804,2023-02-23
70,3.08,2023-02-23
71,3.043213014743264,2023-02-23
72,4.105614230127848,2023-02-23
64,3.402642559109875,2023-02-23
63,6.947494033412887,2023-02-23
Pond5,15.59375,2023-02-23
Pond6,21.04152249134948,2023-02-23
Pond7,10.707762557077626,2023-02-23
Pond8,7.998960498960499,2023-02-23
Pond9,9.529017857142858,2023-02-23
Pond10,11.573976915005249,2023-02-23
Newstrom,3.614341085271318,2023-02-23
C300,4.070530344450519,2023-02-23
Souza1-4,4.360708534621578,2023-02-23
Souza106,3.424561403508772,2023-02-23
Dingville1,3.385009609224856,2023-02-23
Dingville3,3.998588567395907,2023-02-23
Dingville4,4.106041923551172,2023-02-23
ShadyOaks(MichaelRue),5.387147335423197,2023-02-23
NorthCreekHouse(R&F Ranch),6.538716082064858,2023-02-23
RioOsoRanch(RioOso),7.957972805933251,2023-02-23
Bluebird(R&F RealEstate),4.39041464728056,2023-02-23
Morrison(MichaelRue),36.18351214003388,2023-02-23
Knaggs,3.7833381966734754,2023-02-23
TuleBasin(Chesapeak),19.266652613827997,2023-02-23
TuleBasin,9.62575210589651,2023-02-23
CapOil,12.707238949391416,2023-02-23
TidesEnd,21.85079365079365,2023-02-23
Field 29C,2.471852610030706,2023-02-23
Field 29B,2.4572192513368982,2023-02-23
Field 29A,2.9066666666666667,2023-02-23
Field 25E,2.8717277486910997,2023-02-23
Field 25D,3.294957983193277,2023-02-23
Field 25C,4.48626817447496,2023-02-23
Field 26EE,3.8488120950323976,2023-02-23
Field 26CW,8.063409563409563,2023-02-23
Field 26D - 50% ONLY,19.972340425531915,2023-02-23
Field 18,48.57433808553972,2023-02-23
Field 20A,6.34419337887546,2023-02-23
Field 20B,3.094206821873308,2023-02-23
Field 21,3.5121951219512195,2023-02-23
Field and Tule,30.150019896538,2023-02-23
055D,10.828476269775187,2023-02-23
055E,10.398215733982155,2023-02-23
056A,10.52635914332784,2023-02-23
056B,10.727413127413127,2023-02-23
056F,13.598371777476254,2023-02-23
056E,12.07764390896921,2023-02-23
056G,11.226404494382022,2023-02-23
056H,25.49767441860465,2023-02-23
056I,11.78904428904429,2023-02-23
056J,4.101540216771249,2023-02-23
056K,3.637189582071472,2023-02-23
056L,3.84638196915777,2023-02-23
056M,5.571927374301676,2023-02-23
056N,12.68816254416961,2023-02-23
056P,3.948317307692308,2023-02-23
056Q,3.2448979591836733,2023-02-23
061,17.804177545691907,2023-02-23
068B,7.732660781841109,2023-02-23
069A3,8.843214756258234,2023-02-23
069B,10.093657379964434,2023-02-23
069C,11.44126984126984,2023-02-23
072A,15.02186878727634,2023-02-23
072B,16.922784810126583,2023-02-23
076A1,26.48462929475588,2023-02-23
076A1,26.48462929475588,2023-02-23
076B,27.08787010506208,2023-02-23
076CW,13.793134598012648,2023-02-23
078A,37.59541511771995,2023-02-23
078B,28.332,2023-02-23
078C,22.9375,2023-02-23
088,11.06561797752809,2023-02-23
089B,11.71186440677966,2023-02-23
089A,NA,2023-02-23
090A,25.63483146067416,2023-02-23
091A,7.734536082474227,2023-02-23
091B,12.052767052767052,2023-02-23
093A,10.729428172942818,2023-02-23
093B,10.738461538461538,2023-02-23
093C,11.760649087221095,2023-02-23
093D,11.141447368421051,2023-02-23
093E,11.0032637075718,2023-02-23
094B,7.854816824966079,2023-02-23
096AW2,15.344544708777686,2023-02-23
096AW1,10.862956810631228,2023-02-23
100A,18.97893628225382,2023-02-23
100B,23,2023-02-23
100C,13.973941368078176,2023-02-23
100DE,13.668316831683168,2023-02-23
100G,11.910951893551688,2023-02-23
100M1,11.248582995951416,2023-02-23
100N,14.288073394495411,2023-02-23
102D,5.370169082125604,2023-02-23
102G,8.406060606060606,2023-02-23
102J,11.25109649122807,2023-02-23
106H6,19.488888888888887,2023-02-23
106H3,9.280276816608996,2023-02-23
106H4,7.553846153846154,2023-02-23
106H2,8.719131614654003,2023-02-23
106H2,9.408333333333331,2023-02-23
110F,20.14162679425837,2023-02-23
110G,11.581967213114757,2023-02-23
110J,15.334710743801653,2023-02-23
110K,28.239232409381664,2023-02-23
110L,22.522962962962964,2023-02-23
111A,38.03004291845494,2023-02-23
111B,43.80573951434879,2023-02-23
111C,45.10371819960861,2023-02-23
111D,18.94149908592322,2023-02-23
111E,6.664929650859823,2023-02-23
111F,9.17672983693257,2023-02-23
111G,8.892125625853437,2023-02-23
111H,9.141660319878142,2023-02-23
111J,45.56429942418426,2023-02-23
111K,68.44642857142857,2023-02-23
116A,23.659163987138264,2023-02-23
116D,9.376569037656903,2023-02-23
131D,14.918635170603675,2023-02-23
131F,15.341968911917098,2023-02-23
192EN,11.48884239888424,2023-02-23
192ES,12.48917268184342,2023-02-23
203-42,10.022364217252395,2023-02-23
203-41,18.014032946918853,2023-02-23
205C,6.925641025641026,2023-02-23
205E,4.895034569453174,2023-02-23
205W,17.971932638331996,2023-02-23
206SW,4.65008576329331,2023-02-23
207E,20.03956228956229,2023-02-23
207W,50.82505910165485,2023-02-23
208E,11.177205882352942,2023-02-23
208W,9.34,2023-02-23
209E,11.178321678321678,2023-02-23
209W,3.456340956340956,2023-02-23
210E,50.57142857142857,2023-02-23
210W,5.948899371069182,2023-02-23
211E,43.70934256055364,2023-02-23
211C,40.28448275862069,2023-02-23
211SE,13.507692307692308,2023-02-23
211SWE,37.55465587044535,2023-02-23
211SWW,18.32034632034632,2023-02-23
211W,5.12,2023-02-23
212E,4.108369098712446,2023-02-23
212W,3.922702702702703,2023-02-23
213E,3.1044876088412594,2023-02-23
213W,19.935940660822656,2023-02-23
214E,2.905829596412556,2023-02-23
214W,3.626463700234192,2023-02-23
215E,4.193426042983565,2023-02-23
215W,4.25,2023-02-23
216E,21.35826524198617,2023-02-23
216W,24.48675292667899,2023-02-23
217E,6.789673913043479,2023-02-23
217W,7.775207591933571,2023-02-23
218E,3.816072439162422,2023-02-23
218W,18.62412177985949,2023-02-23
219E,17.90770252324037,2023-02-23
219W,14.67571234735414,2023-02-23
220E,3.155589123867069,2023-02-23
220W,6.452495974235105,2023-02-23
221E,35.041916167664674,2023-02-23
221S,9.961178045515394,2023-02-23
221W,10.491452991452991,2023-02-23
222E,28.13695529145444,2023-02-23
222W,27.83276836158192,2023-02-23
Barale,37.9921875,2023-02-23
BorderTule,15.969022069244788,2023-02-23
8-4,27.606407322654466,2023-02-23
21-1,42.934350439204806,2023-02-23
21-2,32.131862217438105,2023-02-23
5-3,39.9416365824308,2023-02-23
5-2,55.39392020265991,2023-02-23
5-1,32.73002421307506,2023-02-23
32-3,34.58492413117964,2023-02-23
32-2,28.290181363352094,2023-02-23
32-1,49.867986798679866,2023-02-23
21-3,11.533178114086146,2023-02-23
21-4,26.22851746931067,2023-02-23
16-2,11.96116504854369,2023-02-23
9-1,21.345132743362832,2023-02-23
22-1,11.361031518624642,2023-02-23
31-1,14.983708301008534,2023-02-23
31-2,9.51454293628809,2023-02-23
27-2,26.146191105239986,2023-02-23
18-5,13.505399568034557,2023-02-23
24-1,8.815816326530612,2023-02-23
17-2,27.80838615309605,2023-02-23
Staten Island Pilot,9.816207832493214,2023-02-23
D1A_019,17.52482269503546,2023-02-23
D1A_032,13.439440048691418,2023-02-23
D1A_050,9.038461538461538,2023-02-23
D3__017,8.206359506813758,2023-02-23
D3__018,7.670936749399519,2023-02-23
D3__025,21.1728064300067,2023-02-23
D3__074,4.942760942760943,2023-02-23
D3__080,9.736633663366336,2023-02-23
D3__085,3.80737444373808,2023-02-23
D4__010,11.252503953610963,2023-02-23
D4__038,12.45935960591133,2023-02-23
D4__039,3.7324966974900926,2023-02-23
D4__056,17.951957295373667,2023-02-23
D4__060,23.36576787807737,2023-02-23
ROOS3,22.635262116716124,2023-02-23
ROOS2,19.147727272727277,2023-02-23
ROOS1,42.33125,2023-02-23
TC014,7.083710407239819,2023-02-23
TC013,9.414505029115936,2023-02-23
TC015,7.890374331550802,2023-02-23
TC016,8.679497907949791,2023-02-23
TC012,7.240077071290944,2023-02-23
Knaggs_011,3.284624189240748,2023-02-23
Knaggs_010,3.6929097605893184,2023-02-23
Knaggs_009,4.77096018735363,2023-02-23
TC022,5.37565445026178,2023-02-23
TC023,15.99604743083004,2023-02-23
TC020,3.3406878650227125,2023-02-23
TC005,0,2023-02-23
TC006,0,2023-02-23
TC007_008,0,2023-02-23
12-1,13.562231759656653,2023-02-23
24-2W,5.892100192678227,2023-02-23
7-1,36.3783570300158,2023-02-23
39-2,14.479716024340773,2023-02-23
15-3,35.952565343659245,2023-02-23
10-4,NA,2023-02-23
6-4,18.133152173913043,2023-02-23
15-8,22.957386363636363,2023-02-23
15-6,33.347150259067355,2023-02-23
4-1,27.342289091886084,2023-02-23
23-1,NA,2023-02-23
17-1,39.358,2023-02-23
1-3,15.168431183830606,2023-02-23
1-2,19.307344632768363,2023-02-23
13-1,20.53253424657534,2023-02-23
1-4,12.910596026490069,2023-02-23
36-2,23.916666666666668,2023-02-23
3-3/3-4,18.774562989752862,2023-02-23
39-4,15.299074074074074,2023-02-23
6-3,10.782945736434108,2023-02-23
15-1,14.987100103199175,2023-02-23
19-1,9.696428571428571,2023-02-23
24-2E,8.966666666666667,2023-02-23
18-6,17.27777777777778,2023-02-23
20-1,15.204651162790698,2023-02-23
,14.032894736842104,2023-02-23
13-3,13.49433962264151,2023-02-23
1-5,13.71455938697318,2023-02-23
36-2,18.3744,2023-02-23
10-2,24.043052837573384,2023-02-23
31-3,13.5,2023-02-23
31-3,15.789269911504425,2023-02-23
31-4,13.724,2023-02-23
24-2W,6.204663212435233,2023-02-23
17-3,29.452733776188044,2023-02-23
18-3,12.443877551020408,2023-02-23
13-2E,14.345454545454546,2023-02-23
13-5,26.04335260115607,2023-02-23
24-2W,9.736641221374043,2023-02-23
10-1,34.13831775700935,2023-02-23
3-1/3-2,9.700980392156865,2023-02-23
39-3,35.29503105590062,2023-02-23
6-2,18.54438860971524,2023-02-23
8-4,27.55011135857461,2023-02-23
33-4,21.19947848761408,2023-02-23
16-3,12.562345679012346,2023-02-23
7-4,13.552953698775944,2023-02-23
20-2,21.13770685579196,2023-02-23
,25.385008517887563,2023-02-23
24-3,7.216981132075472,2023-02-23
24-4,6.861189801699717,2023-02-23
20-3,21.305785123966945,2023-02-23
13-7,3.66875,2023-02-23
7-2,25.89846153846154,2023-02-23
12-2,16.948247078464107,2023-02-23
,10.409356725146198,2023-02-23
15-3,19.49169262720665,2023-02-23
10-4,38.891123439667126,2023-02-23
33-2,11.96984126984127,2023-02-23
38-5,12.207836456558772,2023-02-23
18-2,16.23691776883266,2023-02-23
,24.524590163934427,2023-02-23
18-1,23.418823529411764,2023-02-23
13-2W,12.420221169036337,2023-02-23
7-5,9.836858006042297,2023-02-23
,17.533670033670035,2023-02-23
13-6,26.845714285714287,2023-02-23
39-1,9.82753164556962,2023-02-23
15-2,22.00639163277165,2023-02-23
31-4,16.488584474885844,2023-02-23
9-2,30.936482084690557,2023-02-23
8-2,21.64820143884892,2023-02-23
27-1,4.94374235629841,2023-02-23
7-3,26.55336426914153,2023-02-23
19-2,9.476415094339623,2023-02-23
38-0,27.57437722419929,2023-02-23
,6.019323671497585,2023-02-23
39-3,30.91509433962264,2023-02-23
39-5,37.63366336633664,2023-02-23
39-5,55.60470588235294,2023-02-23
,13.72222222222222,2023-02-23
38-6,10.100987091875474,2023-02-23
8-3,15.37560975609756,2023-02-23
22-2,15.055,2023-02-23
22-2,11.784313725490197,2023-02-23
22-2,14.583333333333334,2023-02-23
19-1,9.422857142857143,2023-02-23
19-1,8.690647482014388,2023-02-23
19-1,9.694117647058825,2023-02-23
19-1,10.779467680608365,2023-02-23
19-1,9.786764705882351,2023-02-23
19-1,10.832512315270936,2023-02-23
19-1,9.440740740740742,2023-02-23
19-1,9.061904761904762,2023-02-23
19-1,8.760714285714286,2023-02-23
19-1,8.38888888888889,2023-02-23
24-2E,6.5678233438485805,2023-02-23
24-3,9.096685082872929,2023-02-23
24-3,7.685245901639345,2023-02-23
24-4,6.878873239436619,2023-02-23
24-4,10.014035087719298,2023-02-23
19-2,7.500625782227785,2023-02-23
,18.4,2023-02-23
36-1,6.454106280193237,2023-02-23
36-1,19.176470588235293,2023-02-23
36-3,18.82170542635659,2023-02-23
23-1,NA,2023-02-23
6-3,16.159574468085108,2023-02-23
6-3,16.524590163934427,2023-02-23
39-3,27.85833333333333,2023-02-23
6-3,11.38,2023-02-23
6-3,12.320652173913045,2023-02-23
6-4,20.024193548387096,2023-02-23
6-5W,20.74084507042253,2023-02-23
6-5E,23.467741935483872,2023-02-23
22-2,12.108695652173912,2023-02-23
22-2,19.82857142857143,2023-02-23
22-2,10.514492753623188,2023-02-23
22-2,18.11,2023-02-23
,8.70637408568443,2023-02-23
,9.606373008434865,2023-02-23
,9.033376123234916,2023-02-23
,9.65987460815047,2023-02-23
,10.946469248291573,2023-02-23
,9.60709219858156,2023-02-23
,10.423027166882276,2023-02-23
,10.569190600522193,2023-02-23
,12.126293995859212,2023-02-23
23-1,8.713318284424378,2023-02-23
23-2,13.073529411764708,2023-02-23
34-2,28.638297872340427,2023-02-23
28-5,17.557784145176694,2023-02-23
28-4,40.156493506493504,2023-02-23
38-7,17.296708860759495,2023-02-23
28-2,7.953177257525083,2023-02-23
28-1,20.422290388548056,2023-02-23
16-1,26.73348017621145,2023-02-23
4-2,17.107131227613156,2023-02-23
HansHerkert,11.127676447264076,2023-02-28
YoloBasin,19.248148148148147,2023-02-28
HPond,21.95379746835443,2023-02-28
Lucky5,15.07593502077824,2023-02-28
76,8.852763819095477,2023-02-28
70,8.69752808988764,2023-02-28
71,8.539908490086425,2023-02-28
72,11.683713173985549,2023-02-28
64,9.378998609179416,2023-02-28
63,9.100238663484486,2023-02-28
Pond5,12.139322916666666,2023-02-28
Pond6,11.922722029988464,2023-02-28
Pond7,11.19482496194825,2023-02-28
Pond8,11.962577962577962,2023-02-28
Pond9,14.549107142857142,2023-02-28
Pond10,16.329485834207766,2023-02-28
Newstrom,12.746770025839794,2023-02-28
C300,8.753417167851286,2023-02-28
Souza1-4,12.349436392914654,2023-02-28
Souza106,13.336842105263155,2023-02-28
Dingville1,12.913516976297243,2023-02-28
Dingville3,11.902611150317572,2023-02-28
Dingville4,11.675709001233043,2023-02-28
ShadyOaks(MichaelRue),9.34796238244514,2023-02-28
NorthCreekHouse(R&F Ranch),20.00926538716082,2023-02-28
RioOsoRanch(RioOso),14.516687268232385,2023-02-28
Bluebird(R&F RealEstate),10.82875605815832,2023-02-28
Morrison(MichaelRue),33.373235460191985,2023-02-28
Knaggs,11.267435074409104,2023-02-28
TuleBasin(Chesapeak),20.581365935919056,2023-02-28
TuleBasin,15.102286401925392,2023-02-28
CapOil,18.61274823830877,2023-02-28
TidesEnd,22.496598639455783,2023-02-28
Field 29C,9.429887410440124,2023-02-28
Field 29B,8.820855614973262,2023-02-28
Field 29A,8.5425,2023-02-28
Field 25E,7.00174520069808,2023-02-28
Field 25D,7.3579831932773105,2023-02-28
Field 25C,10.864297253634897,2023-02-28
Field 26EE,10.438444924406047,2023-02-28
Field 26CW,16.45841995841996,2023-02-28
Field 26D - 50% ONLY,30.282978723404256,2023-02-28
Field 18,51.0112016293279,2023-02-28
Field 20A,12.49973725696269,2023-02-28
Field 20B,14.586356253383864,2023-02-28
Field 21,10.734906037584969,2023-02-28
Field and Tule,25.3716673298846,2023-02-28
055D,13.770191507077437,2023-02-28
055E,8.742903487429034,2023-02-28
056A,32.83525535420099,2023-02-28
056B,20.08185328185328,2023-02-28
056F,74.22252374491181,2023-02-28
056E,39.463855421686745,2023-02-28
056G,22.63876404494382,2023-02-28
056H,101.60058139534884,2023-02-28
056I,29.293706293706293,2023-02-28
056J,12.281232173417,2023-02-28
056K,28.398546335554208,2023-02-28
056L,11.727164887307236,2023-02-28
056M,27.25558659217877,2023-02-28
056N,32.84893992932862,2023-02-28
056P,11.864182692307692,2023-02-28
056Q,9.128279883381923,2023-02-28
061,111.65013054830288,2023-02-28
068B,32.35245901639344,2023-02-28
069A3,35.48221343873518,2023-02-28
069B,27.260225251926496,2023-02-28
069C,35.926455026455024,2023-02-28
072A,64.69980119284294,2023-02-28
072B,93.14746835443036,2023-02-28
076A1,132.7260397830018,2023-02-28
076A1,132.7260397830018,2023-02-28
076B,138.2378223495702,2023-02-28
076CW,39.25383920505872,2023-02-28
078A,126.50433705080545,2023-02-28
078B,139.052,2023-02-28
078C,122.125,2023-02-28
088,29.36584269662921,2023-02-28
089B,19.407909604519773,2023-02-28
089A,NA,2023-02-28
090A,69.91385767790263,2023-02-28
091A,14.41237113402062,2023-02-28
091B,8.982625482625483,2023-02-28
093A,21.8884239888424,2023-02-28
093B,19.15944055944056,2023-02-28
093C,38.89249492900608,2023-02-28
093D,34.12828947368421,2023-02-28
093E,28.017624020887727,2023-02-28
094B,16.460651289009498,2023-02-28
096AW2,25.17555373256768,2023-02-28
096AW1,30.730897009966775,2023-02-28
100A,75.68667719852554,2023-02-28
100B,105.78783524904216,2023-02-28
100C,47.00977198697069,2023-02-28
100DE,41.1973597359736,2023-02-28
100G,38.58751279426816,2023-02-28
100M1,24.71417004048583,2023-02-28
100N,43.05137614678899,2023-02-28
102D,6.919082125603865,2023-02-28
102G,12.17878787878788,2023-02-28
102J,10.546052631578949,2023-02-28
106H6,30.65,2023-02-28
106H3,18.94809688581315,2023-02-28
106H4,19.44102564102564,2023-02-28
106H2,10.922659430122115,2023-02-28
106H2,19.81388888888889,2023-02-28
110F,57.04976076555024,2023-02-28
110G,22.314207650273225,2023-02-28
110J,47.307162534435264,2023-02-28
110K,87.86780383795309,2023-02-28
110L,60.54148148148148,2023-02-28
111A,61.02575107296137,2023-02-28
111B,61.58167770419426,2023-02-28
111C,41.76908023483366,2023-02-28
111D,34.237659963436926,2023-02-28
111E,19.5117248566962,2023-02-28
111F,19.87439400617012,2023-02-28
111G,18,2023-02-28
111H,14.834729626808835,2023-02-28
111J,79.61612284069098,2023-02-28
111K,119.6904761904762,2023-02-28
116A,44.4951768488746,2023-02-28
116D,27.81276150627615,2023-02-28
131D,27.362204724409448,2023-02-28
131F,38.47538860103627,2023-02-28
192EN,10.887726638772664,2023-02-28
192ES,11.78012215435869,2023-02-28
203-42,31.61421725239617,2023-02-28
203-41,24.6052471018914,2023-02-28
205C,25.88034188034188,2023-02-28
205E,10.678818353236958,2023-02-28
205W,16.260625501202888,2023-02-28
206SW,5.804459691252144,2023-02-28
207E,22.674242424242426,2023-02-28
207W,50.8321513002364,2023-02-28
208E,19.15882352941177,2023-02-28
208W,8.547407407407407,2023-02-28
209E,10.069055944055943,2023-02-28
209W,8.106029106029107,2023-02-28
210E,54.15505226480836,2023-02-28
210W,7.411163522012578,2023-02-28
211E,45.82525951557093,2023-02-28
211C,50.25928381962865,2023-02-28
211SE,11.623076923076924,2023-02-28
211SWE,82.92712550607287,2023-02-28
211SWW,17.450216450216452,2023-02-28
211W,11.90972972972973,2023-02-28
212E,10.261802575107296,2023-02-28
212W,10.415135135135134,2023-02-28
213E,7.125251172136638,2023-02-28
213W,20.265003371544168,2023-02-28
214E,6.957399103139013,2023-02-28
214W,7.148711943793911,2023-02-28
215E,8.15929203539823,2023-02-28
215W,8.52030456852792,2023-02-28
216E,24.282212445003143,2023-02-28
216W,28.980283425754774,2023-02-28
217E,11.826630434782608,2023-02-28
217W,11.223606168446024,2023-02-28
218E,9.36502546689304,2023-02-28
218W,38.1059718969555,2023-02-28
219E,24.14873837981408,2023-02-28
219W,27.918588873812755,2023-02-28
220E,7.706948640483383,2023-02-28
220W,30.238325281803544,2023-02-28
221E,41.36460412508317,2023-02-28
221S,16.21017402945114,2023-02-28
221W,16.49328449328449,2023-02-28
222E,38.15110356536503,2023-02-28
222W,29.412994350282485,2023-02-28
Barale,32.3125,2023-02-28
BorderTule,16.18829722615914,2023-02-28
8-4,20.668192219679632,2023-02-28
21-1,21.937586685159506,2023-02-28
21-2,21.454251883745965,2023-02-28
5-3,20.57521058965102,2023-02-28
5-2,35.57821405953135,2023-02-28
5-1,25.41646489104116,2023-02-28
32-3,30.90357317670093,2023-02-28
32-2,27.365853658536587,2023-02-28
32-1,26.78877887788779,2023-02-28
21-3,36.13736903376019,2023-02-28
21-4,16.781869688385267,2023-02-28
16-2,13.96116504854369,2023-02-28
9-1,30.1665613147914,2023-02-28
22-1,14.420487106017193,2023-02-28
31-1,20.43134212567882,2023-02-28
31-2,14.254847645429363,2023-02-28
27-2,22.54205195948921,2023-02-28
18-5,25.36933045356372,2023-02-28
24-1,36.66836734693877,2023-02-28
17-2,21.25938566552901,2023-02-28
Staten Island Pilot,0,2023-02-28
D1A_019,64.55319148936171,2023-02-28
D1A_032,78.30188679245283,2023-02-28
D1A_050,41.18945868945869,2023-02-28
D3__017,9.480207657365348,2023-02-28
D3__018,11.34107285828663,2023-02-28
D3__025,19.91761553918285,2023-02-28
D3__074,10.691582491582492,2023-02-28
D3__080,14.13003300330033,2023-02-28
D3__085,10.195804195804197,2023-02-28
D4__010,58.32419609910385,2023-02-28
D4__038,12.108990147783253,2023-02-28
D4__039,10.49207397622193,2023-02-28
D4__056,12.023131672597865,2023-02-28
D4__060,21.137162954279017,2023-02-28
ROOS3,17.345697329376854,2023-02-28
ROOS2,16.88365800865801,2023-02-28
ROOS1,27.47083333333333,2023-02-28
TC014,10.065610859728508,2023-02-28
TC013,17.291159343568026,2023-02-28
TC015,15.920677361853832,2023-02-28
TC016,14.230125523012552,2023-02-28
TC012,14.11830443159923,2023-02-28
Knaggs_011,9.962609690957647,2023-02-28
Knaggs_010,11.458103130755063,2023-02-28
Knaggs_009,12.50351288056206,2023-02-28
TC022,6.739528795811518,2023-02-28
TC023,17.600790513833992,2023-02-28
TC020,11.250486696950032,2023-02-28
TC005,0,2023-02-28
TC006,0,2023-02-28
TC007_008,0,2023-02-28
12-1,37.67381974248927,2023-02-28
24-2W,20.626204238921,2023-02-28
7-1,89.99368088467615,2023-02-28
39-2,18.13793103448276,2023-02-28
15-3,15.044530493707647,2023-02-28
10-4,NA,2023-02-28
6-4,18.581521739130437,2023-02-28
15-8,23.01136363636364,2023-02-28
15-6,28.97668393782384,2023-02-28
4-1,23.886620096722197,2023-02-28
23-1,NA,2023-02-28
17-1,25.9195,2023-02-28
1-3,20.83830606352262,2023-02-28
1-2,16.154802259887006,2023-02-28
13-1,20.71575342465753,2023-02-28
1-4,28.99172185430464,2023-02-28
36-2,23.086601307189543,2023-02-28
3-3/3-4,20.89752863170585,2023-02-28
39-4,21.39444444444445,2023-02-28
6-3,30.39147286821705,2023-02-28
15-1,18.281217750258,2023-02-28
19-1,30.67142857142857,2023-02-28
24-2E,30.756666666666668,2023-02-28
18-6,33.56944444444444,2023-02-28
20-1,47.56686046511628,2023-02-28
,37.34868421052632,2023-02-28
13-3,36.61981132075472,2023-02-28
1-5,23.46551724137931,2023-02-28
36-2,23.0432,2023-02-28
10-2,26.360078277886497,2023-02-28
31-3,30.707650273224044,2023-02-28
31-3,48.391039823008846,2023-02-28
31-4,37.504,2023-02-28
24-2W,20.295336787564768,2023-02-28
17-3,25.804292284108328,2023-02-28
18-3,30.59126984126984,2023-02-28
13-2E,43.23712121212121,2023-02-28
13-5,85.121387283237,2023-02-28
24-2W,22.032442748091604,2023-02-28
10-1,26.629906542056077,2023-02-28
3-1/3-2,13.781512605042018,2023-02-28
39-3,124.62111801242236,2023-02-28
6-2,75.62814070351759,2023-02-28
8-4,21.00445434298441,2023-02-28
33-4,36.66362451108214,2023-02-28
16-3,23.353086419753087,2023-02-28
7-4,28.59765832889835,2023-02-28
20-2,35.543735224586285,2023-02-28
,34.60817717206133,2023-02-28
24-3,23.69811320754717,2023-02-28
24-4,24.019830028328613,2023-02-28
20-3,16.067296340023614,2023-02-28
13-7,8.771875,2023-02-28
7-2,74.65307692307692,2023-02-28
12-2,14.43906510851419,2023-02-28
,24.80116959064328,2023-02-28
15-3,29.693146417445483,2023-02-28
10-4,29.248959778085997,2023-02-28
33-2,21.77142857142857,2023-02-28
38-5,23.69335604770017,2023-02-28
18-2,44.53881541115584,2023-02-28
,21.418032786885245,2023-02-28
18-1,38.07137254901961,2023-02-28
13-2W,49.07740916271722,2023-02-28
7-5,16.2920443101712,2023-02-28
,22.234006734006734,2023-02-28
13-6,14.257142857142858,2023-02-28
39-1,14.129746835443038,2023-02-28
15-2,25.181289947704823,2023-02-28
31-4,37.406392694063925,2023-02-28
9-2,22.412377850162866,2023-02-28
8-2,30.140287769784173,2023-02-28
27-1,12.78189971463514,2023-02-28
7-3,64.76682134570765,2023-02-28
19-2,30.83153638814016,2023-02-28
38-0,9.176512455516017,2023-02-28
,11.458937198067632,2023-02-28
39-3,109.77358490566036,2023-02-28
39-5,108.24752475247524,2023-02-28
39-5,147.12588235294118,2023-02-28
,23.61111111111111,2023-02-28
38-6,19.75854214123007,2023-02-28
8-3,47.47276422764228,2023-02-28
22-2,25.416666666666668,2023-02-28
22-2,30.980392156862745,2023-02-28
22-2,33.138888888888886,2023-02-28
19-1,32.28,2023-02-28
19-1,29.946043165467625,2023-02-28
19-1,32.35686274509804,2023-02-28
19-1,32.64638783269962,2023-02-28
19-1,24.860294117647054,2023-02-28
19-1,28.485221674876847,2023-02-28
19-1,24.174074074074078,2023-02-28
19-1,32.08571428571429,2023-02-28
19-1,34.16428571428571,2023-02-28
19-1,28.262962962962963,2023-02-28
24-2E,21.933753943217667,2023-02-28
24-3,24.204419889502763,2023-02-28
24-3,21.724590163934423,2023-02-28
24-4,22.938028169014085,2023-02-28
24-4,27.557894736842105,2023-02-28
19-2,24.132665832290364,2023-02-28
,24.933333333333334,2023-02-28
36-1,11.956521739130435,2023-02-28
36-1,15.92156862745098,2023-02-28
36-3,24.085271317829456,2023-02-28
23-1,NA,2023-02-28
6-3,50.659574468085104,2023-02-28
6-3,31.84426229508197,2023-02-28
39-3,92.50833333333334,2023-02-28
6-3,18.706666666666667,2023-02-28
6-3,25.40217391304348,2023-02-28
6-4,29,2023-02-28
6-5W,23.339906103286385,2023-02-28
6-5E,24.036866359447004,2023-02-28
22-2,16.081521739130434,2023-02-28
22-2,15.846428571428572,2023-02-28
22-2,21.467391304347824,2023-02-28
22-2,34.375,2023-02-28
,30.04284221525601,2023-02-28
,32.69540768509841,2023-02-28
,16.15532734274711,2023-02-28
,5.95141065830721,2023-02-28
,28.69476082004556,2023-02-28
,34.1177304964539,2023-02-28
,33.05562742561449,2023-02-28
,26.932985204525675,2023-02-28
,31.58178053830228,2023-02-28
23-1,13.737923250564334,2023-02-28
23-2,21.176470588235293,2023-02-28
34-2,35.87234042553192,2023-02-28
28-5,23.645654250238778,2023-02-28
28-4,24.29025974025974,2023-02-28
38-7,16.64354430379747,2023-02-28
28-2,13.899665551839464,2023-02-28
28-1,18.50153374233129,2023-02-28
16-1,36.72980910425844,2023-02-28
4-2,28.54640182351026,2023-02-28
HansHerkert,14.470526037536349,2023-03-02
YoloBasin,22.82037037037037,2023-03-02
HPond,23.35126582278481,2023-03-02
Lucky5,17.855307895731016,2023-03-02
76,8.211557788944724,2023-03-02
70,7.933033707865168,2023-03-02
71,8.02846975088968,2023-03-02
72,10.10728182323513,2023-03-02
64,8.226008344923505,2023-03-02
63,7.409904534606206,2023-03-02
Pond5,11.440104166666666,2023-03-02
Pond6,10.26066897347174,2023-03-02
Pond7,9.15220700152207,2023-03-02
Pond8,10.276507276507276,2023-03-02
Pond9,13.647321428571429,2023-03-02
Pond10,15.419727177334732,2023-03-02
Newstrom,12.753875968992247,2023-03-02
C300,8.605795516675778,2023-03-02
Souza1-4,6.9533011272141705,2023-03-02
Souza106,11.975438596491228,2023-03-02
Dingville1,18.7501601537476,2023-03-02
Dingville3,8.8863796753705,2023-03-02
Dingville4,7.253390875462392,2023-03-02
ShadyOaks(MichaelRue),6.981191222570533,2023-03-02
NorthCreekHouse(R&F Ranch),26.81866313699537,2023-03-02
RioOsoRanch(RioOso),10.784919653893695,2023-03-02
Bluebird(R&F RealEstate),14.353257942918686,2023-03-02
Morrison(MichaelRue),34.14229249011858,2023-03-02
Knaggs,10.773416982783775,2023-03-02
TuleBasin(Chesapeak),23.85202360876897,2023-03-02
TuleBasin,18.91696750902527,2023-03-02
CapOil,16.985906470211404,2023-03-02
TidesEnd,26.28344671201814,2023-03-02
Field 29C,13.835209825997952,2023-03-02
Field 29B,7.835115864527629,2023-03-02
Field 29A,8.2091666666666665,2023-03-02
Field 25E,11.37347294938918,2023-03-02
Field 25D,8.839495798319328,2023-03-02
Field 25C,23.880452342487885,2023-03-02
Field 26EE,12.151187904967603,2023-03-02
Field 26CW,21.87110187110187,2023-03-02
Field 26D - 50% ONLY,39.55106382978723,2023-03-02
Field 18,90.32179226069246,2023-03-02
Field 20A,18.406200735680503,2023-03-02
Field 20B,22.204656199242013,2023-03-02
Field 21,8.85045981607357,2023-03-02
Field and Tule,25.271587743732592,2023-03-02
055D,17.17735220649459,2023-03-02
055E,10.959448499594483,2023-03-02
056A,25.82042833607908,2023-03-02
056B,18.1011583011583,2023-03-02
056F,56.30122116689281,2023-03-02
056E,29.429718875502008,2023-03-02
056G,26.01516853932584,2023-03-02
056H,96.51046511627906,2023-03-02
056I,29.3490675990676,2023-03-02
056J,9.371933827723902,2023-03-02
056K,29.428225317989096,2023-03-02
056L,10.905100830367736,2023-03-02
056M,39.29539106145251,2023-03-02
056N,45.96996466431096,2023-03-02
056P,9.792067307692308,2023-03-02
056Q,9.083090379008746,2023-03-02
061,58.78851174934726,2023-03-02
068B,44.80580075662043,2023-03-02
069A3,31.81159420289855,2023-03-02
069B,23.59454653230587,2023-03-02
069C,29.245502645502647,2023-03-02
072A,56.83499005964215,2023-03-02
072B,56.33101265822785,2023-03-02
076A1,89.8996383363472,2023-03-02
076A1,89.8996383363472,2023-03-02
076B,84.0487106017192,2023-03-02
076CW,37.94760614272809,2023-03-02
078A,110.63816604708798,2023-03-02
078B,89.37333333333333,2023-03-02
078C,69.22375,2023-03-02
088,20.764044943820224,2023-03-02
089B,30.308474576271188,2023-03-02
089A,NA,2023-03-02
090A,64.62359550561797,2023-03-02
091A,15.708762886597938,2023-03-02
091B,10.283783783783784,2023-03-02
093A,21.75174337517434,2023-03-02
093B,23.62937062937063,2023-03-02
093C,37.100743745774174,2023-03-02
093D,30.23355263157895,2023-03-02
093E,28.41840731070496,2023-03-02
094B,16.61227951153324,2023-03-02
096AW2,28.36259228876128,2023-03-02
096AW1,31.457641196013288,2023-03-02
100A,77.74776197998946,2023-03-02
100B,91.2677203065134,2023-03-02
100C,47.96742671009772,2023-03-02
100DE,44.24026402640264,2023-03-02
100G,46.59672466734903,2023-03-02
100M1,29.84372469635628,2023-03-02
100N,41.05045871559633,2023-03-02
102D,7.14975845410628,2023-03-02
102G,12.037575757575755,2023-03-02
102J,12.330043859649123,2023-03-02
106H6,27.491666666666667,2023-03-02
106H3,19.352941176470587,2023-03-02
106H4,18.08888888888889,2023-03-02
106H2,12.639077340569878,2023-03-02
106H2,16.622222222222224,2023-03-02
110F,53.07272727272727,2023-03-02
110G,24.98497267759563,2023-03-02
110J,47.31864095500459,2023-03-02
110K,94.0268656716418,2023-03-02
110L,68.56925925925925,2023-03-02
111A,85.34334763948497,2023-03-02
111B,91.14790286975716,2023-03-02
111C,49.07827788649706,2023-03-02
111D,47.053016453382085,2023-03-02
111E,14.37832204273059,2023-03-02
111F,16.63111502864698,2023-03-02
111G,15.164770141101505,2023-03-02
111H,20.354150799695358,2023-03-02
111J,94.05374280230326,2023-03-02
111K,138.26785714285714,2023-03-02
116A,54.86816720257234,2023-03-02
116D,26.6652719665272,2023-03-02
131D,30.248031496062996,2023-03-02
131F,46.340673575129536,2023-03-02
192EN,10.244769874476988,2023-03-02
192ES,11.010549694614104,2023-03-02
203-42,41.93370607028754,2023-03-02
203-41,33.79926784624771,2023-03-02
205C,36.797435897435896,2023-03-02
205E,9.958516656191074,2023-03-02
205W,24.145950280673617,2023-03-02
206SW,7.114922813036021,2023-03-02
207E,29.47222222222222,2023-03-02
207W,69.66193853427896,2023-03-02
208E,29.77279411764706,2023-03-02
208W,10.323703703703703,2023-03-02
209E,11.701923076923077,2023-03-02
209W,9.11850311850312,2023-03-02
210E,70.15156794425087,2023-03-02
210W,8.5267295597484285,2023-03-02
211E,54.444059976931946,2023-03-02
211C,46.81167108753316,2023-03-02
211SE,17.43076923076923,2023-03-02
211SWE,91.49392712550608,2023-03-02
211SWW,20.865800865800868,2023-03-02
211W,11.358378378378378,2023-03-02
212E,10.119635193133048,2023-03-02
212W,9.773513513513514,2023-03-02
213E,9.07032819825854,2023-03-02
213W,35.550910316925155,2023-03-02
214E,9.491031390134529,2023-03-02
214W,8.694379391100703,2023-03-02
215E,8.45764854614412,2023-03-02
215W,9.187817258883248,2023-03-02
216E,33.267756128221244,2023-03-02
216W,41.72027110289587,2023-03-02
217E,12.701086956521738,2023-03-02
217W,12.306049822064058,2023-03-02
218E,9.9490662139219,2023-03-02
218W,56.39695550351288,2023-03-02
219E,38.96347941567065,2023-03-02
219W,45.75576662143826,2023-03-02
220E,9.128398791540786,2023-03-02
220W,56.42190016103059,2023-03-02
221E,58.52761144377911,2023-03-02
221S,23.211512717536813,2023-03-02
221W,16.92979242979243,2023-03-02
222E,32.589700056593095,2023-03-02
222W,34.17627118644068,2023-03-02
Barale,28.6796875,2023-03-02
BorderTule,19.66815144766147,2023-03-02
8-4,29.31121281464531,2023-03-02
21-1,30.7628294036061,2023-03-02
21-2,30.85091496232508,2023-03-02
5-3,30.431407942238263,2023-03-02
5-2,40.71437618746042,2023-03-02
5-1,32.17796610169491,2023-03-02
32-3,39.99314733235438,2023-03-02
32-2,28.216385240775484,2023-03-02
32-1,32.436743674367435,2023-03-02
21-3,22.256111757857976,2023-03-02
21-4,22.05854579792257,2023-03-02
16-2,12.397669902912622,2023-03-02
9-1,29.556890012642224,2023-03-02
22-1,15.455587392550145,2023-03-02
31-1,20,2023-03-02
31-2,14.1101108033241,2023-03-02
27-2,19.992073976221928,2023-03-02
18-5,24.15766738660907,2023-03-02
24-1,33.621428571428574,2023-03-02
17-2,27.308142369575812,2023-03-02
Staten Island Pilot,14.575029081039162,2023-03-02
D1A_019,55.3317572892041,2023-03-02
D1A_032,63.58490566037736,2023-03-02
D1A_050,16.269705603038936,2023-03-02
D3__017,8.63465282284231,2023-03-02
D3__018,9.807846277021618,2023-03-02
D3__025,23.817146684527795,2023-03-02
D3__074,8.857239057239058,2023-03-02
D3__080,14.811221122112212,2023-03-02
D3__085,10.26509853782581,2023-03-02
D4__010,54.28993147074328,2023-03-02
D4__038,9.83682266009852,2023-03-02
D4__039,9.637384412153237,2023-03-02
D4__056,11.09252669039146,2023-03-02
D4__060,15.738569753810085,2023-03-02
ROOS3,22.11671612265084,2023-03-02
ROOS2,19.98106060606061,2023-03-02
ROOS1,30.777083333333334,2023-03-02
TC014,15.585972850678733,2023-03-02
TC013,16.99470619375331,2023-03-02
TC015,15.396613190730838,2023-03-02
TC016,12.246861924686192,2023-03-02
TC012,20.667052023121386,2023-03-02
Knaggs_011,10.68256390690576,2023-03-02
Knaggs_010,13.175874769797424,2023-03-02
Knaggs_009,8.378922716627635,2023-03-02
TC022,6.272905759162303,2023-03-02
TC023,17.88076416337286,2023-03-02
TC020,9.780661907852044,2023-03-02
TC005,0,2023-03-02
TC006,0,2023-03-02
TC007_008,0,2023-03-02
12-1,38.497854077253216,2023-03-02
24-2W,23.418111753371868,2023-03-02
7-1,84.62480252764612,2023-03-02
39-2,14.703853955375251,2023-03-02
15-3,18.20329138431752,2023-03-02
10-4,NA,2023-03-02
6-4,23.244565217391305,2023-03-02
15-8,26.866477272727277,2023-03-02
15-6,34.88341968911917,2023-03-02
4-1,25.82267598065556,2023-03-02
23-1,NA,2023-03-02
17-1,36.7615,2023-03-02
1-3,22.893166506256016,2023-03-02
1-2,16.325423728813558,2023-03-02
13-1,25.304794520547944,2023-03-02
1-4,28.698675496688743,2023-03-02
36-2,24.416666666666668,2023-03-02
3-3/3-4,24.39240506329114,2023-03-02
39-4,16.60462962962963,2023-03-02
6-3,28.949612403100776,2023-03-02
15-1,16.74716202270382,2023-03-02
19-1,24.892857142857142,2023-03-02
24-2E,30.476666666666667,2023-03-02
18-6,27.15277777777778,2023-03-02
20-1,42.70813953488372,2023-03-02
,38.94736842105263,2023-03-02
13-3,35.83679245283019,2023-03-02
1-5,22.367816091954023,2023-03-02
36-2,26.1344,2023-03-02
10-2,31.276908023483365,2023-03-02
31-3,32.71584699453552,2023-03-02
31-3,49.788716814159294,2023-03-02
31-4,34.608,2023-03-02
24-2W,20.2279792746114,2023-03-02
17-3,29.29790495656617,2023-03-02
18-3,26.339002267573697,2023-03-02
13-2E,42.3310606060606,2023-03-02
13-5,78.23410404624278,2023-03-02
24-2W,24.3587786259542,2023-03-02
10-1,21.955140186915887,2023-03-02
3-1/3-2,14.31372549019608,2023-03-02
39-3,78.2919254658385,2023-03-02
6-2,67.91122278056952,2023-03-02
8-4,29.498886414253896,2023-03-02
33-4,33.14863102998696,2023-03-02
16-3,20.53148148148148,2023-03-02
7-4,25.24161788185205,2023-03-02
20-2,34.0112293144208,2023-03-02
,36.70187393526405,2023-03-02
24-3,20.650943396226417,2023-03-02
24-4,30.56373937677054,2023-03-02
20-3,18.33293978748524,2023-03-02
13-7,9.371875,2023-03-02
7-2,67.62923076923077,2023-03-02
12-2,18.86644407345576,2023-03-02
,19.00584795321637,2023-03-02
15-3,23.17030114226376,2023-03-02
10-4,35.675450762829406,2023-03-02
33-2,20.71904761904762,2023-03-02
38-5,18.35604770017036,2023-03-02
18-2,37.41058079355952,2023-03-02
,23.68032786885246,2023-03-02
18-1,40.2243137254902,2023-03-02
13-2W,43.54107424960505,2023-03-02
7-5,13.281973816717018,2023-03-02
,21.614478114478118,2023-03-02
13-6,16.84,2023-03-02
39-1,12.004746835443038,2023-03-02
15-2,27.79546775130738,2023-03-02
31-4,35.15068493150685,2023-03-02
9-2,28.81172638436482,2023-03-02
8-2,32.40935251798561,2023-03-02
27-1,15.02282918874847,2023-03-02
7-3,57.2169373549884,2023-03-02
19-2,20.265498652291104,2023-03-02
38-0,10.40711743772242,2023-03-02
,7.57487922705314,2023-03-02
39-3,79.23113207547169,2023-03-02
39-5,84.67326732673267,2023-03-02
39-5,62.66352941176471,2023-03-02
,20.97222222222222,2023-03-02
38-6,18.81928625664389,2023-03-02
8-3,40.38252032520325,2023-03-02
22-2,21.131666666666668,2023-03-02
22-2,29.475490196078432,2023-03-02
22-2,34.09722222222222,2023-03-02
19-1,22.685714285714287,2023-03-02
19-1,20.014388489208635,2023-03-02
19-1,22.07058823529412,2023-03-02
19-1,21.068441064638783,2023-03-02
19-1,22.698529411764707,2023-03-02
19-1,26.9384236453202,2023-03-02
19-1,24.73703703703704,2023-03-02
19-1,22.65714285714286,2023-03-02
19-1,23.189285714285717,2023-03-02
19-1,23.20740740740741,2023-03-02
24-2E,22.22712933753943,2023-03-02
24-3,20.46132596685083,2023-03-02
24-3,20.20655737704918,2023-03-02
24-4,21.864788732394366,2023-03-02
24-4,33.835087719298244,2023-03-02
19-2,18.060075093867333,2023-03-02
,30.77777777777778,2023-03-02
36-1,8.729468599033817,2023-03-02
36-1,12.357843137254902,2023-03-02
36-3,18.6046511627907,2023-03-02
23-1,NA,2023-03-02
6-3,62.6063829787234,2023-03-02
6-3,33.85245901639344,2023-03-02
39-3,83.5,2023-03-02
6-3,20.593333333333334,2023-03-02
6-3,26.08695652173913,2023-03-02
6-4,39.64516129032258,2023-03-02
6-5W,26.228169014084507,2023-03-02
6-5E,24.912442396313363,2023-03-02
22-2,16.83695652173913,2023-03-02
22-2,17.882142857142856,2023-03-02
22-2,23.594202898550726,2023-03-02
22-2,31.975,2023-03-02
,30.748171368861023,2023-03-02
,32.0834114339269,2023-03-02
,14.838254172015404,2023-03-02
,5.255485893416928,2023-03-02
,29.27107061503417,2023-03-02
,36.266666666666666,2023-03-02
,33.809831824062094,2023-03-02
,31.029590948651,2023-03-02
,27.443064182194615,2023-03-02
23-1,11.902708803611738,2023-03-02
23-2,28.57598039215686,2023-03-02
34-2,50.41489361702128,2023-03-02
28-5,19.088347659980897,2023-03-02
28-4,31.552597402597403,2023-03-02
38-7,17.196962025316456,2023-03-02
28-2,16.494983277591974,2023-03-02
28-1,24.997443762781185,2023-03-02
16-1,37.360499265785606,2023-03-02
4-2,28.37805275154673,2023-03-02
HansHerkert,5.191382500660851,2023-03-07
YoloBasin,24.258333333333333,2023-03-07
HPond,20.772151898734176,2023-03-07
Lucky5,17.843596524367207,2023-03-07
76,16.59497487437186,2023-03-07
70,6.02876404494382,2023-03-07
71,5.348246059989832,2023-03-07
72,21.665925514174543,2023-03-07
64,6.601529902642559,2023-03-07
63,7.3323389021479715,2023-03-07
Pond5,12.515625,2023-03-07
Pond6,23.034602076124568,2023-03-07
Pond7,8.89345509893455,2023-03-07
Pond8,10.12058212058212,2023-03-07
Pond9,10.776785714285714,2023-03-07
Pond10,13.007345225603355,2023-03-07
Newstrom,11.013565891472869,2023-03-07
C300,8.230180426462548,2023-03-07
Souza1-4,9.77536231884058,2023-03-07
Souza106,10.714912280701755,2023-03-07
Dingville1,12.992953235105702,2023-03-07
Dingville3,13.69724770642202,2023-03-07
Dingville4,12.36498150431566,2023-03-07
ShadyOaks(MichaelRue),15.20689655172414,2023-03-07
NorthCreekHouse(R&F Ranch),29.927862342819324,2023-03-07
RioOsoRanch(RioOso),20.762669962917183,2023-03-07
Bluebird(R&F RealEstate),28.56327409800754,2023-03-07
Morrison(MichaelRue),32.09090909090909,2023-03-07
Knaggs,15.202071782900497,2023-03-07
TuleBasin(Chesapeak),24.22765598650928,2023-03-07
TuleBasin,29.441235459286,2023-03-07
CapOil,31.25240230621397,2023-03-07
TidesEnd,23.98775510204081,2023-03-07
Field 29C,6.053224155578301,2023-03-07
Field 29B,3.696078431372549,2023-03-07
Field 29A,4.86,2023-03-07
Field 25E,5.8760907504363,2023-03-07
Field 25D,5.144537815126051,2023-03-07
Field 25C,8.826332794830371,2023-03-07
Field 26EE,16.17278617710583,2023-03-07
Field 26CW,15.525987525987526,2023-03-07
Field 26D - 50% ONLY,29.71276595744681,2023-03-07
Field 18,47.46537678207739,2023-03-07
Field 20A,10.06988964792433,2023-03-07
Field 20B,10.911207363291824,2023-03-07
Field 21,16.071971211515393,2023-03-07
Field and Tule,29.136888181456428,2023-03-07
055D,9.84179850124896,2023-03-07
055E,6.884833738848338,2023-03-07
056A,23.943163097199346,2023-03-07
056B,14.37065637065637,2023-03-07
056F,47.09633649932157,2023-03-07
056E,20.58768406961178,2023-03-07
056G,19.4247191011236,2023-03-07
056H,63.27441860465116,2023-03-07
056I,24.78438228438229,2023-03-07
056J,43.32915002852253,2023-03-07
056K,36.23319200484555,2023-03-07
056L,11.54982206405694,2023-03-07
056M,14.983938547486034,2023-03-07
056N,30.550353356890454,2023-03-07
056P,19.32692307692308,2023-03-07
056Q,11.905247813411078,2023-03-07
061,63.28067885117493,2023-03-07
068B,29.042244640605297,2023-03-07
069A3,23.031620553359684,2023-03-07
069B,19.2732661529342,2023-03-07
069C,26.952380952380956,2023-03-07
072A,37.14446653412856,2023-03-07
072B,49.44873417721519,2023-03-07
076A1,77.40596745027125,2023-03-07
076A1,77.40596745027125,2023-03-07
076B,77.15759312320917,2023-03-07
076CW,23.42276422764228,2023-03-07
078A,94.25278810408922,2023-03-07
078B,90.02933333333333,2023-03-07
078C,73.765,2023-03-07
088,26.39101123595505,2023-03-07
089B,13.299435028248588,2023-03-07
089A,NA,2023-03-07
090A,44.45505617977528,2023-03-07
091A,8.679123711340207,2023-03-07
091B,6.5546975546975546,2023-03-07
093A,14.638772663877266,2023-03-07
093B,13.31048951048951,2023-03-07
093C,25.073022312373222,2023-03-07
093D,20.719736842105263,2023-03-07
093E,18.473890339425587,2023-03-07
094B,9.336499321573948,2023-03-07
096AW2,15.965545529122233,2023-03-07
096AW1,17.903654485049834,2023-03-07
100A,51.66771985255397,2023-03-07
100B,58.21791187739464,2023-03-07
100C,27.775244299674267,2023-03-07
100DE,26.23564356435644,2023-03-07
100G,27.365404298874104,2023-03-07
100M1,18.391093117408907,2023-03-07
100N,22.90366972477064,2023-03-07
102D,4.9227053140096615,2023-03-07
102G,8.295151515151515,2023-03-07
102J,8.093201754385966,2023-03-07
106H6,23.6,2023-03-07
106H3,10.474048442906575,2023-03-07
106H4,11.52991452991453,2023-03-07
106H2,7.029850746268656,2023-03-07
106H2,11.958333333333334,2023-03-07
110F,35.67177033492823,2023-03-07
110G,13.46174863387978,2023-03-07
110J,29.614784205693297,2023-03-07
110K,58.808102345415776,2023-03-07
110L,38.33148148148148,2023-03-07
111A,56.4549356223176,2023-03-07
111B,51.39845474613686,2023-03-07
111C,34.40704500978474,2023-03-07
111D,38.97440585009141,2023-03-07
111E,11.983845752996352,2023-03-07
111F,10.687968267959452,2023-03-07
111G,10.26900318616295,2023-03-07
111H,16.75856816450876,2023-03-07
111J,71.42610364683301,2023-03-07
111K,101.41964285714286,2023-03-07
116A,32.260450160771704,2023-03-07
116D,16.606694560669457,2023-03-07
131D,16.898950131233597,2023-03-07
131F,26.397668393782386,2023-03-07
192EN,7.960251046025105,2023-03-07
192ES,7.455302609661299,2023-03-07
203-42,23.2555910543131,2023-03-07
203-41,18.205003050640634,2023-03-07
205C,20.35213675213675,2023-03-07
205E,16.708988057825266,2023-03-07
205W,20.759422614274257,2023-03-07
206SW,4.041166380789022,2023-03-07
207E,24.08333333333333,2023-03-07
207W,35.88416075650118,2023-03-07
208E,15.87279411764706,2023-03-07
208W,6.584444444444444,2023-03-07
209E,8.344405594405595,2023-03-07
209W,4.107068607068607,2023-03-07
210E,38.93205574912892,2023-03-07
210W,5.657232704402516,2023-03-07
211E,31.550749711649367,2023-03-07
211C,30.73474801061008,2023-03-07
211SE,9.226923076923075,2023-03-07
211SWE,53.42914979757085,2023-03-07
211SWW,15.87012987012987,2023-03-07
211W,18.476216216216216,2023-03-07
212E,20.851394849785407,2023-03-07
212W,8.065405405405405,2023-03-07
213E,4.013395847287341,2023-03-07
213W,18.67363452461227,2023-03-07
214E,5.815022421524664,2023-03-07
214W,4.901639344262295,2023-03-07
215E,4.5120101137800255,2023-03-07
215W,6.435279187817259,2023-03-07
216E,16.406033940917663,2023-03-07
216W,22.34380776340111,2023-03-07
217E,11.93695652173913,2023-03-07
217W,15.93534994068802,2023-03-07
218E,8.380305602716469,2023-03-07
218W,28.201405152224822,2023-03-07
219E,18.673306772908365,2023-03-07
219W,24.92265943012212,2023-03-07
220E,5.7039274924471295,2023-03-07
220W,32.64412238325282,2023-03-07
221E,31.73586161011311,2023-03-07
221S,12.372155287817938,2023-03-07
221W,17.73992673992674,2023-03-07
222E,29.295981890209397,2023-03-07
222W,27.11694915254237,2023-03-07
Barale,34.4921875,2023-03-07
BorderTule,14.046365661064993,2023-03-07
8-4,32.19908466819222,2023-03-07
21-1,23.62505779010633,2023-03-07
21-2,25.704520990312165,2023-03-07
5-3,41.72563176895307,2023-03-07
5-2,58.36035465484484,2023-03-07
5-1,32.059322033898304,2023-03-07
32-3,40.60254527655409,2023-03-07
32-2,25.509693558474048,2023-03-07
32-1,55.035203520352034,2023-03-07
21-3,18.660069848661237,2023-03-07
21-4,21.369216241737487,2023-03-07
16-2,9.313009708737864,2023-03-07
9-1,19.9039190897598,2023-03-07
22-1,8.62893982808023,2023-03-07
31-1,18.050426687354538,2023-03-07
31-2,9.336565096952908,2023-03-07
27-2,19.16688683399384,2023-03-07
18-5,17.183585313174945,2023-03-07
24-1,26.12295918367347,2023-03-07
17-2,22.45831301803998,2023-03-07
Staten Island Pilot,10.68243505234587,2023-03-07
D1A_019,42.25059101654846,2023-03-07
D1A_032,51.68107121119903,2023-03-07
D1A_050,25.874169040835707,2023-03-07
D3__017,6.344581440622972,2023-03-07
D3__018,8.452361889511609,2023-03-07
D3__025,20.11051574012056,2023-03-07
D3__074,7.104377104377105,2023-03-07
D3__080,14.687788778877888,2023-03-07
D3__085,5.322949777495232,2023-03-07
D4__010,32.872957301001584,2023-03-07
D4__038,11.783251231527094,2023-03-07
D4__039,6.4445178335535,2023-03-07
D4__056,5.784697508896797,2023-03-07
D4__060,11.23915592028136,2023-03-07
ROOS3,31.240850642927796,2023-03-07
ROOS2,17.495670995670995,2023-03-07
ROOS1,37.454166666666666,2023-03-07
TC014,8.276018099547512,2023-03-07
TC013,10.784012705134993,2023-03-07
TC015,13.96524064171123,2023-03-07
TC016,11.669456066945608,2023-03-07
TC012,34.50134874759152,2023-03-07
Knaggs_011,15.288057993132393,2023-03-07
Knaggs_010,9.531307550644566,2023-03-07
Knaggs_009,19.926932084309133,2023-03-07
TC022,4.829842931937173,2023-03-07
TC023,12.25889328063241,2023-03-07
TC020,10.7384815055159,2023-03-07
TC005,0,2023-03-07
TC006,0,2023-03-07
TC007_008,0,2023-03-07
12-1,36.67381974248927,2023-03-07
24-2W,17.447013487475914,2023-03-07
7-1,56.29304897314376,2023-03-07
39-2,11.056795131845842,2023-03-07
15-3,28.87899322362052,2023-03-07
10-4,NA,2023-03-07
6-4,22.72826086956522,2023-03-07
15-8,19.755681818181817,2023-03-07
15-6,28.474093264248705,2023-03-07
4-1,29.64911337990328,2023-03-07
23-1,NA,2023-03-07
17-1,36.022,2023-03-07
1-3,14.306063522617904,2023-03-07
1-2,12.16045197740113,2023-03-07
13-1,17.554794520547944,2023-03-07
1-4,23.700331125827816,2023-03-07
36-2,15.418300653594772,2023-03-07
3-3/3-4,27.11392405063291,2023-03-07
39-4,13.298148148148147,2023-03-07
6-3,21.302325581395348,2023-03-07
15-1,12.726522187822498,2023-03-07
19-1,23.27857142857143,2023-03-07
24-2E,22.49333333333333,2023-03-07
18-6,22.819444444444443,2023-03-07
20-1,29.05872093023256,2023-03-07
,32.88815789473684,2023-03-07
13-3,23.54811320754717,2023-03-07
1-5,17.00191570881226,2023-03-07
36-2,25.816,2023-03-07
10-2,31.21917808219178,2023-03-07
31-3,21.25,2023-03-07
31-3,32.232300884955755,2023-03-07
31-4,25.048,2023-03-07
24-2W,18.492227979274613,2023-03-07
17-3,28.70056208482371,2023-03-07
18-3,21.14399092970521,2023-03-07
13-2E,32.643181818181816,2023-03-07
13-5,49.06791907514451,2023-03-07
24-2W,17.208015267175572,2023-03-07
10-1,50.94018691588785,2023-03-07
3-1/3-2,9.77450980392157,2023-03-07
39-3,51.524844720496894,2023-03-07
6-2,47.402010050251256,2023-03-07
8-4,32.04008908685969,2023-03-07
33-4,23.910039113428944,2023-03-07
16-3,13.808641975308642,2023-03-07
7-4,19.359233634912187,2023-03-07
20-2,24.6128841607565,2023-03-07
,26.19250425894378,2023-03-07
24-3,18.556603773584907,2023-03-07
24-4,18.06798866855524,2023-03-07
20-3,11.819362455726091,2023-03-07
13-7,3.84375,2023-03-07
7-2,49.99,2023-03-07
12-2,12.258764607679463,2023-03-07
,24.01169590643275,2023-03-07
15-3,19.457943925233646,2023-03-07
10-4,42.97572815533981,2023-03-07
33-2,14.455555555555556,2023-03-07
38-5,15.068143100511072,2023-03-07
18-2,31.2691201840138,2023-03-07
,30.06967213114754,2023-03-07
18-1,35.04156862745098,2023-03-07
13-2W,34.93285939968404,2023-03-07
7-5,12.153071500503524,2023-03-07
,23.24579124579125,2023-03-07
13-6,8.165714285714285,2023-03-07
39-1,9.522151898734178,2023-03-07
15-2,22.739686228936662,2023-03-07
31-4,27.365296803652967,2023-03-07
9-2,42.24788273615635,2023-03-07
8-2,20.20575539568345,2023-03-07
27-1,14.697513249082755,2023-03-07
7-3,45.0077339520495,2023-03-07
19-2,18.52021563342318,2023-03-07
38-0,3.6419928825622776,2023-03-07
,6.42512077294686,2023-03-07
39-3,46.31603773584906,2023-03-07
39-5,50.52475247524752,2023-03-07
39-5,56.39176470588235,2023-03-07
,17.833333333333332,2023-03-07
38-6,20.612756264236904,2023-03-07
8-3,32.827642276422765,2023-03-07
22-2,20.62833333333333,2023-03-07
22-2,23.323529411764707,2023-03-07
22-2,24.0625,2023-03-07
19-1,23.86285714285714,2023-03-07
19-1,21.942446043165468,2023-03-07
19-1,24.749019607843135,2023-03-07
19-1,22.55513307984791,2023-03-07
19-1,23.238970588235293,2023-03-07
19-1,24.733990147783253,2023-03-07
19-1,24.55555555555556,2023-03-07
19-1,23.70952380952381,2023-03-07
19-1,23.53214285714286,2023-03-07
19-1,23.796296296296298,2023-03-07
24-2E,17.615141955835963,2023-03-07
24-3,19.61878453038674,2023-03-07
24-3,16.82622950819672,2023-03-07
24-4,17.23098591549296,2023-03-07
24-4,20.62456140350877,2023-03-07
19-2,15.055694618272842,2023-03-07
,24.044444444444444,2023-03-07
36-1,5.265700483091788,2023-03-07
36-1,9.700980392156865,2023-03-07
36-3,15.713178294573645,2023-03-07
23-1,NA,2023-03-07
6-3,35.38297872340426,2023-03-07
6-3,24.65573770491803,2023-03-07
39-3,41.8,2023-03-07
6-3,18.793333333333333,2023-03-07
6-3,21.96195652173913,2023-03-07
6-4,29.83467741935484,2023-03-07
6-5W,33.90798122065728,2023-03-07
6-5E,31.06912442396313,2023-03-07
22-2,11.809782608695652,2023-03-07
22-2,12.314285714285717,2023-03-07
22-2,16.702898550724637,2023-03-07
22-2,22.555,2023-03-07
,23.34169278996865,2023-03-07
,25.79287722586692,2023-03-07
,13.450577663671371,2023-03-07
,5.622257053291536,2023-03-07
,20.170842824601365,2023-03-07
,27.09645390070922,2023-03-07
,28.063389391979303,2023-03-07
,22.43864229765013,2023-03-07
,26.080745341614907,2023-03-07
23-1,8.27742663656885,2023-03-07
23-2,17.791666666666668,2023-03-07
34-2,27.680851063829788,2023-03-07
28-5,12.04393505253104,2023-03-07
28-4,37.2448051948052,2023-03-07
38-7,13.263291139240506,2023-03-07
28-2,10.130434782608695,2023-03-07
28-1,22.98159509202454,2023-03-07
16-1,39.27533039647577,2023-03-07
4-2,22.847606642787365,2023-03-07
HansHerkert,5.834258524980174,2023-03-12
YoloBasin,26.45324074074074,2023-03-12
HPond,18.852742616033755,2023-03-12
Lucky5,17.42085379675104,2023-03-12
76,19.576884422110552,2023-03-12
70,6.972584269662922,2023-03-12
71,5.744789018810371,2023-03-12
72,22.540856031128406,2023-03-12
64,7.913769123783032,2023-03-12
63,8.974940334128878,2023-03-12
Pond5,31.98828125,2023-03-12
Pond6,40.3437139561707,2023-03-12
Pond7,25.91628614916286,2023-03-12
Pond8,28.429313929313928,2023-03-12
Pond9,10.421875,2023-03-12
Pond10,26.507869884575022,2023-03-12
Newstrom,9.747416020671835,2023-03-12
C300,8.049753963914707,2023-03-12
Souza1-4,9.655394524959744,2023-03-12
Souza106,10.236842105263158,2023-03-12
Dingville1,10.33183856502242,2023-03-12
Dingville3,12.220183486238533,2023-03-12
Dingville4,11.636868064118373,2023-03-12
ShadyOaks(MichaelRue),18.3307210031348,2023-03-12
NorthCreekHouse(R&F Ranch),37.5506287227002,2023-03-12
RioOsoRanch(RioOso),24.80716934487021,2023-03-12
Bluebird(R&F RealEstate),32.549811523963385,2023-03-12
Morrison(MichaelRue),29.02258610954263,2023-03-12
Knaggs,6.302888824044354,2023-03-12
TuleBasin(Chesapeak),27.75316188870152,2023-03-12
TuleBasin,10.67348576012836,2023-03-12
CapOil,36.2017937219731,2023-03-12
TidesEnd,24.97959183673469,2023-03-12
Field 29C,6.508700102354146,2023-03-12
Field 29B,6.275401069518717,2023-03-12
Field 29A,6.964166666666666,2023-03-12
Field 25E,6.0680628272251305,2023-03-12
Field 25D,6.2100840336134455,2023-03-12
Field 25C,9.605815831987076,2023-03-12
Field 26EE,19.34557235421166,2023-03-12
Field 26CW,19.794178794178794,2023-03-12
Field 26D - 50% ONLY,38.00957446808511,2023-03-12
Field 18,57.59470468431772,2023-03-12
Field 20A,8.918024172359432,2023-03-12
Field 20B,10.594477531131565,2023-03-12
Field 21,18.556177528988403,2023-03-12
Field and Tule,22.100278551532032,2023-03-12
055D,7.507077435470442,2023-03-12
055E,5.772100567721005,2023-03-12
056A,39.58237232289951,2023-03-12
056B,10.447104247104248,2023-03-12
056F,58.65332428765264,2023-03-12
056E,29.095716198125835,2023-03-12
056G,21.964044943820223,2023-03-12
056H,61.49476744186047,2023-03-12
056I,26.10955710955711,2023-03-12
056J,32.49458071876783,2023-03-12
056K,27.493034524530582,2023-03-12
056L,13.994068801897985,2023-03-12
056M,20.89804469273743,2023-03-12
056N,36.99293286219081,2023-03-12
056P,27.89423076923077,2023-03-12
056Q,12.947521865889213,2023-03-12
061,111.25456919060052,2023-03-12
068B,27.774274905422445,2023-03-12
069A3,39.30566534914361,2023-03-12
069B,25.901600474214582,2023-03-12
069C,36.36031746031746,2023-03-12
072A,48.42412193505633,2023-03-12
072B,79.73481012658227,2023-03-12
076A1,123.51989150090417,2023-03-12
076A1,123.51989150090417,2023-03-12
076B,135.82139446036294,2023-03-12
076CW,32.79584462511292,2023-03-12
078A,121.30235439900868,2023-03-12
078B,140.57866666666666,2023-03-12
078C,121.72625,2023-03-12
088,33.10561797752809,2023-03-12
089B,15.83446327683616,2023-03-12
089A,NA,2023-03-12
090A,67.38014981273409,2023-03-12
091A,17.132731958762886,2023-03-12
091B,9.217503217503218,2023-03-12
093A,18.02231520223152,2023-03-12
093B,13.93006993006993,2023-03-12
093C,32.71264367816092,2023-03-12
093D,27.55921052631579,2023-03-12
093E,17.808746736292427,2023-03-12
094B,13.370081411126188,2023-03-12
096AW2,20.271534044298605,2023-03-12
096AW1,24.009136212624583,2023-03-12
100A,73.49499736703528,2023-03-12
100B,89.64990421455938,2023-03-12
100C,39.30944625407166,2023-03-12
100DE,21.32409240924093,2023-03-12
100G,29.645854657113613,2023-03-12
100M1,21.62834008097166,2023-03-12
100N,36.78073394495413,2023-03-12
102D,5.700483091787439,2023-03-12
102G,10.672727272727272,2023-03-12
102J,8.655701754385966,2023-03-12
106H6,24.266666666666666,2023-03-12
106H3,16.903114186851212,2023-03-12
106H4,19.12136752136752,2023-03-12
106H2,10.343283582089551,2023-03-12
106H2,17.552777777777777,2023-03-12
110F,39.3177033492823,2023-03-12
110G,17.920765027322403,2023-03-12
110J,31.610192837465565,2023-03-12
110K,54.9680170575693,2023-03-12
110L,23.904814814814817,2023-03-12
111A,62.9549356223176,2023-03-12
111B,74.59713024282561,2023-03-12
111C,40.28962818003914,2023-03-12
111D,40.284277879341865,2023-03-12
111E,18.266805627931213,2023-03-12
111F,15.82547377699427,2023-03-12
111G,14.504779244424215,2023-03-12
111H,22.626808834729623,2023-03-12
111J,101.59692898272552,2023-03-12
111K,135.70238095238096,2023-03-12
116A,35.964630225080384,2023-03-12
116D,22.75,2023-03-12
131D,21.17979002624672,2023-03-12
131F,39.64507772020725,2023-03-12
192EN,8.313807531380753,2023-03-12
192ES,7.600777345918934,2023-03-12
203-42,30.384984025559103,2023-03-12
203-41,23.707748627211718,2023-03-12
205C,23.782905982905984,2023-03-12
205E,24.72470144563168,2023-03-12
205W,14.721732157177223,2023-03-12
206SW,4.57975986277873,2023-03-12
207E,24.181818181818183,2023-03-12
207W,33.946414499605986,2023-03-12
208E,20.87058823529412,2023-03-12
208W,8.367407407407407,2023-03-12
209E,10.198426573426572,2023-03-12
209W,5.901247401247401,2023-03-12
210E,41.12979094076655,2023-03-12
210W,6.7578616352201255,2023-03-12
211E,35.438869665513266,2023-03-12
211C,36.29708222811671,2023-03-12
211SE,9.58846153846154,2023-03-12
211SWE,60.90688259109312,2023-03-12
211SWW,21.11255411255411,2023-03-12
211W,28.624324324324323,2023-03-12
212E,34.07564377682404,2023-03-12
212W,16.364324324324325,2023-03-12
213E,5.681178834561286,2023-03-12
213W,19.54012137559002,2023-03-12
214E,7.681614349775785,2023-03-12
214W,6.3676814988290404,2023-03-12
215E,9.403286978508218,2023-03-12
215W,8.25507614213198,2023-03-12
216E,22.42928975487115,2023-03-12
216W,28.002464571780653,2023-03-12
217E,20.213043478260868,2023-03-12
217W,19.09311981020166,2023-03-12
218E,12.863044708545557,2023-03-12
218W,32.59836065573771,2023-03-12
219E,20.588313413014607,2023-03-12
219W,26.253052917232026,2023-03-12
220E,6.765861027190332,2023-03-12
220W,35.011272141706925,2023-03-12
221E,36.862275449101794,2023-03-12
221S,14.99330655957162,2023-03-12
221W,22.51770451770452,2023-03-12
222E,38.88907753254103,2023-03-12
222W,35.74971751412429,2023-03-12
Barale,26.1796875,2023-03-12
BorderTule,15.617128973476412,2023-03-12
8-4,16.23569794050343,2023-03-12
21-1,19.40684234858992,2023-03-12
21-2,19.69752421959096,2023-03-12
5-3,25.942238267148014,2023-03-12
5-2,36.90816972767574,2023-03-12
5-1,23.87530266343825,2023-03-12
32-3,34.00978952520803,2023-03-12
32-2,30.03939962476548,2023-03-12
32-1,27.22222222222222,2023-03-12
21-3,26.52153667054715,2023-03-12
21-4,15.106704438149198,2023-03-12
16-2,7.786019417475728,2023-03-12
9-1,14.38432364096081,2023-03-12
22-1,8.996418338108883,2023-03-12
31-1,14.733902249806052,2023-03-12
31-2,8.861495844875346,2023-03-12
27-2,6.017173051519155,2023-03-12
18-5,12.166306695464362,2023-03-12
24-1,26.226530612244897,2023-03-12
17-2,16.495368113115553,2023-03-12
Staten Island Pilot,0,2023-03-12
D1A_019,54.33884948778566,2023-03-12
D1A_032,72.63237979306147,2023-03-12
D1A_050,40.41547958214625,2023-03-12
D3__017,7.021414665801427,2023-03-12
D3__018,9.345876701361089,2023-03-12
D3__025,18.1158740790355,2023-03-12
D3__074,9.8989898989899,2023-03-12
D3__080,14.225082508250823,2023-03-12
D3__085,5.727908455181183,2023-03-12
D4__010,59.36320506062204,2023-03-12
D4__038,7.972906403940887,2023-03-12
D4__039,9.27542932628798,2023-03-12
D4__056,9.040925266903914,2023-03-12
D4__060,12.250879249706916,2023-03-12
ROOS3,20.13600395647873,2023-03-12
ROOS2,17.142316017316016,2023-03-12
ROOS1,33.03541666666667,2023-03-12
TC014,12.133484162895927,2023-03-12
TC013,12.64425622022234,2023-03-12
TC015,25.897504456327987,2023-03-12
TC016,17.210041841004184,2023-03-12
TC012,21.903275529865127,2023-03-12
Knaggs_011,5.771842808088516,2023-03-12
Knaggs_010,6.575506445672192,2023-03-12
Knaggs_009,6.173302107728337,2023-03-12
TC022,5.615837696335079,2023-03-12
TC023,11.374176548089592,2023-03-12
TC020,9.64243997404283,2023-03-12
TC005,0,2023-03-12
TC006,0,2023-03-12
TC007_008,0,2023-03-12
12-1,31.30472103004292,2023-03-12
24-2W,19.976878612716764,2023-03-12
7-1,50.52685624012639,2023-03-12
39-2,3.135902636916836,2023-03-12
15-3,11.628267182962244,2023-03-12
10-4,NA,2023-03-12
6-4,20.55978260869565,2023-03-12
15-8,21.78409090909091,2023-03-12
15-6,29.681347150259068,2023-03-12
4-1,23.18914562063407,2023-03-12
23-1,NA,2023-03-12
17-1,24.1875,2023-03-12
1-3,11.654475457170356,2023-03-12
1-2,8.449717514124293,2023-03-12
13-1,15.392123287671232,2023-03-12
1-4,23.240066225165563,2023-03-12
36-2,13.294117647058824,2023-03-12
3-3/3-4,4.851115129596142,2023-03-12
39-4,4.326851851851852,2023-03-12
6-3,17.872093023255815,2023-03-12
15-1,12.2750257997936,2023-03-12
19-1,30.292857142857144,2023-03-12
24-2E,29.61,2023-03-12
18-6,13.680555555555555,2023-03-12
20-1,29.17093023255814,2023-03-12
,34.76315789473684,2023-03-12
13-3,22.67830188679245,2023-03-12
1-5,19.990421455938694,2023-03-12
36-2,26.8576,2023-03-12
10-2,3.3268101761252447,2023-03-12
31-3,20.98633879781421,2023-03-12
31-3,35.8799778761062,2023-03-12
31-4,29.732,2023-03-12
24-2W,19.54922279792746,2023-03-12
17-3,21.41594276954522,2023-03-12
18-3,20.17800453514739,2023-03-12
13-2E,31.00757575757576,2023-03-12
13-5,55.72687861271676,2023-03-12
24-2W,24.591603053435115,2023-03-12
10-1,14.132710280373832,2023-03-12
3-1/3-2,5.182773109243698,2023-03-12
39-3,3.484472049689441,2023-03-12
6-2,47.68509212730319,2023-03-12
8-4,16.322939866369712,2023-03-12
33-4,28.80182529335072,2023-03-12
16-3,12.651851851851852,2023-03-12
7-4,19.79510377860564,2023-03-12
20-2,25.30851063829787,2023-03-12
,33.04258943781942,2023-03-12
24-3,28.738993710691823,2023-03-12
24-4,27.643059490084987,2023-03-12
20-3,12.18595041322314,2023-03-12
13-7,5.175,2023-03-12
7-2,54.675384615384615,2023-03-12
12-2,11.307178631051752,2023-03-12
,24.719298245614038,2023-03-12
15-3,5.9553478712357215,2023-03-12
10-4,17.318307905686545,2023-03-12
33-2,8.055555555555555,2023-03-12
38-5,4.378194207836456,2023-03-12
18-2,38.176538240368025,2023-03-12
,16.770491803278688,2023-03-12
18-1,30.4321568627451,2023-03-12
13-2W,24.67693522906793,2023-03-12
7-5,13.55790533736153,2023-03-12
,21.7003367003367,2023-03-12
13-6,7.377142857142857,2023-03-12
39-1,6.045886075949367,2023-03-12
15-2,5.930854154561302,2023-03-12
31-4,31.625570776255707,2023-03-12
9-2,19.02899022801303,2023-03-12
8-2,17.720143884892085,2023-03-12
27-1,8.846310640032613,2023-03-12
7-3,40.05761794276876,2023-03-12
19-2,25.564690026954175,2023-03-12
38-0,5.666903914590748,2023-03-12
,7.222222222222222,2023-03-12
39-3,3.849056603773585,2023-03-12
39-5,3.5544554455445545,2023-03-12
39-5,4.885882352941176,2023-03-12
,3.2222222222222223,2023-03-12
38-6,14.583143507972665,2023-03-12
8-3,35.328048780487805,2023-03-12
22-2,15.511666666666668,2023-03-12
22-2,22.014705882352946,2023-03-12
22-2,18.46527777777778,2023-03-12
19-1,35.13142857142857,2023-03-12
19-1,30.744604316546763,2023-03-12
19-1,31.423529411764704,2023-03-12
19-1,33.7148288973384,2023-03-12
19-1,21.4375,2023-03-12
19-1,24.95073891625616,2023-03-12
19-1,20.91111111111111,2023-03-12
19-1,31.823809523809523,2023-03-12
19-1,31.12142857142857,2023-03-12
19-1,30.492592592592597,2023-03-12
24-2E,20.302839116719245,2023-03-12
24-3,29.35082872928177,2023-03-12
24-3,27.80655737704918,2023-03-12
24-4,26.29859154929577,2023-03-12
24-4,30.69122807017544,2023-03-12
19-2,21.448685857321653,2023-03-12
,25.066666666666663,2023-03-12
36-1,5.584541062801932,2023-03-12
36-1,8.117647058823529,2023-03-12
36-3,15.023255813953488,2023-03-12
23-1,NA,2023-03-12
6-3,43.0531914893617,2023-03-12
6-3,23.12295081967213,2023-03-12
39-3,3.8916666666666666,2023-03-12
6-3,15.686666666666667,2023-03-12
6-3,19.20108695652174,2023-03-12
6-4,24.12903225806452,2023-03-12
6-5W,23.124882629107983,2023-03-12
6-5E,19.652073732718893,2023-03-12
22-2,9.608695652173912,2023-03-12
22-2,9.689285714285717,2023-03-12
22-2,15.115942028985508,2023-03-12
22-2,18.73,2023-03-12
,32.09717868338558,2023-03-12
,32.19400187441425,2023-03-12
,15.121951219512194,2023-03-12
,5.031347962382445,2023-03-12
,34.20501138952164,2023-03-12
,35.680851063829785,2023-03-12
,33.972833117723155,2023-03-12
,28.798955613577025,2023-03-12
,23.65217391304348,2023-03-12
23-1,7.484424379232506,2023-03-12
23-2,6.220588235294118,2023-03-12
34-2,26.03191489361702,2023-03-12
28-5,13.016236867239732,2023-03-12
28-4,26.134415584415585,2023-03-12
38-7,12.45873417721519,2023-03-12
28-2,10.334448160535118,2023-03-12
28-1,20.356850715746425,2023-03-12
16-1,36.21732745961821,2023-03-12
4-2,24.412569195701725,2023-03-12
HansHerkert,9.696801480306634,2023-03-14
YoloBasin,29.27731481481481,2023-03-14
HPond,21.945147679324894,2023-03-14
Lucky5,19.659614658103514,2023-03-14
76,30.83668341708543,2023-03-14
70,7.119101123595506,2023-03-14
71,6.240976105744789,2023-03-14
72,27.06892718176765,2023-03-14
64,8.721140472878998,2023-03-14
63,8.05071599045346,2023-03-14
Pond5,6.515625,2023-03-14
Pond6,4.7520184544406,2023-03-14
Pond7,6.348554033485541,2023-03-14
Pond8,7.434511434511434,2023-03-14
Pond9,6.669642857142857,2023-03-14
Pond10,13.169989506820569,2023-03-14
Newstrom,12.34108527131783,2023-03-14
C300,8.894477856752324,2023-03-14
Souza1-4,10.475040257648953,2023-03-14
Souza106,10.714035087719298,2023-03-14
Dingville1,10.517616912235749,2023-03-14
Dingville3,11.998588567395906,2023-03-14
Dingville4,11.795930949445127,2023-03-14
ShadyOaks(MichaelRue),17.33228840125392,2023-03-14
NorthCreekHouse(R&F Ranch),37.8391793514229,2023-03-14
RioOsoRanch(RioOso),25.35475896168109,2023-03-14
Bluebird(R&F RealEstate),31.760366182014,2023-03-14
Morrison(MichaelRue),28.111801242236027,2023-03-14
Knaggs,4.64823460752845,2023-03-14
TuleBasin(Chesapeak),30.13174536256324,2023-03-14
TuleBasin,9.937023666265544,2023-03-14
CapOil,32.02914798206278,2023-03-14
TidesEnd,29.915192743764173,2023-03-14
Field 29C,8.436028659160696,2023-03-14
Field 29B,8.580213903743315,2023-03-14
Field 29A,7.5425,2023-03-14
Field 25E,7.821116928446771,2023-03-14
Field 25D,7.766386554621849,2023-03-14
Field 25C,14.547657512116317,2023-03-14
Field 26EE,25.950323974082075,2023-03-14
Field 26CW,25.14033264033264,2023-03-14
Field 26D - 50% ONLY,44.22978723404256,2023-03-14
Field 18,78.17057026476579,2023-03-14
Field 20A,9.099842354177614,2023-03-14
Field 20B,12.387114239306984,2023-03-14
Field 21,23.61615353858457,2023-03-14
Field and Tule,21.40509351372861,2023-03-14
055D,10.556203164029975,2023-03-14
055E,5.553933495539335,2023-03-14
056A,27.478583196046127,2023-03-14
056B,11.816216216216215,2023-03-14
056F,65.08819538670285,2023-03-14
056E,27.15194109772423,2023-03-14
056G,23.03988764044944,2023-03-14
056H,75.94418604651163,2023-03-14
056I,26.638111888111887,2023-03-14
056J,36.89275527666857,2023-03-14
056K,26.664445790430044,2023-03-14
056L,19.49703440094899,2023-03-14
056M,27.00628491620112,2023-03-14
056N,40.19434628975265,2023-03-14
056P,38.11658653846154,2023-03-14
056Q,32.59766763848396,2023-03-14
061,89.49738903394255,2023-03-14
068B,36.06746532156368,2023-03-14
069A3,38.308300395256914,2023-03-14
069B,23.341434499110846,2023-03-14
069C,34.235449735449734,2023-03-14
072A,57.75944333996024,2023-03-14
072B,78.48987341772153,2023-03-14
076A1,85.76311030741411,2023-03-14
076A1,85.76311030741411,2023-03-14
076B,83.98089780324737,2023-03-14
076CW,35.186088527551945,2023-03-14
078A,102.54399008674102,2023-03-14
078B,101.612,2023-03-14
078C,74.06625,2023-03-14
088,25.372134831460677,2023-03-14
089B,23.33728813559322,2023-03-14
089A,NA,2023-03-14
090A,59.81273408239701,2023-03-14
091A,13.893041237113405,2023-03-14
091B,8.907335907335908,2023-03-14
093A,18.88284518828452,2023-03-14
093B,17.451748251748253,2023-03-14
093C,32.91277890466532,2023-03-14
093D,26.64210526315789,2023-03-14
093E,20.68668407310705,2023-03-14
094B,18.984735413839893,2023-03-14
096AW2,20.105004101722724,2023-03-14
096AW1,24.372923588039868,2023-03-14
100A,78.32280147446025,2023-03-14
100B,74.99952107279694,2023-03-14
100C,38.36807817589577,2023-03-14
100DE,23.58250825082508,2023-03-14
100G,36.71852610030706,2023-03-14
100M1,24.043724696356275,2023-03-14
100N,34.877981651376146,2023-03-14
102D,6.348429951690822,2023-03-14
102G,9.186666666666667,2023-03-14
102J,8.775219298245615,2023-03-14
106H6,20.119444444444444,2023-03-14
106H3,17.39273356401384,2023-03-14
106H4,16.62905982905983,2023-03-14
106H2,10.51560379918589,2023-03-14
106H2,14.675,2023-03-14
110F,40.25071770334928,2023-03-14
110G,20.7896174863388,2023-03-14
110J,35.05280073461892,2023-03-14
110K,56.04648187633262,2023-03-14
110L,26.45888888888889,2023-03-14
111A,64.94420600858369,2023-03-14
111B,84.280353200883,2023-03-14
111C,44.84148727984344,2023-03-14
111D,44.854661791590495,2023-03-14
111E,20.067222511724857,2023-03-14
111F,24.111943587483477,2023-03-14
111G,18.644060081929904,2023-03-14
111H,33.49428789032749,2023-03-14
111J,95.2591170825336,2023-03-14
111K,128.11309523809524,2023-03-14
116A,40.40192926045016,2023-03-14
116D,23.561715481171547,2023-03-14
131D,22.606299212598422,2023-03-14
131F,42.84455958549223,2023-03-14
192EN,7.50139470013947,2023-03-14
192ES,9.07107162687396,2023-03-14
203-42,40.16373801916933,2023-03-14
203-41,30.280048810250157,2023-03-14
205C,34.08632478632479,2023-03-14
205E,35.06473915776241,2023-03-14
205W,18.40577385725742,2023-03-14
206SW,6.608919382504288,2023-03-14
207E,31.695286195286197,2023-03-14
207W,46.59889676910954,2023-03-14
208E,25.32058823529412,2023-03-14
208W,9.205925925925929,2023-03-14
209E,9.089160839160838,2023-03-14
209W,9.869022869022867,2023-03-14
210E,55.44512195121951,2023-03-14
210W,8.453616352201259,2023-03-14
211E,40.31487889273357,2023-03-14
211C,40.51193633952255,2023-03-14
211SE,12.765384615384615,2023-03-14
211SWE,73.47368421052632,2023-03-14
211SWW,25.645021645021647,2023-03-14
211W,39.06378378378378,2023-03-14
212E,43.8524678111588,2023-03-14
212W,18.307567567567567,2023-03-14
213E,6.520428667113195,2023-03-14
213W,27.985165205664195,2023-03-14
214E,12.414798206278029,2023-03-14
214W,7.51288056206089,2023-03-14
215E,8.65739570164349,2023-03-14
215W,10.228426395939088,2023-03-14
216E,28.079195474544317,2023-03-14
216W,35.969192852741834,2023-03-14
217E,23.425,2023-03-14
217W,28.215895610913403,2023-03-14
218E,22.03735144312394,2023-03-14
218W,46.51229508196721,2023-03-14
219E,31.900398406374503,2023-03-14
219W,39.867706919945725,2023-03-14
220E,8.854984894259818,2023-03-14
220W,54.56360708534621,2023-03-14
221E,50.58749168330007,2023-03-14
221S,18.35475234270415,2023-03-14
221W,33.89072039072039,2023-03-14
222E,51.22297679683079,2023-03-14
222W,51.28983050847457,2023-03-14
Barale,23.3046875,2023-03-14
BorderTule,17.142134035229805,2023-03-14
8-4,13.750572082379865,2023-03-14
21-1,21.81322237632917,2023-03-14
21-2,21.03552206673843,2023-03-14
5-3,24.613718411552348,2023-03-14
5-2,39.99620012666245,2023-03-14
5-1,27.785714285714285,2023-03-14
32-3,37.82574645129712,2023-03-14
32-2,24.317073170731707,2023-03-14
32-1,27.74037403740374,2023-03-14
21-3,22.292200232828872,2023-03-14
21-4,17.23229461756374,2023-03-14
16-2,9.693592233009708,2023-03-14
9-1,13.351769911504425,2023-03-14
22-1,10.878223495702006,2023-03-14
31-1,17.07913110938712,2023-03-14
31-2,12.630193905817174,2023-03-14
27-2,8.373403786878027,2023-03-14
18-5,13.14902807775378,2023-03-14
24-1,25.38622448979592,2023-03-14
17-2,21.559726962457336,2023-03-14
Staten Island Pilot,14.172159751841798,2023-03-14
D1A_019,47.3538219070134,2023-03-14
D1A_032,66.62264150943396,2023-03-14
D1A_050,18.577397910731243,2023-03-14
D3__017,6.963659961064244,2023-03-14
D3__018,8.851881505204164,2023-03-14
D3__025,18.47220361687877,2023-03-14
D3__074,16.403367003367002,2023-03-14
D3__080,19.00726072607261,2023-03-14
D3__085,17.243483788938335,2023-03-14
D4__010,57.97364259356879,2023-03-14
D4__038,14.64347290640394,2023-03-14
D4__039,15.66116248348745,2023-03-14
D4__056,16.319395017793596,2023-03-14
D4__060,18.18053927315357,2023-03-14
ROOS3,18.98194856577646,2023-03-14
ROOS2,17.624458874458874,2023-03-14
ROOS1,38.56666666666667,2023-03-14
TC014,16.97737556561086,2023-03-14
TC013,14.910005293806249,2023-03-14
TC015,25.45187165775401,2023-03-14
TC016,37.12133891213389,2023-03-14
TC012,5.700963391136802,2023-03-14
Knaggs_011,4.927508584509729,2023-03-14
Knaggs_010,4.430018416206262,2023-03-14
Knaggs_009,4.602810304449648,2023-03-14
TC022,8.94306282722513,2023-03-14
TC023,19.071805006587617,2023-03-14
TC020,12.19013627514601,2023-03-14
TC005,0,2023-03-14
TC006,0,2023-03-14
TC007_008,0,2023-03-14
12-1,35.18884120171674,2023-03-14
24-2W,22.015414258188823,2023-03-14
7-1,51.01658767772512,2023-03-14
39-2,8.284989858012171,2023-03-14
15-3,6.801548886737657,2023-03-14
10-4,NA,2023-03-14
6-4,18.567934782608692,2023-03-14
15-8,17.255681818181817,2023-03-14
15-6,29.15284974093264,2023-03-14
4-1,21.089199355185382,2023-03-14
23-1,NA,2023-03-14
17-1,25.493,2023-03-14
1-3,16.19730510105871,2023-03-14
1-2,14.418079096045195,2023-03-14
13-1,18.27054794520548,2023-03-14
1-4,24.51490066225165,2023-03-14
36-2,17.426470588235293,2023-03-14
3-3/3-4,7.263411693791441,2023-03-14
39-4,8.712962962962964,2023-03-14
6-3,17.92248062015504,2023-03-14
15-1,13.860681114551085,2023-03-14
19-1,28.28214285714286,2023-03-14
24-2E,28.14,2023-03-14
18-6,12.53472222222222,2023-03-14
20-1,28.92441860465116,2023-03-14
,37.43421052631579,2023-03-14
13-3,22.182075471698116,2023-03-14
1-5,22.745210727969347,2023-03-14
36-2,25.9472,2023-03-14
10-2,7.173189823874756,2023-03-14
31-3,23.503415300546447,2023-03-14
31-3,35.44524336283186,2023-03-14
31-4,28.208,2023-03-14
24-2W,19.72538860103627,2023-03-14
17-3,25.85947879407256,2023-03-14
18-3,19.472789115646258,2023-03-14
13-2E,31.324242424242424,2023-03-14
13-5,56.39739884393064,2023-03-14
24-2W,24.98282442748092,2023-03-14
10-1,6.452336448598131,2023-03-14
3-1/3-2,4.17296918767507,2023-03-14
39-3,6.736024844720497,2023-03-14
6-2,46.3500837520938,2023-03-14
8-4,14.077951002227172,2023-03-14
33-4,26.967405475880053,2023-03-14
16-3,13.51851851851852,2023-03-14
7-4,18.97498669505056,2023-03-14
20-2,26.80260047281324,2023-03-14
,32.676320272572404,2023-03-14
24-3,24.70125786163522,2023-03-14
24-4,28.8328611898017,2023-03-14
20-3,15.85655253837072,2023-03-14
13-7,8.09375,2023-03-14
7-2,51.45692307692308,2023-03-14
12-2,14.090150250417365,2023-03-14
,21.678362573099417,2023-03-14
15-3,7.423676012461059,2023-03-14
10-4,6.215672676837725,2023-03-14
33-2,6.780952380952381,2023-03-14
38-5,6.477001703577513,2023-03-14
18-2,37.70500287521564,2023-03-14
,17.795081967213115,2023-03-14
18-1,33.247843137254904,2023-03-14
13-2W,29.12085308056872,2023-03-14
7-5,16.057401812688823,2023-03-14
,19.705387205387204,2023-03-14
13-6,11.28,2023-03-14
39-1,8.675632911392405,2023-03-14
15-2,6.392213829169088,2023-03-14
31-4,25.858447488584478,2023-03-14
9-2,22.669055374592837,2023-03-14
8-2,19.16043165467626,2023-03-14
27-1,8.166326946596005,2023-03-14
7-3,36.00889404485692,2023-03-14
19-2,20.337601078167115,2023-03-14
38-0,8.495373665480427,2023-03-14
,9.198067632850242,2023-03-14
39-3,8.226415094339623,2023-03-14
39-5,8.009900990099009,2023-03-14
39-5,11.601176470588236,2023-03-14
,6.333333333333333,2023-03-14
38-6,16.361427486712223,2023-03-14
8-3,36.42967479674797,2023-03-14
22-2,15.731666666666667,2023-03-14
22-2,20.544117647058822,2023-03-14
22-2,19.75,2023-03-14
19-1,33.80571428571429,2023-03-14
19-1,27.92446043165468,2023-03-14
19-1,28.349019607843136,2023-03-14
19-1,30.787072243346007,2023-03-14
19-1,21.113970588235293,2023-03-14
19-1,24.32019704433497,2023-03-14
19-1,20.403703703703705,2023-03-14
19-1,29.604761904761904,2023-03-14
19-1,27.060714285714287,2023-03-14
19-1,29.01851851851852,2023-03-14
24-2E,21.07255520504732,2023-03-14
24-3,19.8121546961326,2023-03-14
24-3,21.098360655737704,2023-03-14
24-4,23.96056338028169,2023-03-14
24-4,30.712280701754388,2023-03-14
19-2,17.773466833541928,2023-03-14
,27.64444444444445,2023-03-14
36-1,7.594202898550725,2023-03-14
36-1,12.897058823529411,2023-03-14
36-3,14.806201550387597,2023-03-14
23-1,NA,2023-03-14
6-3,43.734042553191486,2023-03-14
6-3,22.75409836065574,2023-03-14
39-3,8.875,2023-03-14
6-3,15.566666666666666,2023-03-14
6-3,18.21195652173913,2023-03-14
6-4,26.25403225806452,2023-03-14
6-5W,24.43755868544601,2023-03-14
6-5E,23.741935483870968,2023-03-14
22-2,9.71195652173913,2023-03-14
22-2,9.625,2023-03-14
22-2,14.717391304347826,2023-03-14
22-2,16.345,2023-03-14
,34.36677115987461,2023-03-14
,33.117150890346764,2023-03-14
,14.477535301668809,2023-03-14
,7.004702194357367,2023-03-14
,34.252847380410024,2023-03-14
,38.03687943262411,2023-03-14
,34.994825355756795,2023-03-14
,30.757180156657963,2023-03-14
,23.797101449275363,2023-03-14
23-1,8.063656884875847,2023-03-14
23-2,8.607843137254902,2023-03-14
34-2,14.606382978723405,2023-03-14
28-5,14.829512893982807,2023-03-14
28-4,27.466233766233767,2023-03-14
38-7,17.087088607594936,2023-03-14
28-2,16.483277591973245,2023-03-14
28-1,21.27914110429448,2023-03-14
16-1,37.05433186490456,2023-03-14
4-2,19.654835558450017,2023-03-14
HansHerkert,3.606132698916204,2023-03-19
YoloBasin,2.7907407407407407,2023-03-19
HPond,4.005907172995781,2023-03-19
Lucky5,1.8330185115224784,2023-03-19
76,21.883417085427137,2023-03-19
70,7.413483146067415,2023-03-19
71,7.168276563294357,2023-03-19
72,21.54697053918844,2023-03-19
64,7.711404728789986,2023-03-19
63,9.952863961813842,2023-03-19
Pond5,3.071614583333333,2023-03-19
Pond6,1.8904267589388697,2023-03-19
Pond7,3.258751902587519,2023-03-19
Pond8,4.542619542619542,2023-03-19
Pond9,3.0892857142857144,2023-03-19
Pond10,8.014690451206716,2023-03-19
Newstrom,13.5,2023-03-19
C300,8.378348824494259,2023-03-19
Souza1-4,11.136876006441224,2023-03-19
Souza106,10.928070175438595,2023-03-19
Dingville1,11.475336322869955,2023-03-19
Dingville3,14.063514467184191,2023-03-19
Dingville4,12.82367447595561,2023-03-19
ShadyOaks(MichaelRue),20.572100313479623,2023-03-19
NorthCreekHouse(R&F Ranch),38.09927200529451,2023-03-19
RioOsoRanch(RioOso),16.03708281829419,2023-03-19
Bluebird(R&F RealEstate),34.815293484114164,2023-03-19
Morrison(MichaelRue),27.98644833427442,2023-03-19
Knaggs,3.023489932885906,2023-03-19
TuleBasin(Chesapeak),30.9464586846543,2023-03-19
TuleBasin,5.712795828319294,2023-03-19
CapOil,2.184497117232543,2023-03-19
TidesEnd,2.208616780045352,2023-03-19
Field 29C,5.2159672466734905,2023-03-19
Field 29B,4.839572192513369,2023-03-19
Field 29A,4.7275,2023-03-19
Field 25E,5.845549738219895,2023-03-19
Field 25D,5.358823529411764,2023-03-19
Field 25C,7.730210016155089,2023-03-19
Field 26EE,11.4622030237581,2023-03-19
Field 26CW,14.261954261954262,2023-03-19
Field 26D - 50% ONLY,23.76063829787234,2023-03-19
Field 18,43.760183299389,2023-03-19
Field 20A,6.754072517078297,2023-03-19
Field 20B,8.34650785056849,2023-03-19
Field 21,17.27748900439824,2023-03-19
Field and Tule,22.99343414245921,2023-03-19
055D,5.736885928393006,2023-03-19
055E,5.227088402270884,2023-03-19
056A,28.67957166392092,2023-03-19
056B,7.474131274131274,2023-03-19
056F,43.793080054274085,2023-03-19
056E,17.64859437751004,2023-03-19
056G,27.36067415730337,2023-03-19
056H,46.83372093023256,2023-03-19
056I,29.354895104895103,2023-03-19
056J,48.74101540216771,2023-03-19
056K,37.95336159903089,2023-03-19
056L,15.360023724792407,2023-03-19
056M,14.521648044692736,2023-03-19
056N,35.83745583038869,2023-03-19
056P,27.205528846153847,2023-03-19
056Q,20.504373177842567,2023-03-19
061,67.63968668407311,2023-03-19
068B,31.61790668348045,2023-03-19
069A3,34.117259552042164,2023-03-19
069B,23.7113218731476,2023-03-19
069C,37.61164021164021,2023-03-19
072A,31.20212060967528,2023-03-19
072B,49.86772151898735,2023-03-19
076A1,78.38607594936708,2023-03-19
076A1,78.38607594936708,2023-03-19
076B,79.88825214899714,2023-03-19
076CW,19.908762420957544,2023-03-19
078A,90.29553903345725,2023-03-19
078B,97.40133333333333,2023-03-19
078C,80.87375,2023-03-19
088,29.370786516853933,2023-03-19
089B,13.365536723163842,2023-03-19
089A,NA,2023-03-19
090A,43.69288389513109,2023-03-19
091A,9.541237113402062,2023-03-19
091B,6.835907335907336,2023-03-19
093A,16.86610878661088,2023-03-19
093B,10.77062937062937,2023-03-19
093C,24.70453008789723,2023-03-19
093D,20.98486842105263,2023-03-19
093E,15.2532637075718,2023-03-19
094B,9.763907734056987,2023-03-19
096AW2,13.821985233798197,2023-03-19
096AW1,16.11046511627907,2023-03-19
100A,54.70405476566614,2023-03-19
100B,52.390325670498086,2023-03-19
100C,25.03908794788273,2023-03-19
100DE,17.6973597359736,2023-03-19
100G,25.164790174002047,2023-03-19
100M1,18.22429149797571,2023-03-19
100N,27.34862385321101,2023-03-19
102D,5.251207729468599,2023-03-19
102G,7.949696969696969,2023-03-19
102J,7.821271929824562,2023-03-19
106H6,17.238888888888887,2023-03-19
106H3,10.750865051903114,2023-03-19
106H4,12.593162393162393,2023-03-19
106H2,7.9063772048846674,2023-03-19
106H2,11.305555555555555,2023-03-19
110F,26.625837320574163,2023-03-19
110G,13.083333333333334,2023-03-19
110J,22.245638200183656,2023-03-19
110K,32.9228144989339,2023-03-19
110L,20.78185185185185,2023-03-19
111A,57.22532188841202,2023-03-19
111B,53.95143487858719,2023-03-19
111C,29.385518590998043,2023-03-19
111D,39.388482632541134,2023-03-19
111E,18.10891089108911,2023-03-19
111F,15.890700749228737,2023-03-19
111G,15.622667273554848,2023-03-19
111H,22.006854531607008,2023-03-19
111J,71.28790786948177,2023-03-19
111K,101.3779761904762,2023-03-19
116A,33.69131832797428,2023-03-19
116D,15.080543933054392,2023-03-19
131D,15.681102362204724,2023-03-19
131F,28.30699481865285,2023-03-19
192EN,8.195955369595538,2023-03-19
192ES,8.281510272071072,2023-03-19
203-42,24.507987220447284,2023-03-19
203-41,19.16046369737645,2023-03-19
205C,20.553846153846155,2023-03-19
205E,24.661847894406037,2023-03-19
205W,21.94867682437851,2023-03-19
206SW,4.950257289879931,2023-03-19
207E,26.608585858585855,2023-03-19
207W,31.01103230890465,2023-03-19
208E,17.980882352941176,2023-03-19
208W,7.7555555555555555,2023-03-19
209E,10.298076923076923,2023-03-19
209W,6.501039501039501,2023-03-19
210E,35.83449477351916,2023-03-19
210W,7.269654088050315,2023-03-19
211E,28.44232987312572,2023-03-19
211C,22.72679045092838,2023-03-19
211SE,8.742307692307692,2023-03-19
211SWE,45.83805668016194,2023-03-19
211SWW,19.943722943722943,2023-03-19
211W,24.003243243243244,2023-03-19
212E,29.26019313304721,2023-03-19
212W,15.08216216216216,2023-03-19
213E,5.2732752846617545,2023-03-19
213W,19.950101146325014,2023-03-19
214E,7.853139013452915,2023-03-19
214W,5.939110070257612,2023-03-19
215E,6.530973451327434,2023-03-19
215W,6.469543147208122,2023-03-19
216E,17.36392206159648,2023-03-19
216W,24.80406654343808,2023-03-19
217E,15.902717391304348,2023-03-19
217W,22.76690391459075,2023-03-19
218E,16.943972835314092,2023-03-19
218W,27.589578454332557,2023-03-19
219E,22.573041168658698,2023-03-19
219W,27.2876526458616,2023-03-19
220E,6.744712990936556,2023-03-19
220W,34.83252818035427,2023-03-19
221E,31.01596806387225,2023-03-19
221S,12.998661311914324,2023-03-19
221W,23.185592185592185,2023-03-19
222E,32.09451046972269,2023-03-19
222W,31.53728813559322,2023-03-19
Barale,34.640625,2023-03-19
BorderTule,11.30066815144766,2023-03-19
8-4,4.128146453089244,2023-03-19
21-1,22.01664355062413,2023-03-19
21-2,23.842303552206676,2023-03-19
5-3,22.75992779783393,2023-03-19
5-2,5.882837238758708,2023-03-19
5-1,3.749394673123487,2023-03-19
32-3,3.1683798335780717,2023-03-19
32-2,3.3339587242026267,2023-03-19
32-1,4.755775577557756,2023-03-19
21-3,15.430733410942956,2023-03-19
21-4,18.86118980169972,2023-03-19
16-2,2.2477669902912623,2023-03-19
9-1,2.04582806573957,2023-03-19
22-1,3.127507163323782,2023-03-19
31-1,20.33126454615981,2023-03-19
31-2,9.697368421052632,2023-03-19
27-2,1.8727432848965213,2023-03-19
18-5,14.192224622030238,2023-03-19
24-1,21.665816326530614,2023-03-19
17-2,19.906387128230133,2023-03-19
Staten Island Pilot,27.629313687475765,2023-03-19
D1A_019,31.9779353821907,2023-03-19
D1A_032,46.47839318320146,2023-03-19
D1A_050,32.079297245963915,2023-03-19
D3__017,5.6158338741077225,2023-03-19
D3__018,7.55564451561249,2023-03-19
D3__025,14.922304085733424,2023-03-19
D3__074,11.406734006734007,2023-03-19
D3__080,15.531353135313532,2023-03-19
D3__085,8.561347743165925,2023-03-19
D4__010,38.74486030574592,2023-03-19
D4__038,14.32820197044335,2023-03-19
D4__039,12.313077939233818,2023-03-19
D4__056,9.451067615658364,2023-03-19
D4__060,16.771395076201642,2023-03-19
ROOS3,11.404302670623146,2023-03-19
ROOS2,18.096861471861477,2023-03-19
ROOS1,41.30416666666667,2023-03-19
TC014,13.680995475113122,2023-03-19
TC013,9.973530968766545,2023-03-19
TC015,22.027629233511583,2023-03-19
TC016,26.092887029288704,2023-03-19
TC012,2.6026974951830444,2023-03-19
Knaggs_011,2.966425028615032,2023-03-19
Knaggs_010,3.0248618784530388,2023-03-19
Knaggs_009,3.1634660421545666,2023-03-19
TC022,6.244109947643979,2023-03-19
TC023,11.076416337285902,2023-03-19
TC020,10.961713173264114,2023-03-19
TC005,0,2023-03-19
TC006,0,2023-03-19
TC007_008,0,2023-03-19
12-1,38.871244635193136,2023-03-19
24-2W,22.695568400770718,2023-03-19
7-1,39.31437598736177,2023-03-19
39-2,2.8296146044624746,2023-03-19
15-3,1.803484995159729,2023-03-19
10-4,NA,2023-03-19
6-4,20.57880434782609,2023-03-19
15-8,2.247159090909091,2023-03-19
15-6,1.9093264248704664,2023-03-19
4-1,6.472326706072004,2023-03-19
23-1,NA,2023-03-19
17-1,30.9265,2023-03-19
1-3,12.18864292589028,2023-03-19
1-2,10.02372881355932,2023-03-19
13-1,15.172945205479452,2023-03-19
1-4,21.89900662251656,2023-03-19
36-2,11.59967320261438,2023-03-19
3-3/3-4,2.1338155515370705,2023-03-19
39-4,3.5842592592592597,2023-03-19
6-3,21.515503875968992,2023-03-19
15-1,2.0144478844169247,2023-03-19
19-1,23.414285714285715,2023-03-19
24-2E,25.48,2023-03-19
18-6,12.57638888888889,2023-03-19
20-1,22.22558139534884,2023-03-19
,40.97368421052632,2023-03-19
13-3,20.571698113207542,2023-03-19
1-5,19.335249042145595,2023-03-19
36-2,33.2048,2023-03-19
10-2,1.4285714285714286,2023-03-19
31-3,15.723360655737704,2023-03-19
31-3,24.58738938053097,2023-03-19
31-4,24.28,2023-03-19
24-2W,20.909326424870468,2023-03-19
17-3,23.39908022483393,2023-03-19
18-3,19.043650793650794,2023-03-19
13-2E,31,2023-03-19
13-5,39.22976878612717,2023-03-19
24-2W,22.76145038167939,2023-03-19
10-1,1.6,2023-03-19
3-1/3-2,3.6169467787114846,2023-03-19
39-3,3.124223602484472,2023-03-19
6-2,39.34003350083752,2023-03-19
8-4,4.32293986636971,2023-03-19
33-4,3.714471968709257,2023-03-19
16-3,2.269135802469136,2023-03-19
7-4,17.89835018626929,2023-03-19
20-2,21.0596926713948,2023-03-19
,31.115843270868822,2023-03-19
24-3,26.78616352201258,2023-03-19
24-4,24.01699716713881,2023-03-19
20-3,11.909090909090908,2023-03-19
13-7,4.48125,2023-03-19
7-2,41.89153846153846,2023-03-19
12-2,12.297161936560936,2023-03-19
,31.093567251461987,2023-03-19
15-3,1.3707165109034267,2023-03-19
10-4,1.5818307905686546,2023-03-19
33-2,3.5936507936507938,2023-03-19
38-5,3.1260647359454854,2023-03-19
18-2,32.0166762507188,2023-03-19
,23.442622950819672,2023-03-19
18-1,34.58352941176471,2023-03-19
13-2W,23.37045813586098,2023-03-19
7-5,11.438066465256798,2023-03-19
,23.377104377104377,2023-03-19
13-6,7.388571428571429,2023-03-19
39-1,4.920886075949367,2023-03-19
15-2,1.5665310865775712,2023-03-19
31-4,22.4337899543379,2023-03-19
9-2,2.0091205211726386,2023-03-19
8-2,10.753956834532374,2023-03-19
27-1,2.427639624949042,2023-03-19
7-3,31.207269914926528,2023-03-19
19-2,18.891509433962263,2023-03-19
38-0,3.7565836298932394,2023-03-19
,7.111111111111111,2023-03-19
39-3,2.8820754716981134,2023-03-19
39-5,3.0792079207920797,2023-03-19
39-5,4.814117647058824,2023-03-19
,3.083333333333333,2023-03-19
38-6,19.621867881548976,2023-03-19
8-3,30.659349593495936,2023-03-19
22-2,6.108333333333333,2023-03-19
22-2,2.784313725490196,2023-03-19
22-2,2.8402777777777777,2023-03-19
19-1,27.502857142857145,2023-03-19
19-1,26.3453237410072,2023-03-19
19-1,25.01960784313725,2023-03-19
19-1,25.65019011406844,2023-03-19
19-1,24.86764705882353,2023-03-19
19-1,26.07635467980296,2023-03-19
19-1,26.22222222222222,2023-03-19
19-1,25.64761904761905,2023-03-19
19-1,27.439285714285717,2023-03-19
19-1,25.96296296296296,2023-03-19
24-2E,22.22082018927445,2023-03-19
24-3,25.162983425414364,2023-03-19
24-3,25.327868852459016,2023-03-19
24-4,24.55211267605634,2023-03-19
24-4,24.54385964912281,2023-03-19
19-2,17.012515644555695,2023-03-19
,26.066666666666663,2023-03-19
36-1,6.492753623188406,2023-03-19
36-1,9.504901960784316,2023-03-19
36-3,15.550387596899224,2023-03-19
23-1,NA,2023-03-19
6-3,40.90425531914894,2023-03-19
6-3,27.5655737704918,2023-03-19
39-3,3.658333333333333,2023-03-19
6-3,21.17333333333333,2023-03-19
6-3,23.10326086956522,2023-03-19
6-4,26.475806451612904,2023-03-19
6-5W,34.4056338028169,2023-03-19
6-5E,27.65437788018433,2023-03-19
22-2,2.630434782608696,2023-03-19
22-2,2.717857142857143,2023-03-19
22-2,2.3115942028985508,2023-03-19
22-2,2.315,2023-03-19
,28.533960292580986,2023-03-19
,32.860356138706656,2023-03-19
,16.78818998716303,2023-03-19
,5.101880877742946,2023-03-19
,26.67995444191344,2023-03-19
,33.83404255319149,2023-03-19
,31.25743855109961,2023-03-19
,26.73977371627502,2023-03-19
,15.469979296066253,2023-03-19
23-1,1.5076749435665917,2023-03-19
23-2,2.2892156862745097,2023-03-19
34-2,8.574468085106384,2023-03-19
28-5,6.851957975167144,2023-03-19
28-4,39.62207792207792,2023-03-19
38-7,12.395443037974683,2023-03-19
28-2,10.824414715719064,2023-03-19
28-1,23.598159509202453,2023-03-19
16-1,42.748164464023496,2023-03-19
4-2,3.0201888635623577,2023-03-19
HansHerkert,3.828971715569654,2023-03-24
YoloBasin,1.8578703703703705,2023-03-24
HPond,3.3343881856540083,2023-03-24
Lucky5,2.4574990555345675,2023-03-24
76,32.06130653266332,2023-03-24
70,6.365842696629214,2023-03-24
71,5.295373665480427,2023-03-24
72,27.31350750416898,2023-03-24
64,6.6210013908205845,2023-03-24
63,7.116945107398568,2023-03-24
Pond5,2.55859375,2023-03-24
Pond6,3.810841983852365,2023-03-24
Pond7,3.0654490106544903,2023-03-24
Pond8,6.4376299376299375,2023-03-24
Pond9,5.774553571428571,2023-03-24
Pond10,13.621196222455405,2023-03-24
Newstrom,18.78488372093023,2023-03-24
C300,9.448332422088573,2023-03-24
Souza1-4,11.938003220611916,2023-03-24
Souza106,14.219298245614034,2023-03-24
Dingville1,14.12427930813581,2023-03-24
Dingville3,16.223712067748764,2023-03-24
Dingville4,17.19975339087546,2023-03-24
ShadyOaks(MichaelRue),34.921630094043884,2023-03-24
NorthCreekHouse(R&F Ranch),56.27266710787558,2023-03-24
RioOsoRanch(RioOso),41.33498145859085,2023-03-24
Bluebird(R&F RealEstate),45.65481960150781,2023-03-24
Morrison(MichaelRue),39.60982495765104,2023-03-24
Knaggs,3.2846512985118177,2023-03-24
TuleBasin(Chesapeak),24.200463743676224,2023-03-24
TuleBasin,8.60810268752507,2023-03-24
CapOil,1.448750800768738,2023-03-24
TidesEnd,1.5006802721088437,2023-03-24
Field 29C,4.998976458546571,2023-03-24
Field 29B,4.42602495543672,2023-03-24
Field 29A,4.926666666666667,2023-03-24
Field 25E,6.2635253054101225,2023-03-24
Field 25D,5.761344537815126,2023-03-24
Field 25C,8.962843295638127,2023-03-24
Field 26EE,7.440604751619871,2023-03-24
Field 26CW,15.741164241164242,2023-03-24
Field 26D - 50% ONLY,23.71170212765957,2023-03-24
Field 18,49.20468431771894,2023-03-24
Field 20A,8.029427220178665,2023-03-24
Field 20B,11.191662154845696,2023-03-24
Field 21,19.995201919232308,2023-03-24
Field and Tule,24.9641862315957,2023-03-24
055D,4.631140716069941,2023-03-24
055E,4.093268450932684,2023-03-24
056A,22.797364085667216,2023-03-24
056B,5.498841698841699,2023-03-24
056F,46.15875169606513,2023-03-24
056E,21.170013386880857,2023-03-24
056G,19.19494382022472,2023-03-24
056H,40.52383720930233,2023-03-24
056I,21.056526806526808,2023-03-24
056J,36.15687393040502,2023-03-24
056K,28.366444579043005,2023-03-24
056L,15.355278766310796,2023-03-24
056M,20.13896648044693,2023-03-24
056N,44.14664310954063,2023-03-24
056P,33.06610576923077,2023-03-24
056Q,20.163265306122447,2023-03-24
061,80.71801566579634,2023-03-24
068B,38.135561160151326,2023-03-24
069A3,27.318840579710145,2023-03-24
069B,16.265560165975103,2023-03-24
069C,25.47301587301587,2023-03-24
072A,30.249171636845592,2023-03-24
072B,58.86329113924051,2023-03-24
076A1,103.14014466546112,2023-03-24
076A1,103.14014466546112,2023-03-24
076B,106.3046800382044,2023-03-24
076CW,21.352303523035232,2023-03-24
078A,93.5365551425031,2023-03-24
078B,113.05733333333332,2023-03-24
078C,83.03625,2023-03-24
088,18.358202247191013,2023-03-24
089B,14.538418079096044,2023-03-24
089A,NA,2023-03-24
090A,54.50749063670412,2023-03-24
091A,10.735824742268042,2023-03-24
091B,7.007722007722008,2023-03-24
093A,17.262203626220362,2023-03-24
093B,10.012587412587411,2023-03-24
093C,24.54631507775524,2023-03-24
093D,23.625,2023-03-24
093E,12.83355091383812,2023-03-24
094B,9.845318860244234,2023-03-24
096AW2,13.023789991796557,2023-03-24
096AW1,14.94767441860465,2023-03-24
100A,60.875724065297526,2023-03-24
100B,70.39750957854406,2023-03-24
100C,30.765472312703583,2023-03-24
100DE,17.813201320132013,2023-03-24
100G,27.561924257932446,2023-03-24
100M1,17.580566801619433,2023-03-24
100N,30.043119266055047,2023-03-24
102D,5.184782608695652,2023-03-24
102G,8.385454545454545,2023-03-24
102J,8.456140350877194,2023-03-24
106H6,14.566666666666666,2023-03-24
106H3,13.455017301038062,2023-03-24
106H4,13.297435897435898,2023-03-24
106H2,7.9945725915875165,2023-03-24
106H2,12.344444444444443,2023-03-24
110F,25.702392344497607,2023-03-24
110G,16.042349726775956,2023-03-24
110J,16.99816345270891,2023-03-24
110K,18.2362473347548,2023-03-24
110L,15.378518518518518,2023-03-24
111A,71.77896995708154,2023-03-24
111B,73.15452538631347,2023-03-24
111C,37.80234833659491,2023-03-24
111D,44.52285191956124,2023-03-24
111E,20.503387180823346,2023-03-24
111F,19.080652269722343,2023-03-24
111G,19.08420573509331,2023-03-24
111H,25.37090632140137,2023-03-24
111J,90.6468330134357,2023-03-24
111K,122.63988095238096,2023-03-24
116A,36.72990353697749,2023-03-24
116D,16.11192468619247,2023-03-24
131D,17.492125984251967,2023-03-24
131F,24.376943005181342,2023-03-24
192EN,6.229428172942817,2023-03-24
192ES,6.976679622431982,2023-03-24
203-42,33.70527156549521,2023-03-24
203-41,25.14582062233069,2023-03-24
205C,27.33076923076923,2023-03-24
205E,31.83909490886235,2023-03-24
205W,18.05132317562149,2023-03-24
206SW,4.914236706689537,2023-03-24
207E,26.983164983164983,2023-03-24
207W,40.845547675334906,2023-03-24
208E,21.703676470588235,2023-03-24
208W,8.777037037037037,2023-03-24
209E,10.160839160839162,2023-03-24
209W,6.237006237006237,2023-03-24
210E,47.06707317073171,2023-03-24
210W,6.449685534591195,2023-03-24
211E,35.55709342560554,2023-03-24
211C,26.50862068965517,2023-03-24
211SE,8.180769230769231,2023-03-24
211SWE,58.25101214574899,2023-03-24
211SWW,25.017316017316016,2023-03-24
211W,30.46540540540541,2023-03-24
212E,36.74839055793991,2023-03-24
212W,15.826486486486486,2023-03-24
213E,4.566644340254521,2023-03-24
213W,21.524612272420768,2023-03-24
214E,8.075112107623319,2023-03-24
214W,5.676814988290398,2023-03-24
215E,5.934260429835651,2023-03-24
215W,6.908629441624366,2023-03-24
216E,22.17724701445632,2023-03-24
216W,30.224276032039437,2023-03-24
217E,18.843478260869563,2023-03-24
217W,25.07473309608541,2023-03-24
218E,17.292020373514433,2023-03-24
218W,35.04859484777518,2023-03-24
219E,24.97476759628154,2023-03-24
219W,32.87924016282225,2023-03-24
220E,6.608761329305136,2023-03-24
220W,44.6634460547504,2023-03-24
221E,43.055222887558216,2023-03-24
221S,14.84471218206158,2023-03-24
221W,25.945054945054945,2023-03-24
222E,41.83588002263724,2023-03-24
222W,41.4,2023-03-24
Barale,21.5390625,2023-03-24
BorderTule,7.037456975096173,2023-03-24
8-4,6.080091533180778,2023-03-24
21-1,21.539990753582988,2023-03-24
21-2,23.522066738428418,2023-03-24
5-3,22.5294825511432,2023-03-24
5-2,22.860671310956302,2023-03-24
5-1,15.606537530266344,2023-03-24
32-3,4.44640234948605,2023-03-24
32-2,5.305190744215135,2023-03-24
32-1,3.6589658965896583,2023-03-24
21-3,20.818393480791617,2023-03-24
21-4,20.183191690273844,2023-03-24
16-2,4.494368932038835,2023-03-24
9-1,4.9326801517067,2023-03-24
22-1,4.226361031518625,2023-03-24
31-1,16.509697439875872,2023-03-24
31-2,7.666897506925208,2023-03-24
27-2,3.518714222809335,2023-03-24
18-5,10.91144708423326,2023-03-24
24-1,24.406632653061223,2023-03-24
17-2,22.859093125304728,2023-03-24
Staten Island Pilot,0,2023-03-24
D1A_019,34.40189125295508,2023-03-24
D1A_032,56.5891661594644,2023-03-24
D1A_050,21.631054131054132,2023-03-24
D3__017,6.91434133679429,2023-03-24
D3__018,7.144915932746197,2023-03-24
D3__025,16.860683188211656,2023-03-24
D3__074,17.25925925925926,2023-03-24
D3__080,20.382838283828384,2023-03-24
D3__085,14.497774952320407,2023-03-24
D4__010,46.29362150764365,2023-03-24
D4__038,20.94704433497537,2023-03-24
D4__039,19.66116248348745,2023-03-24
D4__056,10.970640569395018,2023-03-24
D4__060,19.036342321219227,2023-03-24
ROOS3,8.252472799208704,2023-03-24
ROOS2,11.721320346320349,2023-03-24
ROOS1,29.45625,2023-03-24
TC014,9.619909502262445,2023-03-24
TC013,8.793012175754367,2023-03-24
TC015,16.689839572192515,2023-03-24
TC016,23.444351464435147,2023-03-24
TC012,3.8084778420038536,2023-03-24
Knaggs_011,3.62762304463945,2023-03-24
Knaggs_010,3.843001841620626,2023-03-24
Knaggs_009,2.398126463700234,2023-03-24
TC022,5.614528795811518,2023-03-24
TC023,13.071146245059287,2023-03-24
TC020,12.763789746917586,2023-03-24
TC005,0,2023-03-24
TC006,0,2023-03-24
TC007_008,0,2023-03-24
12-1,35.5793991416309,2023-03-24
24-2W,20.23699421965318,2023-03-24
7-1,51.33096366508689,2023-03-24
39-2,4.503042596348885,2023-03-24
15-3,5.422071636011617,2023-03-24
10-4,NA,2023-03-24
6-4,17.82608695652174,2023-03-24
15-8,3.09375,2023-03-24
15-6,3.1580310880829017,2023-03-24
4-1,21.98495432563138,2023-03-24
23-1,NA,2023-03-24
17-1,32.0095,2023-03-24
1-3,13.439846005774784,2023-03-24
1-2,10.354802259887006,2023-03-24
13-1,14.57876712328767,2023-03-24
1-4,26.394039735099337,2023-03-24
36-2,11.148692810457517,2023-03-24
3-3/3-4,1.2079566003616635,2023-03-24
39-4,4.3694444444444445,2023-03-24
6-3,17.3062015503876,2023-03-24
15-1,5.535087719298246,2023-03-24
19-1,21.72142857142857,2023-03-24
24-2E,26.246666666666663,2023-03-24
18-6,7.319444444444445,2023-03-24
20-1,26.88372093023256,2023-03-24
,40.97368421052632,2023-03-24
13-3,18.219811320754715,2023-03-24
1-5,20.05555555555556,2023-03-24
36-2,23.6624,2023-03-24
10-2,1.1692759295499022,2023-03-24
31-3,13.94603825136612,2023-03-24
31-3,28,2023-03-24
31-4,29.02,2023-03-24
24-2W,19.023316062176164,2023-03-24
17-3,28.62340316811446,2023-03-24
18-3,15.251700680272108,2023-03-24
13-2E,27.39469696969697,2023-03-24
13-5,47.206647398843934,2023-03-24
24-2W,19.6412213740458,2023-03-24
10-1,1.8242990654205609,2023-03-24
3-1/3-2,1.3221288515406162,2023-03-24
39-3,4.555900621118012,2023-03-24
6-2,41.84422110552764,2023-03-24
8-4,6.167037861915367,2023-03-24
33-4,9.196870925684484,2023-03-24
16-3,3.369135802469136,2023-03-24
7-4,17.846726982437467,2023-03-24
20-2,23.77955082742317,2023-03-24
,27.243611584327088,2023-03-24
24-3,18.465408805031448,2023-03-24
24-4,22.19830028328612,2023-03-24
20-3,12.243801652892564,2023-03-24
13-7,3.796875,2023-03-24
7-2,53.80692307692308,2023-03-24
12-2,9.908180300500836,2023-03-24
,20.795321637426905,2023-03-24
15-3,2.311526479750779,2023-03-24
10-4,3.49375866851595,2023-03-24
33-2,1.4142857142857144,2023-03-24
38-5,4.553662691652471,2023-03-24
18-2,27.52616446233468,2023-03-24
,18.348360655737704,2023-03-24
18-1,36.1921568627451,2023-03-24
13-2W,27.09004739336493,2023-03-24
7-5,8.79556898288016,2023-03-24
,20.836700336700336,2023-03-24
13-6,6.382857142857143,2023-03-24
39-1,6.216772151898734,2023-03-24
15-2,1.6025566531086577,2023-03-24
31-4,20.360730593607308,2023-03-24
9-2,5.185667752442996,2023-03-24
8-2,10.215827338129497,2023-03-24
27-1,3.2865878516102733,2023-03-24
7-3,32.26643464810518,2023-03-24
19-2,19.387466307277627,2023-03-24
38-0,2.900355871886121,2023-03-24
,4.628019323671498,2023-03-24
39-3,2.7783018867924527,2023-03-24
39-5,3.4653465346534653,2023-03-24
39-5,4.1,2023-03-24
,5.972222222222222,2023-03-24
38-6,17.074411541381927,2023-03-24
8-3,34.9349593495935,2023-03-24
22-2,3.368333333333333,2023-03-24
22-2,3.803921568627451,2023-03-24
22-2,2.673611111111111,2023-03-24
19-1,23.097142857142856,2023-03-24
19-1,22.730215827338128,2023-03-24
19-1,22.14509803921569,2023-03-24
19-1,23.38403041825095,2023-03-24
19-1,19.25,2023-03-24
19-1,22.78817733990148,2023-03-24
19-1,20.751851851851853,2023-03-24
19-1,23.590476190476192,2023-03-24
19-1,21.13928571428572,2023-03-24
19-1,20.82962962962963,2023-03-24
24-2E,19.9211356466877,2023-03-24
24-3,14.859116022099448,2023-03-24
24-3,16.36393442622951,2023-03-24
24-4,17.8112676056338,2023-03-24
24-4,23.08421052631579,2023-03-24
19-2,16.31602002503129,2023-03-24
,22.155555555555555,2023-03-24
36-1,3.314009661835749,2023-03-24
36-1,8.362745098039216,2023-03-24
36-3,13.906976744186046,2023-03-24
23-1,NA,2023-03-24
6-3,39.13829787234042,2023-03-24
6-3,20.901639344262296,2023-03-24
39-3,1.875,2023-03-24
6-3,15.826666666666666,2023-03-24
6-3,18.255434782608692,2023-03-24
6-4,26.967741935483872,2023-03-24
6-5W,28.090140845070422,2023-03-24
6-5E,24.912442396313363,2023-03-24
22-2,3.222826086956522,2023-03-24
22-2,4.257142857142857,2023-03-24
22-2,5.710144927536232,2023-03-24
22-2,4.555,2023-03-24
,27.53814002089864,2023-03-24
,28.44892221180881,2023-03-24
,13.224646983311938,2023-03-24
,7.847962382445141,2023-03-24
,28.058086560364465,2023-03-24
,32.58723404255319,2023-03-24
,28.05045278137128,2023-03-24
,28.805047867711053,2023-03-24
,11.877846790890269,2023-03-24
23-1,4.050112866817155,2023-03-24
23-2,5.796568627450981,2023-03-24
34-2,32.170212765957444,2023-03-24
28-5,6.732091690544412,2023-03-24
28-4,33.833766233766234,2023-03-24
38-7,13.412151898734177,2023-03-24
28-2,9.620401337792645,2023-03-24
28-1,24.053680981595093,2023-03-24
16-1,41.784140969163,2023-03-24
4-2,7.113318137414523,2023-03-24
HansHerkert,5.775574940523394,2023-03-26
YoloBasin,1.9972222222222225,2023-03-26
HPond,7.624894514767933,2023-03-26
Lucky5,5.740460899131092,2023-03-26
76,44.24472361809045,2023-03-26
70,7.159550561797753,2023-03-26
71,6.409252669039146,2023-03-26
72,33.8438021122846,2023-03-26
64,7.4221140472878995,2023-03-26
63,7.841885441527446,2023-03-26
Pond5,6.391927083333333,2023-03-26
Pond6,6.575547866205306,2023-03-26
Pond7,5.39117199391172,2023-03-26
Pond8,9.084199584199585,2023-03-26
Pond9,6.459821428571429,2023-03-26
Pond10,14.825813221406086,2023-03-26
Newstrom,22.03811369509044,2023-03-26
C300,9.907599781301258,2023-03-26
Souza1-4,13.446859903381643,2023-03-26
Souza106,15.093859649122807,2023-03-26
Dingville1,16.245355541319668,2023-03-26
Dingville3,18.215243472124207,2023-03-26
Dingville4,19.421085080147964,2023-03-26
ShadyOaks(MichaelRue),51.06269592476489,2023-03-26
NorthCreekHouse(R&F Ranch),66.69358041032429,2023-03-26
RioOsoRanch(RioOso),53.30778739184178,2023-03-26
Bluebird(R&F RealEstate),70.18739903069466,2023-03-26
Morrison(MichaelRue),46.4918125352908,2023-03-26
Knaggs,2.982200175080245,2023-03-26
TuleBasin(Chesapeak),29.32693929173693,2023-03-26
TuleBasin,8.485760128359406,2023-03-26
CapOil,3.185137732222934,2023-03-26
TidesEnd,2.3682539682539683,2023-03-26
Field 29C,7.081883316274309,2023-03-26
Field 29B,6.6319073083778965,2023-03-26
Field 29A,6.621666666666667,2023-03-26
Field 25E,7.608202443280978,2023-03-26
Field 25D,7.105042016806722,2023-03-26
Field 25C,15.490306946688207,2023-03-26
Field 26EE,13.909287257019438,2023-03-26
Field 26CW,25.33679833679834,2023-03-26
Field 26D - 50% ONLY,37.57021276595745,2023-03-26
Field 18,87.97708757637474,2023-03-26
Field 20A,13.831318970047294,2023-03-26
Field 20B,20.861396859772604,2023-03-26
Field 21,39.90523790483807,2023-03-26
Field and Tule,27.979307600477515,2023-03-26
055D,10.49292256452956,2023-03-26
055E,6.29845904298459,2023-03-26
056A,23.782537067545302,2023-03-26
056B,16.81853281853282,2023-03-26
056F,65.780868385346,2023-03-26
056E,20.795180722891565,2023-03-26
056G,23.46011235955056,2023-03-26
056H,67.41337209302326,2023-03-26
056I,24.74125874125874,2023-03-26
056J,49.9811751283514,2023-03-26
056K,37.3343428225318,2023-03-26
056L,19.70047449584816,2023-03-26
056M,29.29189944134078,2023-03-26
056N,53.7773851590106,2023-03-26
056P,47.87980769230769,2023-03-26
056Q,28.94606413994169,2023-03-26
061,89.34725848563968,2023-03-26
068B,47.8530895334174,2023-03-26
069A3,34.689064558629774,2023-03-26
069B,23.45702430349733,2023-03-26
069C,35.82486772486772,2023-03-26
072A,47.05897945659377,2023-03-26
072B,65.02594936708861,2023-03-26
076A1,76.70343580470163,2023-03-26
076A1,76.70343580470163,2023-03-26
076B,68.28939828080229,2023-03-26
076CW,26.392050587172537,2023-03-26
078A,94.81536555142505,2023-03-26
078B,91.944,2023-03-26
078C,56.84,2023-03-26
088,19.88,2023-03-26
089B,20.524293785310736,2023-03-26
089A,NA,2023-03-26
090A,37.29213483146067,2023-03-26
091A,17.074742268041238,2023-03-26
091B,8.353925353925353,2023-03-26
093A,17.179916317991633,2023-03-26
093B,16.70769230769231,2023-03-26
093C,27.5868830290737,2023-03-26
093D,27.071052631578947,2023-03-26
093E,18.85770234986945,2023-03-26
094B,12.781207598371775,2023-03-26
096AW2,18.21328958162428,2023-03-26
096AW1,18.340531561461795,2023-03-26
100A,76.20958399157452,2023-03-26
100B,75.05124521072797,2023-03-26
100C,33.273615635179155,2023-03-26
100DE,27.66996699669967,2023-03-26
100G,44.4431934493347,2023-03-26
100M1,20.870445344129557,2023-03-26
100N,23.36788990825688,2023-03-26
102D,4.931763285024155,2023-03-26
102G,8.344242424242424,2023-03-26
102J,9.519736842105264,2023-03-26
106H6,15.852777777777778,2023-03-26
106H3,13.294117647058824,2023-03-26
106H4,12.285470085470086,2023-03-26
106H2,9.031207598371775,2023-03-26
106H2,11.98611111111111,2023-03-26
110F,36.655502392344495,2023-03-26
110G,17.21311475409836,2023-03-26
110J,29.549586776859503,2023-03-26
110K,41.34797441364606,2023-03-26
110L,34.534814814814816,2023-03-26
111A,87.27467811158799,2023-03-26
111B,85.67549668874172,2023-03-26
111C,56.45792563600783,2023-03-26
111D,65.28884826325411,2023-03-26
111E,20.253256904637837,2023-03-26
111F,25.36447774349934,2023-03-26
111G,19.813837050523443,2023-03-26
111H,31.97943640517898,2023-03-26
111J,81.80230326295586,2023-03-26
111K,111.2202380952381,2023-03-26
116A,54.491961414791,2023-03-26
116D,18.259414225941423,2023-03-26
131D,19.076115485564305,2023-03-26
131F,31.194300518134717,2023-03-26
192EN,16.5278940027894,2023-03-26
192ES,8.65352581898945,2023-03-26
203-42,48.63178913738019,2023-03-26
203-41,36.78157413056742,2023-03-26
205C,38.65982905982906,2023-03-26
205E,49.72218730358265,2023-03-26
205W,27.97914995990377,2023-03-26
206SW,5.55746140651801,2023-03-26
207E,41.37037037037037,2023-03-26
207W,60.973995271867615,2023-03-26
208E,32.69705882352941,2023-03-26
208W,10.22,2023-03-26
209E,10.081293706293708,2023-03-26
209W,7.609147609147609,2023-03-26
210E,62.74216027874565,2023-03-26
210W,8.180817610062894,2023-03-26
211E,46.98846597462514,2023-03-26
211C,33.50928381962865,2023-03-26
211SE,9.819230769230767,2023-03-26
211SWE,70.40080971659918,2023-03-26
211SWW,34.56709956709957,2023-03-26
211W,51.83513513513513,2023-03-26
212E,56.99839055793991,2023-03-26
212W,24.90324324324324,2023-03-26
213E,7.042866711319491,2023-03-26
213W,34.339851652056645,2023-03-26
214E,11.233183856502242,2023-03-26
214W,7.423887587822014,2023-03-26
215E,5.819216182048041,2023-03-26
215W,8.07741116751269,2023-03-26
216E,30.216216216216218,2023-03-26
216W,41.36722119531731,2023-03-26
217E,27.846739130434784,2023-03-26
217W,42.58659549228944,2023-03-26
218E,27.76230899830221,2023-03-26
218W,57.29391100702576,2023-03-26
219E,39.78685258964144,2023-03-26
219W,46.95658073270013,2023-03-26
220E,7.081570996978852,2023-03-26
220W,70.13204508856683,2023-03-26
221E,62.42980705256154,2023-03-26
221S,18.34538152610442,2023-03-26
221W,42.33455433455433,2023-03-26
222E,59.34748160724392,2023-03-26
222W,67.07457627118644,2023-03-26
Barale,23.3046875,2023-03-26
BorderTule,8.388742660457583,2023-03-26
8-4,5.244851258581236,2023-03-26
21-1,28.148867313915854,2023-03-26
21-2,31.304090419806244,2023-03-26
5-3,36.78279181708785,2023-03-26
5-2,40.23559214692843,2023-03-26
5-1,26.846246973365616,2023-03-26
32-3,8.736661771904062,2023-03-26
32-2,15.942464040025015,2023-03-26
32-1,11.216721672167218,2023-03-26
21-3,20.0209545983702,2023-03-26
21-4,29.17091595845137,2023-03-26
16-2,5.994174757281553,2023-03-26
9-1,5.710809102402023,2023-03-26
22-1,4.484240687679083,2023-03-26
31-1,19.886733902249805,2023-03-26
31-2,9.57617728531856,2023-03-26
27-2,4.323645970937913,2023-03-26
18-5,14.665226781857452,2023-03-26
24-1,19.40408163265306,2023-03-26
17-2,34.63481228668942,2023-03-26
Staten Island Pilot,57.99573478092284,2023-03-26
D1A_019,37.09377462568952,2023-03-26
D1A_032,32.043822276323795,2023-03-26
D1A_050,12.137226970560304,2023-03-26
D3__017,7.389357560025958,2023-03-26
D3__018,7.975180144115292,2023-03-26
D3__025,25.57803081044876,2023-03-26
D3__074,23.67003367003367,2023-03-26
D3__080,23.042904290429043,2023-03-26
D3__085,25.184996821360457,2023-03-26
D4__010,53.59462308908803,2023-03-26
D4__038,29.666871921182267,2023-03-26
D4__039,25.190224570673717,2023-03-26
D4__056,17.187722419928825,2023-03-26
D4__060,27.45369284876905,2023-03-26
ROOS3,9.13946587537092,2023-03-26
ROOS2,13.41396103896104,2023-03-26
ROOS1,30.5125,2023-03-26
TC014,13.357466063348417,2023-03-26
TC013,9.838538909475911,2023-03-26
TC015,17.24866310160428,2023-03-26
TC016,25.321338912133893,2023-03-26
TC012,2.5741811175337186,2023-03-26
Knaggs_011,2.841663487218619,2023-03-26
Knaggs_010,3.052486187845304,2023-03-26
Knaggs_009,3.3138173302107727,2023-03-26
TC022,7.901832460732984,2023-03-26
TC023,17.679841897233203,2023-03-26
TC020,16.126541207008437,2023-03-26
TC005,0,2023-03-26
TC006,0,2023-03-26
TC007_008,0,2023-03-26
12-1,48.85407725321888,2023-03-26
24-2W,20.192678227360307,2023-03-26
7-1,73.16192733017378,2023-03-26
39-2,3.052738336713996,2023-03-26
15-3,6.036786060019361,2023-03-26
10-4,NA,2023-03-26
6-4,18.682065217391305,2023-03-26
15-8,4.105113636363637,2023-03-26
15-6,5.650259067357513,2023-03-26
4-1,19.07469102632993,2023-03-26
23-1,NA,2023-03-26
17-1,52.1945,2023-03-26
1-3,23.41867179980751,2023-03-26
1-2,14,2023-03-26
13-1,20.32705479452055,2023-03-26
1-4,26.66390728476821,2023-03-26
36-2,17.183006535947712,2023-03-26
3-3/3-4,3.8028933092224233,2023-03-26
39-4,3.9425925925925926,2023-03-26
6-3,21.9031007751938,2023-03-26
15-1,5.339525283797729,2023-03-26
19-1,14.582142857142856,2023-03-26
24-2E,22.89,2023-03-26
18-6,9.583333333333334,2023-03-26
20-1,37.56976744186046,2023-03-26
,38.81578947368421,2023-03-26
13-3,24.512264150943395,2023-03-26
1-5,20.99425287356322,2023-03-26
36-2,27.4512,2023-03-26
10-2,2.562622309197652,2023-03-26
31-3,18.81967213114754,2023-03-26
31-3,35.51659292035398,2023-03-26
31-4,29.316,2023-03-26
24-2W,17.466321243523318,2023-03-26
17-3,39.11548288196219,2023-03-26
18-3,20.53628117913832,2023-03-26
13-2E,32.902272727272724,2023-03-26
13-5,61.24277456647399,2023-03-26
24-2W,21.979007633587788,2023-03-26
10-1,4.338317757009346,2023-03-26
3-1/3-2,3.813025210084034,2023-03-26
39-3,2.9627329192546585,2023-03-26
6-2,58.4355108877722,2023-03-26
8-4,5.55456570155902,2023-03-26
33-4,17.936114732724903,2023-03-26
16-3,4.842592592592593,2023-03-26
7-4,20.196381053751995,2023-03-26
20-2,33.705673758865245,2023-03-26
,34.0221465076661,2023-03-26
24-3,15.757861635220126,2023-03-26
24-4,23.025495750708217,2023-03-26
20-3,18.771546635183,2023-03-26
13-7,4.925,2023-03-26
7-2,58.494615384615386,2023-03-26
12-2,14.479131886477465,2023-03-26
,21.07017543859649,2023-03-26
15-3,4.4620976116303215,2023-03-26
10-4,5.845353675450763,2023-03-26
33-2,3.592063492063492,2023-03-26
38-5,3.2930153321976148,2023-03-26
18-2,33.297872340425535,2023-03-26
,26.975409836065573,2023-03-26
18-1,35.62196078431373,2023-03-26
13-2W,33.30647709320695,2023-03-26
7-5,9.988922457200404,2023-03-26
,25.95959595959596,2023-03-26
13-6,10.108571428571429,2023-03-26
39-1,6.775316455696203,2023-03-26
15-2,3.89424753050552,2023-03-26
31-4,21.09132420091324,2023-03-26
9-2,5.927687296416938,2023-03-26
8-2,16.40359712230216,2023-03-26
27-1,4.2152466367713,2023-03-26
7-3,39.08275328692962,2023-03-26
19-2,11.742587601078167,2023-03-26
38-0,3.303914590747331,2023-03-26
,3.845410628019324,2023-03-26
39-3,1.9245283018867925,2023-03-26
39-5,1.900990099009901,2023-03-26
39-5,3.8388235294117647,2023-03-26
,3.6944444444444446,2023-03-26
38-6,20.012148823082764,2023-03-26
8-3,40.52113821138212,2023-03-26
22-2,5.19,2023-03-26
22-2,5.759803921568627,2023-03-26
22-2,5.756944444444445,2023-03-26
19-1,19.377142857142857,2023-03-26
19-1,15.5,2023-03-26
19-1,15.062745098039215,2023-03-26
19-1,14.847908745247148,2023-03-26
19-1,16.143382352941178,2023-03-26
19-1,15.736453201970445,2023-03-26
19-1,19.881481481481483,2023-03-26
19-1,15.471428571428572,2023-03-26
19-1,13.710714285714284,2023-03-26
19-1,14.14074074074074,2023-03-26
24-2E,19.44794952681388,2023-03-26
24-3,13.679558011049725,2023-03-26
24-3,14.40655737704918,2023-03-26
24-4,15.68169014084507,2023-03-26
24-4,23.79298245614035,2023-03-26
19-2,10.653942428035045,2023-03-26
,28.466666666666665,2023-03-26
36-1,4.719806763285024,2023-03-26
36-1,10.31372549019608,2023-03-26
36-3,16.147286821705425,2023-03-26
23-1,NA,2023-03-26
6-3,50.88297872340426,2023-03-26
6-3,31.09016393442623,2023-03-26
39-3,1.6333333333333333,2023-03-26
6-3,19.72,2023-03-26
6-3,23.91304347826087,2023-03-26
6-4,21.33467741935484,2023-03-26
6-5W,33.33896713615024,2023-03-26
6-5E,33.06912442396313,2023-03-26
22-2,4.940217391304348,2023-03-26
22-2,5.017857142857143,2023-03-26
22-2,7.471014492753623,2023-03-26
22-2,6.94,2023-03-26
,22.70950888192268,2023-03-26
,25.19962511715089,2023-03-26
,13.399229781771504,2023-03-26
,6.876175548589342,2023-03-26
,23.832574031890665,2023-03-26
,24.68794326241135,2023-03-26
,25.28848641655886,2023-03-26
,32.92776327241079,2023-03-26
,9.5879917184265,2023-03-26
23-1,4.134537246049661,2023-03-26
23-2,4.901960784313726,2023-03-26
34-2,20.50531914893617,2023-03-26
28-5,11.86341929321872,2023-03-26
28-4,50.7461038961039,2023-03-26
38-7,20.1346835443038,2023-03-26
28-2,17.600334448160535,2023-03-26
28-1,37.83588957055215,2023-03-26
16-1,52.1086637298091,2023-03-26
4-2,10.043959622272876,2023-03-26
HansHerkert,6.063970393867301,2023-03-31
YoloBasin,7.916666666666667,2023-03-31
HPond,14.872362869198312,2023-03-31
Lucky5,9.612391386475254,2023-03-31
76,21.121608040201004,2023-03-31
70,6.492134831460674,2023-03-31
71,6.530249110320285,2023-03-31
72,20.731517509727627,2023-03-31
64,5.971488178025035,2023-03-31
63,9.24582338902148,2023-03-31
Pond5,5.255208333333333,2023-03-31
Pond6,5.320645905420992,2023-03-31
Pond7,6.701674277016743,2023-03-31
Pond8,12.344074844074845,2023-03-31
Pond9,8.185267857142858,2023-03-31
Pond10,18.52256033578174,2023-03-31
Newstrom,13.832687338501293,2023-03-31
C300,8.455986878075452,2023-03-31
Souza1-4,10.190016103059582,2023-03-31
Souza106,9.425438596491228,2023-03-31
Dingville1,10.30429212043562,2023-03-31
Dingville3,12.8969654199012,2023-03-31
Dingville4,12.33600493218249,2023-03-31
ShadyOaks(MichaelRue),21.98275862068965,2023-03-31
NorthCreekHouse(R&F Ranch),36.65585704831238,2023-03-31
RioOsoRanch(RioOso),27.18170580964153,2023-03-31
Bluebird(R&F RealEstate),43.33925686591276,2023-03-31
Morrison(MichaelRue),23.75663466967815,2023-03-31
Knaggs,3.272979282170995,2023-03-31
TuleBasin(Chesapeak),23.813870151770654,2023-03-31
TuleBasin,6.442438828720417,2023-03-31
CapOil,2.8770019218449714,2023-03-31
TidesEnd,17.607709750566894,2023-03-31
Field 29C,4.754350051177073,2023-03-31
Field 29B,4.4893048128342246,2023-03-31
Field 29A,4.534166666666667,2023-03-31
Field 25E,5.666666666666667,2023-03-31
Field 25D,5.542016806722689,2023-03-31
Field 25C,7.255250403877222,2023-03-31
Field 26EE,8.680345572354211,2023-03-31
Field 26CW,13.08004158004158,2023-03-31
Field 26D - 50% ONLY,23.029787234042555,2023-03-31
Field 18,39.89969450101833,2023-03-31
Field 20A,7.393063583815029,2023-03-31
Field 20B,9.310774228478614,2023-03-31
Field 21,19.39264294282287,2023-03-31
Field and Tule,33.8058097890967,2023-03-31
055D,3.745212323064113,2023-03-31
055E,3.360097323600973,2023-03-31
056A,21.33690280065898,2023-03-31
056B,5.120463320463321,2023-03-31
056F,33.00067842605156,2023-03-31
056E,12.633199464524766,2023-03-31
056G,28.518539325842696,2023-03-31
056H,30.42558139534884,2023-03-31
056I,28.86013986013986,2023-03-31
056J,37.17969195664575,2023-03-31
056K,29.539672925499698,2023-03-31
056L,9.934163701067616,2023-03-31
056M,10.504888268156424,2023-03-31
056N,23.65547703180212,2023-03-31
056P,20.943509615384617,2023-03-31
056Q,12.526239067055394,2023-03-31
061,51.38642297650131,2023-03-31
068B,24.57250945775536,2023-03-31
069A3,29.66139657444005,2023-03-31
069B,17.86188500296384,2023-03-31
069C,29.81164021164021,2023-03-31
072A,21.58979456593771,2023-03-31
072B,38.32025316455696,2023-03-31
076A1,62.381555153707055,2023-03-31
076A1,62.381555153707055,2023-03-31
076B,61.16809933142312,2023-03-31
076CW,13.004516711833784,2023-03-31
078A,66.93122676579925,2023-03-31
078B,77.948,2023-03-31
078C,59.14375,2023-03-31
088,20.72449438202247,2023-03-31
089B,12.70734463276836,2023-03-31
089A,NA,2023-03-31
090A,33.97003745318352,2023-03-31
091A,7.528350515463917,2023-03-31
091B,6.40990990990991,2023-03-31
093A,15.9860529986053,2023-03-31
093B,8.047552447552448,2023-03-31
093C,17.022988505747126,2023-03-31
093D,15.807894736842105,2023-03-31
093E,9.89556135770235,2023-03-31
094B,7.798168249660787,2023-03-31
096AW2,9.543068088597211,2023-03-31
096AW1,10.855481727574752,2023-03-31
100A,42.345971563981045,2023-03-31
100B,39.84913793103448,2023-03-31
100C,18.25081433224756,2023-03-31
100DE,11.901650165016502,2023-03-31
100G,21.1914022517912,2023-03-31
100M1,13.31417004048583,2023-03-31
100N,22.823853211009176,2023-03-31
102D,4.009057971014493,2023-03-31
102G,6.14,2023-03-31
102J,6.552631578947368,2023-03-31
106H6,17.594444444444445,2023-03-31
106H3,9.02076124567474,2023-03-31
106H4,10.451282051282051,2023-03-31
106H2,6.8616010854816825,2023-03-31
106H2,9.780555555555557,2023-03-31
110F,15.74066985645933,2023-03-31
110G,9.826502732240437,2023-03-31
110J,10.72635445362718,2023-03-31
110K,12.747547974413646,2023-03-31
110L,10.94962962962963,2023-03-31
111A,50.137339055794,2023-03-31
111B,46.26379690949227,2023-03-31
111C,28.88454011741683,2023-03-31
111D,38.61700182815356,2023-03-31
111E,14.626367899947889,2023-03-31
111F,15.152930806522695,2023-03-31
111G,13.412380518889394,2023-03-31
111H,18.138613861386137,2023-03-31
111J,61.02687140115163,2023-03-31
111K,87.89880952380952,2023-03-31
116A,24.60128617363344,2023-03-31
116D,11.2081589958159,2023-03-31
131D,12.70997375328084,2023-03-31
131F,19.316062176165804,2023-03-31
192EN,7.725244072524407,2023-03-31
192ES,6.362021099389228,2023-03-31
203-42,20.237220447284344,2023-03-31
203-41,16.099450884685783,2023-03-31
205C,16.87264957264957,2023-03-31
205E,19.25769956002514,2023-03-31
205W,15.20850040096231,2023-03-31
206SW,4.202401372212693,2023-03-31
207E,21.63973063973064,2023-03-31
207W,22.05122143420016,2023-03-31
208E,14.430147058823527,2023-03-31
208W,5.967407407407407,2023-03-31
209E,8.66958041958042,2023-03-31
209W,4.533264033264033,2023-03-31
210E,27.375435540069688,2023-03-31
210W,5.821540880503145,2023-03-31
211E,22.217993079584776,2023-03-31
211C,18.749336870026525,2023-03-31
211SE,7.338461538461538,2023-03-31
211SWE,33.16194331983806,2023-03-31
211SWW,15.303030303030305,2023-03-31
211W,18.66162162162162,2023-03-31
212E,23.142703862660944,2023-03-31
212W,9.676756756756756,2023-03-31
213E,3.549899531145345,2023-03-31
213W,15.443695212407285,2023-03-31
214E,5.397982062780269,2023-03-31
214W,4.319672131147541,2023-03-31
215E,4.144121365360303,2023-03-31
215W,4.338832487309645,2023-03-31
216E,13.346951602765555,2023-03-31
216W,19.577942082563155,2023-03-31
217E,11.919565217391304,2023-03-31
217W,16.547449584816132,2023-03-31
218E,11.148839841539331,2023-03-31
218W,22.501170960187352,2023-03-31
219E,16.464807436918992,2023-03-31
219W,20.457259158751697,2023-03-31
220E,4.172205438066465,2023-03-31
220W,30.225442834138487,2023-03-31
221E,26.812375249501,2023-03-31
221S,10.56091030789826,2023-03-31
221W,16.957875457875456,2023-03-31
222E,26.5970571590266,2023-03-31
222W,25.440677966101696,2023-03-31
Barale,33.96875,2023-03-31
BorderTule,12.104069649726664,2023-03-31
8-4,11.121281464530892,2023-03-31
21-1,16.122515025427646,2023-03-31
21-2,18.70936490850377,2023-03-31
5-3,31.48255114320096,2023-03-31
5-2,47.19759341355288,2023-03-31
5-1,24.65980629539952,2023-03-31
32-3,30.94371023005384,2023-03-31
32-2,18.273295809881176,2023-03-31
32-1,34.45984598459846,2023-03-31
21-3,13.364377182770664,2023-03-31
21-4,18.762983947119924,2023-03-31
16-2,4.377087378640777,2023-03-31
9-1,5.04551201011378,2023-03-31
22-1,3.96919770773639,2023-03-31
31-1,18.20946470131885,2023-03-31
31-2,8.299861495844876,2023-03-31
27-2,2.533245266402466,2023-03-31
18-5,10.177105831533478,2023-03-31
24-1,19.285204081632653,2023-03-31
17-2,21.184787908337395,2023-03-31
Staten Island Pilot,34.59208995734781,2023-03-31
D1A_019,22.58550039401103,2023-03-31
D1A_032,39.21850273889227,2023-03-31
D1A_050,17.433998100664766,2023-03-31
D3__017,6.195327709279688,2023-03-31
D3__018,6.318654923939151,2023-03-31
D3__025,11.195579370395178,2023-03-31
D3__074,12.226936026936029,2023-03-31
D3__080,14.05082508250825,2023-03-31
D3__085,10.333121424030516,2023-03-31
D4__010,27.0917237743806,2023-03-31
D4__038,14.97783251231527,2023-03-31
D4__039,11.92338177014531,2023-03-31
D4__056,10.37900355871886,2023-03-31
D4__060,15.658851113716295,2023-03-31
ROOS3,14.77299703264095,2023-03-31
ROOS2,17.48755411255411,2023-03-31
ROOS1,34.052083333333336,2023-03-31
TC014,11.23076923076923,2023-03-31
TC013,9.009528851244044,2023-03-31
TC015,24.08021390374332,2023-03-31
TC016,22.05606694560669,2023-03-31
TC012,13.457032755298652,2023-03-31
Knaggs_011,2.8836322014498283,2023-03-31
Knaggs_010,3.5999079189686927,2023-03-31
Knaggs_009,3.2473067915690867,2023-03-31
TC022,6.100785340314136,2023-03-31
TC023,11.341238471673254,2023-03-31
TC020,10.390655418559376,2023-03-31
TC005,0,2023-03-31
TC006,0,2023-03-31
TC007_008,0,2023-03-31
12-1,38.51072961373391,2023-03-31
24-2W,20.878612716763005,2023-03-31
7-1,34.060821484992104,2023-03-31
39-2,2.13894523326572,2023-03-31
15-3,2.661181026137464,2023-03-31
10-4,NA,2023-03-31
6-4,15.369565217391305,2023-03-31
15-8,2.8068181818181817,2023-03-31
15-6,3.2305699481865284,2023-03-31
4-1,23.84524449220849,2023-03-31
23-1,NA,2023-03-31
17-1,30.264,2023-03-31
1-3,12.361886429258902,2023-03-31
1-2,10.27457627118644,2023-03-31
13-1,13.392123287671232,2023-03-31
1-4,20.210264900662253,2023-03-31
36-2,7.816993464052287,2023-03-31
3-3/3-4,2.8541289933695,2023-03-31
39-4,2.962037037037037,2023-03-31
6-3,17.751937984496124,2023-03-31
15-1,2.9246646026831784,2023-03-31
19-1,18.060714285714287,2023-03-31
24-2E,19.776666666666667,2023-03-31
18-6,8.1875,2023-03-31
20-1,20.98488372093023,2023-03-31
,35.49342105263158,2023-03-31
13-3,16.260377358490565,2023-03-31
1-5,17.038314176245212,2023-03-31
36-2,27.72,2023-03-31
10-2,2.24559686888454,2023-03-31
31-3,12.613387978142075,2023-03-31
31-3,21.17920353982301,2023-03-31
31-4,23.748,2023-03-31
24-2W,19.16580310880829,2023-03-31
17-3,25.16300459887583,2023-03-31
18-3,13.47108843537415,2023-03-31
13-2E,27.62878787878788,2023-03-31
13-5,33.054913294797686,2023-03-31
24-2W,18.603053435114504,2023-03-31
10-1,8.517757009345795,2023-03-31
3-1/3-2,2.593137254901961,2023-03-31
39-3,2.372670807453416,2023-03-31
6-2,31.571189279731996,2023-03-31
8-4,11.367483296213807,2023-03-31
33-4,21.99348109517601,2023-03-31
16-3,4.102469135802469,2023-03-31
7-4,15.39329430548164,2023-03-31
20-2,20.778959810874703,2023-03-31
,22.063032367972745,2023-03-31
24-3,18.459119496855347,2023-03-31
24-4,20.20113314447592,2023-03-31
20-3,10.580283353010628,2023-03-31
13-7,3.025,2023-03-31
7-2,36.51538461538462,2023-03-31
12-2,10.437395659432386,2023-03-31
,24.157894736842103,2023-03-31
15-3,2.712876427829699,2023-03-31
10-4,12.178224687933426,2023-03-31
33-2,3.1095238095238096,2023-03-31
38-5,2.942078364565588,2023-03-31
18-2,26.70845313398505,2023-03-31
,20.557377049180328,2023-03-31
18-1,29.084705882352942,2023-03-31
13-2W,16.427330173775673,2023-03-31
7-5,11.622356495468278,2023-03-31
,18.63131313131313,2023-03-31
13-6,4.971428571428572,2023-03-31
39-1,4.6455696202531644,2023-03-31
15-2,2.4805345729227195,2023-03-31
31-4,16.812785388127853,2023-03-31
9-2,21.9257328990228,2023-03-31
8-2,11.740287769784173,2023-03-31
27-1,2.4785976355483084,2023-03-31
7-3,26.479891724671308,2023-03-31
19-2,14.454851752021565,2023-03-31
38-0,3.4583629893238435,2023-03-31
,5.845410628019324,2023-03-31
39-3,2.7735849056603774,2023-03-31
39-5,2.5445544554455446,2023-03-31
39-5,4.281176470588235,2023-03-31
,2.861111111111111,2023-03-31
38-6,19.10554290053151,2023-03-31
8-3,26.47439024390244,2023-03-31
22-2,6.211666666666667,2023-03-31
22-2,13.34313725490196,2023-03-31
22-2,9.09027777777778,2023-03-31
19-1,22.777142857142856,2023-03-31
19-1,21.485611510791365,2023-03-31
19-1,21.54117647058824,2023-03-31
19-1,21.04942965779468,2023-03-31
19-1,21.496323529411764,2023-03-31
19-1,22.06650246305419,2023-03-31
19-1,22.09259259259259,2023-03-31
19-1,21.59523809523809,2023-03-31
19-1,21.957142857142856,2023-03-31
19-1,18.881481481481483,2023-03-31
24-2E,19.028391167192428,2023-03-31
24-3,16.723756906077348,2023-03-31
24-3,17.095081967213115,2023-03-31
24-4,16.890140845070423,2023-03-31
24-4,20.53333333333333,2023-03-31
19-2,12.55006257822278,2023-03-31
,24.444444444444443,2023-03-31
36-1,5.386473429951691,2023-03-31
36-1,8.681372549019608,2023-03-31
36-3,14.821705426356589,2023-03-31
23-1,NA,2023-03-31
6-3,34.58510638297872,2023-03-31
6-3,20.311475409836067,2023-03-31
39-3,3.216666666666667,2023-03-31
6-3,16.413333333333334,2023-03-31
6-3,21.11413043478261,2023-03-31
6-4,20.512096774193548,2023-03-31
6-5W,28.507042253521128,2023-03-31
6-5E,22.472350230414747,2023-03-31
22-2,3.472826086956522,2023-03-31
22-2,6.110714285714286,2023-03-31
22-2,10.5,2023-03-31
22-2,8.495,2023-03-31
,22.41379310344828,2023-03-31
,24.810684161199624,2023-03-31
,12.514762516046211,2023-03-31
,6.797805642633229,2023-03-31
,23.9248291571754,2023-03-31
,28.96170212765957,2023-03-31
,25.240620957309183,2023-03-31
,23.09921671018277,2023-03-31
,16.05175983436853,2023-03-31
23-1,2.202031602708804,2023-03-31
23-2,4.83578431372549,2023-03-31
34-2,21.579787234042552,2023-03-31
28-5,6.562082139446036,2023-03-31
28-4,36.52857142857143,2023-03-31
38-7,12.382278481012658,2023-03-31
28-2,10.79598662207358,2023-03-31
28-1,20.380879345603272,2023-03-31
16-1,35.59618208516887,2023-03-31
4-2,13.427222403126018,2023-03-31
HansHerkert,12.293682262754428,2023-04-05
YoloBasin,12.843055555555557,2023-04-05
HPond,12.1126582278481,2023-04-05
Lucky5,13.582924064979222,2023-04-05
76,39.083417085427136,2023-04-05
70,7.101123595505618,2023-04-05
71,8.817488561260804,2023-04-05
72,29.591439688715955,2023-04-05
64,7.135605006954103,2023-04-05
63,10.619331742243435,2023-04-05
Pond5,6.23046875,2023-04-05
Pond6,11.61937716262976,2023-04-05
Pond7,8.051750380517504,2023-04-05
Pond8,7.616424116424116,2023-04-05
Pond9,8.9375,2023-04-05
Pond10,14.707240293809024,2023-04-05
Newstrom,22.34431524547804,2023-04-05
C300,9.96172772006561,2023-04-05
Souza1-4,14.09500805152979,2023-04-05
Souza106,17.087719298245613,2023-04-05
Dingville1,17.556053811659194,2023-04-05
Dingville3,20.29498941425547,2023-04-05
Dingville4,21.031442663378545,2023-04-05
ShadyOaks(MichaelRue),71.92163009404389,2023-04-05
NorthCreekHouse(R&F Ranch),71.4228987425546,2023-04-05
RioOsoRanch(RioOso),52.75278121137207,2023-04-05
Bluebird(R&F RealEstate),96.28540656973614,2023-04-05
Morrison(MichaelRue),53.6583850931677,2023-04-05
Knaggs,3.992413189378465,2023-04-05
TuleBasin(Chesapeak),24.54468802698145,2023-04-05
TuleBasin,34.77577216205375,2023-04-05
CapOil,5.1114670083279945,2023-04-05
TidesEnd,14.862131519274376,2023-04-05
Field 29C,6.461617195496418,2023-04-05
Field 29B,5.468805704099822,2023-04-05
Field 29A,6.015,2023-04-05
Field 25E,6.864746945898778,2023-04-05
Field 25D,6.420168067226891,2023-04-05
Field 25C,10.869143780290791,2023-04-05
Field 26EE,38.23110151187905,2023-04-05
Field 26CW,23.80873180873181,2023-04-05
Field 26D - 50% ONLY,63.65425531914894,2023-04-05
Field 18,61.49439918533605,2023-04-05
Field 20A,13.205465055176038,2023-04-05
Field 20B,20.036816459122903,2023-04-05
Field 21,57.45541783286685,2023-04-05
Field and Tule,26.77656187823319,2023-04-05
055D,13.21398834304746,2023-04-05
055E,10.218978102189782,2023-04-05
056A,15.981878088962109,2023-04-05
056B,12.715830115830116,2023-04-05
056F,50.8527815468114,2023-04-05
056E,15.129852744310575,2023-04-05
056G,24.824157303370782,2023-04-05
056H,68.36976744186046,2023-04-05
056I,23.622377622377623,2023-04-05
056J,61.974329720479176,2023-04-05
056K,50.26832222895215,2023-04-05
056L,16.700474495848162,2023-04-05
056M,19.83240223463687,2023-04-05
056N,57.09452296819788,2023-04-05
056P,41.81490384615385,2023-04-05
056Q,22.262390670553938,2023-04-05
061,61.68537859007833,2023-04-05
068B,45.36002522068096,2023-04-05
069A3,26.69828722002635,2023-04-05
069B,19.615293420272675,2023-04-05
069C,29.257142857142856,2023-04-05
072A,28.223989396951623,2023-04-05
072B,36.03037974683544,2023-04-05
076A1,75.83273056057867,2023-04-05
076A1,75.83273056057867,2023-04-05
076B,75.65138490926456,2023-04-05
076CW,14.616982836495032,2023-04-05
078A,93.00867410161092,2023-04-05
078B,72.44133333333333,2023-04-05
078C,48.25875,2023-04-05
088,14.135280898876404,2023-04-05
089B,14.650282485875708,2023-04-05
089A,NA,2023-04-05
090A,28.0749063670412,2023-04-05
091A,26.210051546391757,2023-04-05
091B,10.00836550836551,2023-04-05
093A,14.389121338912132,2023-04-05
093B,12.832167832167832,2023-04-05
093C,22.592968221771468,2023-04-05
093D,20.34407894736842,2023-04-05
093E,16.825718015665796,2023-04-05
094B,14.754409769335142,2023-04-05
096AW2,17.044298605414273,2023-04-05
096AW1,15.192691029900333,2023-04-05
100A,58.57135334386519,2023-04-05
100B,70.53400383141762,2023-04-05
100C,26.15309446254072,2023-04-05
100DE,23.03399339933993,2023-04-05
100G,33.184237461617194,2023-04-05
100M1,16.02591093117409,2023-04-05
100N,20.01559633027523,2023-04-05
102D,5.742753623188406,2023-04-05
102G,7.999393939393939,2023-04-05
102J,10.205043859649123,2023-04-05
106H6,13.225,2023-04-05
106H3,11.03114186851211,2023-04-05
106H4,11.446153846153846,2023-04-05
106H2,9.17774762550882,2023-04-05
106H2,9.802777777777775,2023-04-05
110F,29.72822966507177,2023-04-05
110G,13.039617486338798,2023-04-05
110J,23.262626262626263,2023-04-05
110K,50.38336886993604,2023-04-05
110L,31.48592592592593,2023-04-05
111A,76.10515021459227,2023-04-05
111B,58.4878587196468,2023-04-05
111C,69.29158512720157,2023-04-05
111D,84.3308957952468,2023-04-05
111E,18.60917144346013,2023-04-05
111F,20.128250330542087,2023-04-05
111G,15.827492034592629,2023-04-05
111H,20.947448591012947,2023-04-05
111J,51.91554702495201,2023-04-05
111K,78.71130952380952,2023-04-05
116A,43.553054662379424,2023-04-05
116D,12.200836820083682,2023-04-05
131D,18.745406824146983,2023-04-05
131F,17.911917098445596,2023-04-05
192EN,13.0139470013947,2023-04-05
192ES,11.392559689061631,2023-04-05
203-42,41.05031948881789,2023-04-05
203-41,34.153752287980474,2023-04-05
205C,33.35641025641026,2023-04-05
205E,53.17410433689504,2023-04-05
205W,36.706495589414594,2023-04-05
206SW,6.927958833619211,2023-04-05
207E,40.73148148148148,2023-04-05
207W,50.09850275807722,2023-04-05
208E,36.64411764705882,2023-04-05
208W,9.182222222222222,2023-04-05
209E,12.40034965034965,2023-04-05
209W,8.26091476091476,2023-04-05
210E,52.65156794425087,2023-04-05
210W,9.09433962264151,2023-04-05
211E,45.858708189158016,2023-04-05
211C,44.342175066313,2023-04-05
211SE,12.396153846153846,2023-04-05
211SWE,50.59514170040486,2023-04-05
211SWW,46.98268398268398,2023-04-05
211W,50.40162162162162,2023-04-05
212E,54.72854077253219,2023-04-05
212W,26.633513513513517,2023-04-05
213E,12.470194239785666,2023-04-05
213W,33.86985839514497,2023-04-05
214E,8.705156950672645,2023-04-05
214W,5.778688524590164,2023-04-05
215E,7.232616940581543,2023-04-05
215W,7.348984771573604,2023-04-05
216E,26.128221244500317,2023-04-05
216W,36.24276032039433,2023-04-05
217E,27.257608695652173,2023-04-05
217W,41.15776986951364,2023-04-05
218E,28.8324844368987,2023-04-05
218W,49.46135831381733,2023-04-05
219E,39.51062416998672,2023-04-05
219W,42.69470827679783,2023-04-05
220E,7.27190332326284,2023-04-05
220W,68.86795491143317,2023-04-05
221E,60.57950765136394,2023-04-05
221S,14.77777777777778,2023-04-05
221W,34.25030525030525,2023-04-05
222E,59.77985285795133,2023-04-05
222W,63.61073446327684,2023-04-05
Barale,30.2734375,2023-04-05
BorderTule,13.489572788013769,2023-04-05
8-4,34.59725400457666,2023-04-05
21-1,23.157651410078596,2023-04-05
21-2,27.954251883745965,2023-04-05
5-3,45.79181708784597,2023-04-05
5-2,49.63647878404053,2023-04-05
5-1,38.8819612590799,2023-04-05
32-3,54.20851688693099,2023-04-05
32-2,37.771106941838646,2023-04-05
32-1,59.81958195819582,2023-04-05
21-3,19.63678696158324,2023-04-05
21-4,29.75448536355052,2023-04-05
16-2,9.742135922330098,2023-04-05
9-1,12.559734513274336,2023-04-05
22-1,4.5501432664756445,2023-04-05
31-1,20.66408068269977,2023-04-05
31-2,8.939058171745152,2023-04-05
27-2,4.098194627917217,2023-04-05
18-5,19.896328293736502,2023-04-05
24-1,15.70357142857143,2023-04-05
17-2,53.32862018527548,2023-04-05
Staten Island Pilot,0,2023-04-05
D1A_019,36.85657998423956,2023-04-05
D1A_032,23.88679245283019,2023-04-05
D1A_050,14.751661918328583,2023-04-05
D3__017,9.221933809214796,2023-04-05
D3__018,7.210568454763811,2023-04-05
D3__025,33.618888144675154,2023-04-05
D3__074,22.96902356902357,2023-04-05
D3__080,22.386138613861387,2023-04-05
D3__085,24.168467895740623,2023-04-05
D4__010,43.9826041117554,2023-04-05
D4__038,28.342980295566505,2023-04-05
D4__039,23.986129458388376,2023-04-05
D4__056,22.37900355871886,2023-04-05
D4__060,29.70926143024619,2023-04-05
ROOS3,12.700791295746786,2023-04-05
ROOS2,12.837121212121213,2023-04-05
ROOS1,29.747916666666665,2023-04-05
TC014,11.246606334841628,2023-04-05
TC013,12.675489677077818,2023-04-05
TC015,15.066844919786096,2023-04-05
TC016,16.389958158995817,2023-04-05
TC012,32.03660886319846,2023-04-05
Knaggs_011,3.483403281190385,2023-04-05
Knaggs_010,4.468232044198895,2023-04-05
Knaggs_009,3.789695550351288,2023-04-05
TC022,6.551047120418848,2023-04-05
TC023,17.176548089591567,2023-04-05
TC020,17.160285528877353,2023-04-05
TC005,0,2023-04-05
TC006,0,2023-04-05
TC007_008,0,2023-04-05
12-1,29.13304721030043,2023-04-05
24-2W,16.978805394990367,2023-04-05
7-1,79.55924170616113,2023-04-05
39-2,1.3407707910750508,2023-04-05
15-3,3.5643756050338817,2023-04-05
10-4,NA,2023-04-05
6-4,17.41304347826087,2023-04-05
15-8,2.582386363636364,2023-04-05
15-6,3.2020725388601035,2023-04-05
4-1,22.582482536270824,2023-04-05
23-1,NA,2023-04-05
17-1,74.934,2023-04-05
1-3,19.859480269489893,2023-04-05
1-2,20.28361581920904,2023-04-05
13-1,20.539383561643834,2023-04-05
1-4,23.039735099337747,2023-04-05
36-2,22.934640522875817,2023-04-05
3-3/3-4,1.970464135021097,2023-04-05
39-4,1.6074074074074074,2023-04-05
6-3,20.07751937984496,2023-04-05
15-1,2.808049535603715,2023-04-05
19-1,13.535714285714286,2023-04-05
24-2E,15.483333333333333,2023-04-05
18-6,17.125,2023-04-05
20-1,39.06569767441861,2023-04-05
,20.973684210526315,2023-04-05
13-3,24.780188679245285,2023-04-05
1-5,19.122605363984675,2023-04-05
36-2,22.4608,2023-04-05
10-2,1.3796477495107633,2023-04-05
31-3,18.353825136612024,2023-04-05
31-3,33.885508849557525,2023-04-05
31-4,29.112,2023-04-05
24-2W,19.0440414507772,2023-04-05
17-3,45.578947368421055,2023-04-05
18-3,21.95124716553288,2023-04-05
13-2E,30.346212121212123,2023-04-05
13-5,59.97398843930636,2023-04-05
24-2W,14.49236641221374,2023-04-05
10-1,9.663551401869158,2023-04-05
3-1/3-2,1.7682072829131652,2023-04-05
39-3,1.5527950310559009,2023-04-05
6-2,49.212730318257954,2023-04-05
8-4,34.58574610244989,2023-04-05
33-4,33.33507170795306,2023-04-05
16-3,10.543827160493828,2023-04-05
7-4,25.08089409260245,2023-04-05
20-2,41.9178486997636,2023-04-05
,30.14991482112436,2023-04-05
24-3,10.10062893081761,2023-04-05
24-4,10.223796033994336,2023-04-05
20-3,22.90791027154664,2023-04-05
13-7,2.478125,2023-04-05
7-2,62.29307692307693,2023-04-05
12-2,15.026711185308848,2023-04-05
,20.18713450292398,2023-04-05
15-3,4.354620976116303,2023-04-05
10-4,13.70249653259362,2023-04-05
33-2,2.9492063492063494,2023-04-05
38-5,1.0442930153321976,2023-04-05
18-2,33.45888441633122,2023-04-05
,33.6844262295082,2023-04-05
18-1,30.07450980392157,2023-04-05
13-2W,24.51816745655608,2023-04-05
7-5,15.756294058408862,2023-04-05
,29.675084175084177,2023-04-05
13-6,9,2023-04-05
39-1,5.427215189873418,2023-04-05
15-2,3.487507263219059,2023-04-05
31-4,18.575342465753423,2023-04-05
9-2,39.4,2023-04-05
8-2,39.23741007194245,2023-04-05
27-1,1.7953526294333468,2023-04-05
7-3,57.21616395978345,2023-04-05
19-2,12.762129380053908,2023-04-05
38-0,2.033451957295373,2023-04-05
,5.971014492753623,2023-04-05
39-3,1.3679245283018868,2023-04-05
39-5,0.9207920792079208,2023-04-05
39-5,2.1623529411764704,2023-04-05
,0.8055555555555556,2023-04-05
38-6,18.905087319665903,2023-04-05
8-3,40.454065040650406,2023-04-05
22-2,16.813333333333333,2023-04-05
22-2,25.63235294117647,2023-04-05
22-2,25.43055555555556,2023-04-05
19-1,18.125714285714285,2023-04-05
19-1,17.5,2023-04-05
19-1,17.51764705882353,2023-04-05
19-1,17.422053231939163,2023-04-05
19-1,17.018382352941178,2023-04-05
19-1,16.14039408866995,2023-04-05
19-1,17.603703703703705,2023-04-05
19-1,17.047619047619047,2023-04-05
19-1,14.114285714285714,2023-04-05
19-1,14.1,2023-04-05
24-2E,18.45741324921136,2023-04-05
24-3,9.140883977900552,2023-04-05
24-3,8.652459016393443,2023-04-05
24-4,8.35492957746479,2023-04-05
24-4,14.36842105263158,2023-04-05
19-2,11.14017521902378,2023-04-05
,22.466666666666665,2023-04-05
36-1,3.241545893719807,2023-04-05
36-1,9.34313725490196,2023-04-05
36-3,17.992248062015506,2023-04-05
23-1,NA,2023-04-05
6-3,35.58510638297872,2023-04-05
6-3,26.28688524590164,2023-04-05
39-3,1.3916666666666666,2023-04-05
6-3,21.38,2023-04-05
6-3,22.456521739130437,2023-04-05
6-4,15.689516129032258,2023-04-05
6-5W,29.026291079812207,2023-04-05
6-5E,25.18433179723502,2023-04-05
22-2,4.103260869565218,2023-04-05
22-2,9.507142857142858,2023-04-05
22-2,16.68840579710145,2023-04-05
22-2,24.11,2023-04-05
,13.508881922675029,2023-04-05
,15.607310215557638,2023-04-05
,12.012836970474968,2023-04-05
,9.380877742946709,2023-04-05
,13.774487471526196,2023-04-05
,14.587234042553192,2023-04-05
,15.939197930142305,2023-04-05
,18.597911227154047,2023-04-05
,17.62111801242236,2023-04-05
23-1,3.824604966139955,2023-04-05
23-2,4.4681372549019605,2023-04-05
34-2,37.13297872340426,2023-04-05
28-5,16.92311365807068,2023-04-05
28-4,68.87987012987013,2023-04-05
38-7,27.123037974683545,2023-04-05
28-2,26.82775919732441,2023-04-05
28-1,51.26278118609407,2023-04-05
16-1,41.73788546255506,2023-04-05
4-2,23.090198632367308,2023-04-05
HansHerkert,22.303727200634416,2023-04-07
YoloBasin,19.120833333333334,2023-04-07
HPond,19.060759493670886,2023-04-07
Lucky5,20.85304117869286,2023-04-07
76,39.40251256281407,2023-04-07
70,8.11505617977528,2023-04-07
71,11.67463141840366,2023-04-07
72,28.64035575319622,2023-04-07
64,10.019471488178024,2023-04-07
63,11.878878281622912,2023-04-07
Pond5,9.4296875,2023-04-07
Pond6,16.666666666666668,2023-04-07
Pond7,8.832572298325722,2023-04-07
Pond8,11.752598752598752,2023-04-07
Pond9,38.988839285714285,2023-04-07
Pond10,15.994753410283316,2023-04-07
Newstrom,23.82622739018088,2023-04-07
C300,11.728266812465828,2023-04-07
Souza1-4,15.84219001610306,2023-04-07
Souza106,16.833333333333332,2023-04-07
Dingville1,18.95643818065343,2023-04-07
Dingville3,22.39449541284404,2023-04-07
Dingville4,22.272503082614055,2023-04-07
ShadyOaks(MichaelRue),74.62068965517241,2023-04-07
NorthCreekHouse(R&F Ranch),70.7200529450695,2023-04-07
RioOsoRanch(RioOso),48.19406674907293,2023-04-07
Bluebird(R&F RealEstate),88.42541733979537,2023-04-07
Morrison(MichaelRue),45.55957086391869,2023-04-07
Knaggs,8.320980449372628,2023-04-07
TuleBasin(Chesapeak),31.868254637436763,2023-04-07
TuleBasin,48.4263939029282,2023-04-07
CapOil,11.76873798846893,2023-04-07
TidesEnd,22.47482993197279,2023-04-07
Field 29C,8.012282497441147,2023-04-07
Field 29B,6.623885918003565,2023-04-07
Field 29A,6.7125,2023-04-07
Field 25E,7.469458987783595,2023-04-07
Field 25D,7.223529411764706,2023-04-07
Field 25C,15.953957996768985,2023-04-07
Field 26EE,58.9049676025918,2023-04-07
Field 26CW,29.85239085239085,2023-04-07
Field 26D - 50% ONLY,76.13191489361702,2023-04-07
Field 18,88.2764765784114,2023-04-07
Field 20A,16.238045191802417,2023-04-07
Field 20B,23.69301570113698,2023-04-07
Field 21,73.16753298680528,2023-04-07
Field and Tule,30.124950258654994,2023-04-07
055D,17.548709408825978,2023-04-07
055E,15.614760746147608,2023-04-07
056A,20.35914332784185,2023-04-07
056B,15.557528957528955,2023-04-07
056F,47.05698778833107,2023-04-07
056E,16.336680053547525,2023-04-07
056G,27.378651685393255,2023-04-07
056H,89.67790697674418,2023-04-07
056I,24.57634032634033,2023-04-07
056J,70.41928123217342,2023-04-07
056K,53.18897637795276,2023-04-07
056L,19.84519572953737,2023-04-07
056M,25.25768156424581,2023-04-07
056N,47.46908127208481,2023-04-07
056P,52.47355769230769,2023-04-07
056Q,28.71865889212828,2023-04-07
061,56.86161879895561,2023-04-07
068B,40.90983606557377,2023-04-07
069A3,30.513833992094863,2023-04-07
069B,21.69828097213989,2023-04-07
069C,31.641798941798942,2023-04-07
072A,32.54473161033797,2023-04-07
072B,37.05632911392405,2023-04-07
076A1,58.37613019891501,2023-04-07
076A1,58.37613019891501,2023-04-07
076B,53.55587392550143,2023-04-07
076CW,19.81842818428184,2023-04-07
078A,94.84200743494424,2023-04-07
078B,57.99466666666667,2023-04-07
078C,42.86125,2023-04-07
088,16.167640449438203,2023-04-07
089B,20.56723163841808,2023-04-07
089A,NA,2023-04-07
090A,20.973782771535586,2023-04-07
091A,33.01546391752577,2023-04-07
091B,14.347490347490348,2023-04-07
093A,12.570432357043236,2023-04-07
093B,15.994405594405594,2023-04-07
093C,23.263015551048007,2023-04-07
093D,21.36315789473684,2023-04-07
093E,19.56266318537859,2023-04-07
094B,18.05597014925373,2023-04-07
096AW2,22.33059885151764,2023-04-07
096AW1,19.16777408637874,2023-04-07
100A,64.33859926276988,2023-04-07
100B,65.09913793103448,2023-04-07
100C,28.93485342019544,2023-04-07
100DE,28.05577557755776,2023-04-07
100G,39.95598771750256,2023-04-07
100M1,18.871255060728743,2023-04-07
100N,22.838532110091744,2023-04-07
102D,9.348429951690822,2023-04-07
102G,12.76969696969697,2023-04-07
102J,16.67543859649123,2023-04-07
106H6,14.997222222222222,2023-04-07
106H3,17.162629757785467,2023-04-07
106H4,14.502564102564104,2023-04-07
106H2,11.98100407055631,2023-04-07
106H2,13.91388888888889,2023-04-07
110F,32.69377990430622,2023-04-07
110G,14.30464480874317,2023-04-07
110J,26.664830119375573,2023-04-07
110K,61.507462686567166,2023-04-07
110L,38.41666666666666,2023-04-07
111A,80.8304721030043,2023-04-07
111B,64.91832229580574,2023-04-07
111C,80.5518590998043,2023-04-07
111D,97.6398537477148,2023-04-07
111E,19.45700885878061,2023-04-07
111F,22.995152049360957,2023-04-07
111G,16.592171142467002,2023-04-07
111H,24.444021325209444,2023-04-07
111J,43.15163147792706,2023-04-07
111K,50.74702380952381,2023-04-07
116A,52.832797427652736,2023-04-07
116D,14.905857740585772,2023-04-07
131D,20.46456692913386,2023-04-07
131F,26.155440414507773,2023-04-07
192EN,14.802649930264993,2023-04-07
192ES,14.45752359800111,2023-04-07
203-42,49.88338658146965,2023-04-07
203-41,43.72178157413057,2023-04-07
205C,37.69230769230769,2023-04-07
205E,68.74292897548712,2023-04-07
205W,46.73295910184443,2023-04-07
206SW,11.0188679245283,2023-04-07
207E,56.07407407407408,2023-04-07
207W,59.70212765957447,2023-04-07
208E,48.252941176470586,2023-04-07
208W,13.311851851851852,2023-04-07
209E,14.569055944055943,2023-04-07
209W,10.205821205821206,2023-04-07
210E,55.64198606271777,2023-04-07
210W,14.474056603773583,2023-04-07
211E,55.21683967704729,2023-04-07
211C,53.26856763925729,2023-04-07
211SE,17.75,2023-04-07
211SWE,46.04048582995952,2023-04-07
211SWW,62.922077922077925,2023-04-07
211W,66.86,2023-04-07
212E,69.03916309012875,2023-04-07
212W,35.501621621621624,2023-04-07
213E,20.982585398526457,2023-04-07
213W,43.29467296021578,2023-04-07
214E,12.619955156950672,2023-04-07
214W,7.617096018735363,2023-04-07
215E,7.984829329962073,2023-04-07
215W,9.187817258883248,2023-04-07
216E,33.79635449402891,2023-04-07
216W,45.21934688847813,2023-04-07
217E,35.77608695652174,2023-04-07
217W,56.57591933570581,2023-04-07
218E,38.57159026598755,2023-04-07
218W,64.11007025761124,2023-04-07
219E,54.166002656042494,2023-04-07
219W,52.29918588873813,2023-04-07
220E,8.561933534743202,2023-04-07
220W,86.20933977455717,2023-04-07
221E,78.69860279441117,2023-04-07
221S,18.038821954484604,2023-04-07
221W,42.9029304029304,2023-04-07
222E,71.98698358800226,2023-04-07
222W,83.21638418079095,2023-04-07
Barale,38.1484375,2023-04-07
BorderTule,17.056894108119053,2023-04-07
8-4,40.32494279176201,2023-04-07
21-1,21.550624133148403,2023-04-07
21-2,27.79494079655544,2023-04-07
5-3,42.47172081829122,2023-04-07
5-2,53.18429385687144,2023-04-07
5-1,40.57082324455206,2023-04-07
32-3,62.19334312285854,2023-04-07
32-2,38.45403377110694,2023-04-07
32-1,60.26842684268427,2023-04-07
21-3,16.053550640279393,2023-04-07
21-4,29.15108593012276,2023-04-07
16-2,11.25126213592233,2023-04-07
9-1,16.123893805309734,2023-04-07
22-1,8.333094555873926,2023-04-07
31-1,23.677269200930954,2023-04-07
31-2,11.96606648199446,2023-04-07
27-2,6.106560986349626,2023-04-07
18-5,22.92656587473002,2023-04-07
24-1,13.088265306122448,2023-04-07
17-2,59.07898586055583,2023-04-07
Staten Island Pilot,64.30515703761148,2023-04-07
D1A_019,35.680851063829785,2023-04-07
D1A_032,25.222154595252587,2023-04-07
D1A_050,11.154795821462487,2023-04-07
D3__017,10.041531473069435,2023-04-07
D3__018,8.803843074459568,2023-04-07
D3__025,35.6463496316142,2023-04-07
D3__074,22.775757575757577,2023-04-07
D3__080,22.404620462046203,2023-04-07
D3__085,25.085187539733,2023-04-07
D4__010,46.25566684238271,2023-04-07
D4__038,28.58620689655172,2023-04-07
D4__039,24.96895640686922,2023-04-07
D4__056,24.43594306049822,2023-04-07
D4__060,29.60609613130129,2023-04-07
ROOS3,17.024480712166174,2023-04-07
ROOS2,16.29004329004329,2023-04-07
ROOS1,32.229166666666664,2023-04-07
TC014,15.524886877828054,2023-04-07
TC013,15.762837480148226,2023-04-07
TC015,15.235294117647058,2023-04-07
TC016,16.352301255230124,2023-04-07
TC012,25.54489402697495,2023-04-07
Knaggs_011,9.962991224723387,2023-04-07
Knaggs_010,7.633517495395949,2023-04-07
Knaggs_009,6.689461358313817,2023-04-07
TC022,7.955497382198953,2023-04-07
TC023,19.332674571805008,2023-04-07
TC020,20.519143413367942,2023-04-07
TC005,0,2023-04-07
TC006,0,2023-04-07
TC007_008,0,2023-04-07
12-1,24.721030042918454,2023-04-07
24-2W,16.483622350674374,2023-04-07
7-1,88.07345971563981,2023-04-07
39-2,4.089249492900609,2023-04-07
15-3,8.931268151016457,2023-04-07
10-4,NA,2023-04-07
6-4,14.945652173913045,2023-04-07
15-8,7.548295454545454,2023-04-07
15-6,9.582901554404144,2023-04-07
4-1,25.18269747447609,2023-04-07
23-1,NA,2023-04-07
17-1,75.047,2023-04-07
1-3,22.242540904716076,2023-04-07
1-2,23.62146892655367,2023-04-07
13-1,26.44178082191781,2023-04-07
1-4,25.70364238410596,2023-04-07
36-2,25.58823529411765,2023-04-07
3-3/3-4,6.349005424954792,2023-04-07
39-4,6.191666666666666,2023-04-07
6-3,21.282945736434108,2023-04-07
15-1,7.753869969040248,2023-04-07
19-1,12.571428571428571,2023-04-07
24-2E,14.426666666666666,2023-04-07
18-6,22.5625,2023-04-07
20-1,38.83953488372093,2023-04-07
,24.75657894736842,2023-04-07
13-3,30.34622641509434,2023-04-07
1-5,19.27777777777778,2023-04-07
36-2,28.0016,2023-04-07
10-2,5.708414872798435,2023-04-07
31-3,24.89412568306011,2023-04-07
31-3,42.69469026548673,2023-04-07
31-4,31.788,2023-04-07
24-2W,15.419689119170984,2023-04-07
17-3,48.38323965252938,2023-04-07
18-3,21.55442176870748,2023-04-07
13-2E,30.75,2023-04-07
13-5,71.51878612716763,2023-04-07
24-2W,17.032442748091604,2023-04-07
10-1,13.465420560747663,2023-04-07
3-1/3-2,6.381652661064426,2023-04-07
39-3,3.6149068322981366,2023-04-07
6-2,48.80904522613066,2023-04-07
8-4,40.34298440979956,2023-04-07
33-4,35.13298565840939,2023-04-07
16-3,14.780246913580246,2023-04-07
7-4,25.376263970196916,2023-04-07
20-2,42.69444444444444,2023-04-07
,33.46166950596252,2023-04-07
24-3,13.770440251572326,2023-04-07
24-4,16.86968838526912,2023-04-07
20-3,22.103896103896105,2023-04-07
13-7,10.009375,2023-04-07
7-2,58.68923076923077,2023-04-07
12-2,18.78964941569282,2023-04-07
,20.894736842105264,2023-04-07
15-3,6.877985462097612,2023-04-07
10-4,20.482662968099863,2023-04-07
33-2,7.252380952380952,2023-04-07
38-5,3.846678023850085,2023-04-07
18-2,35.12363427257044,2023-04-07
,34.31147540983606,2023-04-07
18-1,29.72705882352941,2023-04-07
13-2W,27.557661927330173,2023-04-07
7-5,16.73212487411883,2023-04-07
,31.09259259259259,2023-04-07
13-6,12.737142857142857,2023-04-07
39-1,6.992088607594937,2023-04-07
15-2,7.333527019174898,2023-04-07
31-4,21.59817351598173,2023-04-07
9-2,41.404885993485344,2023-04-07
8-2,42.89928057553957,2023-04-07
27-1,6.023236852833265,2023-04-07
7-3,60.57037896365043,2023-04-07
19-2,10.923180592991914,2023-04-07
38-0,5.248398576512456,2023-04-07
,8.8743961352657,2023-04-07
39-3,4.34433962264151,2023-04-07
39-5,4.861386138613861,2023-04-07
39-5,8.46,2023-04-07
,2.4722222222222223,2023-04-07
38-6,22.46924829157176,2023-04-07
8-3,41.608943089430895,2023-04-07
22-2,18.59,2023-04-07
22-2,27.50980392156863,2023-04-07
22-2,27.59722222222222,2023-04-07
19-1,20.69142857142857,2023-04-07
19-1,17.35251798561151,2023-04-07
19-1,17.650980392156864,2023-04-07
19-1,17.403041825095055,2023-04-07
19-1,14.584558823529411,2023-04-07
19-1,12.645320197044336,2023-04-07
19-1,14.72962962962963,2023-04-07
19-1,16.919047619047618,2023-04-07
19-1,14.632142857142858,2023-04-07
19-1,13.425925925925926,2023-04-07
24-2E,13.921135646687697,2023-04-07
24-3,12.091160220994476,2023-04-07
24-3,12.544262295081968,2023-04-07
24-4,14.473239436619718,2023-04-07
24-4,17.817543859649124,2023-04-07
19-2,10.133917396745932,2023-04-07
,24.844444444444445,2023-04-07
36-1,8.009661835748792,2023-04-07
36-1,12.009803921568627,2023-04-07
36-3,18.89147286821705,2023-04-07
23-1,NA,2023-04-07
6-3,40.97872340425532,2023-04-07
6-3,30.4344262295082,2023-04-07
39-3,5.566666666666666,2023-04-07
6-3,21.67333333333333,2023-04-07
6-3,25.40217391304348,2023-04-07
6-4,14.169354838709678,2023-04-07
6-5W,24.04037558685446,2023-04-07
6-5E,26.49078341013825,2023-04-07
22-2,8.570652173913043,2023-04-07
22-2,11.135714285714286,2023-04-07
22-2,16.844202898550726,2023-04-07
22-2,30.63,2023-04-07
,15.128526645768025,2023-04-07
,17.203373945641985,2023-04-07
,12.39152759948652,2023-04-07
,12.310344827586206,2023-04-07
,16.92255125284738,2023-04-07
,14.565957446808511,2023-04-07
,16.279430789133247,2023-04-07
,23.4029590948651,2023-04-07
,19.436853002070396,2023-04-07
23-1,6.730925507900677,2023-04-07
23-2,7.142156862745098,2023-04-07
34-2,49.13829787234042,2023-04-07
28-5,15.502387774594078,2023-04-07
28-4,67.93506493506493,2023-04-07
38-7,29.83240506329114,2023-04-07
28-2,32.247491638795985,2023-04-07
28-1,52.3517382413088,2023-04-07
16-1,35.88032305433187,2023-04-07
4-2,23.756431129925105,2023-04-07
HansHerkert,21.763679619349723,2023-04-12
YoloBasin,24.51898148148148,2023-04-12
HPond,18.391350210970465,2023-04-12
Lucky5,17.668303740083115,2023-04-12
76,19.812060301507536,2023-04-12
70,10.984719101123597,2023-04-12
71,13.13167259786477,2023-04-12
72,16.116731517509727,2023-04-12
64,11.49652294853964,2023-04-12
63,12.731503579952268,2023-04-12
Pond5,8.5625,2023-04-12
Pond6,25.15916955017301,2023-04-12
Pond7,8.290715372907155,2023-04-12
Pond8,13.616424116424117,2023-04-12
Pond9,25.386160714285715,2023-04-12
Pond10,16.57187827911857,2023-04-12
Newstrom,33.11369509043928,2023-04-12
C300,40.75123018042646,2023-04-12
Souza1-4,13.749597423510467,2023-04-12
Souza106,13.989473684210529,2023-04-12
Dingville1,16.12427930813581,2023-04-12
Dingville3,17.973888496824276,2023-04-12
Dingville4,23.00924784217016,2023-04-12
ShadyOaks(MichaelRue),41.9858934169279,2023-04-12
NorthCreekHouse(R&F Ranch),37.391793514228986,2023-04-12
RioOsoRanch(RioOso),21.516687268232385,2023-04-12
Bluebird(R&F RealEstate),46.701130856219706,2023-04-12
Morrison(MichaelRue),23.55957086391869,2023-04-12
Knaggs,13.060110884155238,2023-04-12
TuleBasin(Chesapeak),20.588743676222595,2023-04-12
TuleBasin,28.85078219013237,2023-04-12
CapOil,13.317745035233823,2023-04-12
TidesEnd,18.93378684807256,2023-04-12
Field 29C,8.851586489252815,2023-04-12
Field 29B,8.730837789661319,2023-04-12
Field 29A,6.648333333333333,2023-04-12
Field 25E,7.527050610820244,2023-04-12
Field 25D,7.389915966386555,2023-04-12
Field 25C,9.04442649434572,2023-04-12
Field 26EE,25.198704103671705,2023-04-12
Field 26CW,15.16943866943867,2023-04-12
Field 26D - 50% ONLY,33.984042553191486,2023-04-12
Field 18,35.37270875763748,2023-04-12
Field 20A,9.910667367314764,2023-04-12
Field 20B,13.835408770979967,2023-04-12
Field 21,37.98200719712115,2023-04-12
Field and Tule,35.37027457222443,2023-04-12
055D,8.671940049958367,2023-04-12
055E,8.97242497972425,2023-04-12
056A,11.271004942339374,2023-04-12
056B,7.807722007722008,2023-04-12
056F,19.057666214382632,2023-04-12
056E,10.028112449799195,2023-04-12
056G,24.03370786516854,2023-04-12
056H,40.96744186046512,2023-04-12
056I,23.0495337995338,2023-04-12
056J,31.68282943525385,2023-04-12
056K,20.17443973349485,2023-04-12
056L,13.572360616844602,2023-04-12
056M,11.5768156424581,2023-04-12
056N,20.84717314487633,2023-04-12
056P,19.384615384615383,2023-04-12
056Q,13.857142857142858,2023-04-12
061,22.468668407310705,2023-04-12
068B,23.938209331651954,2023-04-12
069A3,22.395256916996047,2023-04-12
069B,19.19561351511559,2023-04-12
069C,26.1978835978836,2023-04-12
072A,15.34990059642147,2023-04-12
072B,19.30443037974684,2023-04-12
076A1,32.51446654611212,2023-04-12
076A1,32.51446654611212,2023-04-12
076B,31.724928366762175,2023-04-12
076CW,8.679313459801264,2023-04-12
078A,47.319702602230485,2023-04-12
078B,33.652,2023-04-12
078C,24.3925,2023-04-12
088,9.84808988764045,2023-04-12
089B,13.763276836158193,2023-04-12
089A,NA,2023-04-12
090A,14.211610486891386,2023-04-12
091A,20.682989690721648,2023-04-12
091B,10.833333333333334,2023-04-12
093A,8.760111576011157,2023-04-12
093B,10.048951048951048,2023-04-12
093C,11.33739012846518,2023-04-12
093D,11.402631578947368,2023-04-12
093E,11.047650130548304,2023-04-12
094B,13.024084124830392,2023-04-12
096AW2,14.410992616899096,2023-04-12
096AW1,10.943521594684386,2023-04-12
100A,26.100052659294366,2023-04-12
100B,25.321360153256705,2023-04-12
100C,12.527687296416936,2023-04-12
100DE,13.014851485148515,2023-04-12
100G,13.276356192425792,2023-04-12
100M1,9.327935222672064,2023-04-12
100N,16.374311926605504,2023-04-12
102D,9.31219806763285,2023-04-12
102G,9.552727272727273,2023-04-12
102J,9.700657894736842,2023-04-12
106H6,12.955555555555556,2023-04-12
106H3,8.56401384083045,2023-04-12
106H4,10.957264957264956,2023-04-12
106H2,34.27544097693352,2023-04-12
106H2,28.916666666666668,2023-04-12
110F,15.44688995215311,2023-04-12
110G,6.565573770491803,2023-04-12
110J,13.122130394857669,2023-04-12
110K,24.002985074626867,2023-04-12
110L,15.94,2023-04-12
111A,39.74034334763949,2023-04-12
111B,24.25386313465784,2023-04-12
111C,50.71232876712329,2023-04-12
111D,56.37385740402194,2023-04-12
111E,27.002084418968213,2023-04-12
111F,11.082415160863818,2023-04-12
111G,22.882567137005008,2023-04-12
111H,23.29550647372429,2023-04-12
111J,24.52591170825336,2023-04-12
111K,30.842261904761905,2023-04-12
116A,52.92604501607717,2023-04-12
116D,8.155857740585773,2023-04-12
131D,14.4750656167979,2023-04-12
131F,16.58419689119171,2023-04-12
192EN,9.780334728033472,2023-04-12
192ES,12.6929483620211,2023-04-12
203-42,20.07987220447284,2023-04-12
203-41,19.760829774252592,2023-04-12
205C,18.322222222222223,2023-04-12
205E,29.692017598994344,2023-04-12
205W,23.52365677626303,2023-04-12
206SW,12.250428816466552,2023-04-12
207E,27.793771043771045,2023-04-12
207W,23.47596532702916,2023-04-12
208E,24.873529411764707,2023-04-12
208W,12.872592592592593,2023-04-12
209E,14.486013986013988,2023-04-12
209W,9.115384615384617,2023-04-12
210E,22.772648083623693,2023-04-12
210W,14.540880503144654,2023-04-12
211E,23.362745098039216,2023-04-12
211C,22.814323607427056,2023-04-12
211SE,13.203846153846154,2023-04-12
211SWE,22.05668016194332,2023-04-12
211SWW,26.03463203463204,2023-04-12
211W,24.539459459459454,2023-04-12
212E,27.415236051502145,2023-04-12
212W,16.536216216216218,2023-04-12
213E,12.186202277294038,2023-04-12
213W,20.832097100472016,2023-04-12
214E,11.007847533632289,2023-04-12
214W,9.21311475409836,2023-04-12
215E,9.02275600505689,2023-04-12
215W,8.067258883248732,2023-04-12
216E,16.352608422375866,2023-04-12
216W,22.256315465187924,2023-04-12
217E,17.284782608695654,2023-04-12
217W,23.31138790035587,2023-04-12
218E,21.0339558573854,2023-04-12
218W,24.57728337236534,2023-04-12
219E,26.82005312084993,2023-04-12
219W,23.92944369063772,2023-04-12
220E,8.058912386706949,2023-04-12
220W,37.25764895330113,2023-04-12
221E,27.936127744510976,2023-04-12
221S,11.906291834002678,2023-04-12
221W,18.88888888888889,2023-04-12
222E,28.41426146010187,2023-04-12
222W,29.02033898305085,2023-04-12
Barale,39.515625,2023-04-12
BorderTule,16.172707025713706,2023-04-12
8-4,35.34324942791762,2023-04-12
21-1,13.592233009708735,2023-04-12
21-2,14.11194833153929,2023-04-12
5-3,18.084235860409144,2023-04-12
5-2,24.806206459784672,2023-04-12
5-1,23.65496368038741,2023-04-12
32-3,31.780225159079784,2023-04-12
32-2,19.452157598499063,2023-04-12
32-1,38.44334433443344,2023-04-12
21-3,10.746216530849823,2023-04-12
21-4,15.8876298394712,2023-04-12
16-2,10.664466019417477,2023-04-12
9-1,12.949431099873578,2023-04-12
22-1,10.068767908309455,2023-04-12
31-1,22.26299456943367,2023-04-12
31-2,10.802631578947368,2023-04-12
27-2,4.42668428005284,2023-04-12
18-5,15.688984881209503,2023-04-12
24-1,11.634183673469389,2023-04-12
17-2,32.33398342272062,2023-04-12
Staten Island Pilot,31.536254362155876,2023-04-12
D1A_019,20.73286052009456,2023-04-12
D1A_032,28.727328058429705,2023-04-12
D1A_050,11.874643874643874,2023-04-12
D3__017,9.761842959117455,2023-04-12
D3__018,5.460368294635709,2023-04-12
D3__025,18.401205626255862,2023-04-12
D3__074,14.52861952861953,2023-04-12
D3__080,14.182838283828383,2023-04-12
D3__085,14.598219961856325,2023-04-12
D4__010,20.183974696889827,2023-04-12
D4__038,20.664408866995075,2023-04-12
D4__039,15.176354029062088,2023-04-12
D4__056,15.022241992882565,2023-04-12
D4__060,21.595545134818288,2023-04-12
ROOS3,20.49653808110781,2023-04-12
ROOS2,19.218073593073598,2023-04-12
ROOS1,34.21875,2023-04-12
TC014,9.122171945701355,2023-04-12
TC013,10.569084171519322,2023-04-12
TC015,15.314616755793226,2023-04-12
TC016,13.10794979079498,2023-04-12
TC012,25.92408477842004,2023-04-12
Knaggs_011,22.674551697825255,2023-04-12
Knaggs_010,6.965930018416207,2023-04-12
Knaggs_009,7.703044496487119,2023-04-12
TC022,8.767670157068062,2023-04-12
TC023,13.444664031620553,2023-04-12
TC020,15.143413367942896,2023-04-12
TC005,0,2023-04-12
TC006,0,2023-04-12
TC007_008,0,2023-04-12
12-1,11.545064377682404,2023-04-12
24-2W,15.394990366088631,2023-04-12
7-1,48.485781990521325,2023-04-12
39-2,3.5162271805273835,2023-04-12
15-3,23.065827686350435,2023-04-12
10-4,NA,2023-04-12
6-4,10.940217391304348,2023-04-12
15-8,22.610795454545453,2023-04-12
15-6,32.27461139896373,2023-04-12
4-1,17.709296077377754,2023-04-12
23-1,NA,2023-04-12
17-1,32.1405,2023-04-12
1-3,14.996150144369588,2023-04-12
1-2,19.95141242937853,2023-04-12
13-1,17.583904109589042,2023-04-12
1-4,15.21523178807947,2023-04-12
36-2,19.387254901960784,2023-04-12
3-3/3-4,9.112718505123569,2023-04-12
39-4,3.635185185185185,2023-04-12
6-3,16.100775193798448,2023-04-12
15-1,10.429308565531477,2023-04-12
19-1,10.689285714285717,2023-04-12
24-2E,11.573333333333334,2023-04-12
18-6,16.8125,2023-04-12
20-1,20.91569767441861,2023-04-12
,14.236842105263158,2023-04-12
13-3,20.582075471698115,2023-04-12
1-5,15.337164750957854,2023-04-12
36-2,21.3488,2023-04-12
10-2,3.661448140900196,2023-04-12
31-3,17.450819672131146,2023-04-12
31-3,23.34679203539823,2023-04-12
31-4,23.556,2023-04-12
24-2W,14.8860103626943,2023-04-12
17-3,25.75370464997445,2023-04-12
18-3,17.633219954648528,2023-04-12
13-2E,24.49772727272727,2023-04-12
13-5,34.44653179190752,2023-04-12
24-2W,15.437022900763358,2023-04-12
10-1,41.837383177570096,2023-04-12
3-1/3-2,3.283613445378151,2023-04-12
39-3,3.459627329192547,2023-04-12
6-2,22.92964824120603,2023-04-12
8-4,35.224944320712694,2023-04-12
33-4,18.082138200782268,2023-04-12
16-3,10.47222222222222,2023-04-12
7-4,19.521021820117085,2023-04-12
20-2,25.38238770685579,2023-04-12
,20.50766609880749,2023-04-12
24-3,9.537735849056604,2023-04-12
24-4,9.441926345609064,2023-04-12
20-3,16.19185360094451,2023-04-12
13-7,3.315625,2023-04-12
7-2,36.99153846153846,2023-04-12
12-2,16.195325542570952,2023-04-12
,23.707602339181285,2023-04-12
15-3,5.730529595015576,2023-04-12
10-4,31.57004160887656,2023-04-12
33-2,5.444444444444445,2023-04-12
38-5,3.2078364565587734,2023-04-12
18-2,26.51926394479586,2023-04-12
,19.979508196721312,2023-04-12
18-1,16.478431372549018,2023-04-12
13-2W,16.781990521327014,2023-04-12
7-5,15.235649546827794,2023-04-12
,21.225589225589225,2023-04-12
13-6,12.04,2023-04-12
39-1,6.805379746835443,2023-04-12
15-2,4.639744334689135,2023-04-12
31-4,19.616438356164384,2023-04-12
9-2,29.677524429967427,2023-04-12
8-2,21.835251798561156,2023-04-12
27-1,4.008153281695883,2023-04-12
7-3,44.90757927300851,2023-04-12
19-2,10.754043126684635,2023-04-12
38-0,3.6612099644128113,2023-04-12
,6.7729468599033815,2023-04-12
39-3,2.712264150943396,2023-04-12
39-5,2.732673267326733,2023-04-12
39-5,3.6164705882352943,2023-04-12
,3.2222222222222223,2023-04-12
38-6,17.607441154138193,2023-04-12
8-3,26.470731707317075,2023-04-12
22-2,13.183333333333334,2023-04-12
22-2,15.107843137254902,2023-04-12
22-2,16.930555555555557,2023-04-12
19-1,19.662857142857145,2023-04-12
19-1,16.654676258992804,2023-04-12
19-1,20.07843137254902,2023-04-12
19-1,21.97338403041825,2023-04-12
19-1,15.746323529411764,2023-04-12
19-1,14.798029556650246,2023-04-12
19-1,14.292592592592593,2023-04-12
19-1,17.82857142857143,2023-04-12
19-1,15.639285714285714,2023-04-12
19-1,11.985185185185186,2023-04-12
24-2E,13.337539432176657,2023-04-12
24-3,9.466850828729282,2023-04-12
24-3,8.222950819672132,2023-04-12
24-4,7.859154929577465,2023-04-12
24-4,12.550877192982457,2023-04-12
19-2,10.106382978723405,2023-04-12
,20.622222222222224,2023-04-12
36-1,5.053140096618358,2023-04-12
36-1,12.514705882352942,2023-04-12
36-3,21.11627906976744,2023-04-12
23-1,NA,2023-04-12
6-3,21.5531914893617,2023-04-12
6-3,20.12295081967213,2023-04-12
39-3,2.8583333333333334,2023-04-12
6-3,20.80666666666667,2023-04-12
6-3,22.847826086956523,2023-04-12
6-4,9.495967741935484,2023-04-12
6-5W,12.784037558685446,2023-04-12
6-5E,13.149769585253456,2023-04-12
22-2,10.63586956521739,2023-04-12
22-2,11.432142857142855,2023-04-12
22-2,11.358695652173912,2023-04-12
22-2,20.84,2023-04-12
,11.64367816091954,2023-04-12
,11.751640112464855,2023-04-12
,9.373555840821568,2023-04-12
,11.927899686520377,2023-04-12
,11.59111617312073,2023-04-12
,11.353191489361702,2023-04-12
,11.954721862871928,2023-04-12
,15.220191470844211,2023-04-12
,13.306418219461698,2023-04-12
23-1,2.911512415349887,2023-04-12
23-2,7.625,2023-04-12
34-2,30.03723404255319,2023-04-12
28-5,13.136103151862464,2023-04-12
28-4,30.48961038961039,2023-04-12
38-7,16.694683544303796,2023-04-12
28-2,22.43478260869565,2023-04-12
28-1,23.592535787321065,2023-04-12
16-1,14.452276064610867,2023-04-12
4-2,15.51904916965158,2023-04-12
HansHerkert,45.16574147501983,2023-04-17
YoloBasin,19.20925925925926,2023-04-17
HPond,19.267088607594932,2023-04-17
Lucky5,21.735171892708728,2023-04-17
76,24.436683417085423,2023-04-17
70,14.899775280898876,2023-04-17
71,15.61159125571937,2023-04-17
72,19.95608671484158,2023-04-17
64,15.17107093184979,2023-04-17
63,14.217780429594272,2023-04-17
Pond5,16.427083333333332,2023-04-17
Pond6,38.66782006920416,2023-04-17
Pond7,11.060882800608828,2023-04-17
Pond8,19.28066528066528,2023-04-17
Pond9,33.104910714285715,2023-04-17
Pond10,24.91395592864638,2023-04-17
Newstrom,30.10142118863049,2023-04-17
C300,33.472389283761615,2023-04-17
Souza1-4,26.506441223832528,2023-04-17
Souza106,16.907894736842106,2023-04-17
Dingville1,36.582959641255606,2023-04-17
Dingville3,20.69301340860974,2023-04-17
Dingville4,31.42601726263872,2023-04-17
ShadyOaks(MichaelRue),35.974921630094045,2023-04-17
NorthCreekHouse(R&F Ranch),31.532759761747187,2023-04-17
RioOsoRanch(RioOso),18.1495673671199,2023-04-17
Bluebird(R&F RealEstate),33.53096392030156,2023-04-17
Morrison(MichaelRue),23.186900056465277,2023-04-17
Knaggs,21.794280711993,2023-04-17
TuleBasin(Chesapeak),18.250421585160204,2023-04-17
TuleBasin,23.626955475330927,2023-04-17
CapOil,39.83920563741192,2023-04-17
TidesEnd,19.477551020408164,2023-04-17
Field 29C,20.43193449334698,2023-04-17
Field 29B,20.052584670231727,2023-04-17
Field 29A,20.04083333333333,2023-04-17
Field 25E,18.50785340314136,2023-04-17
Field 25D,18.037815126050425,2023-04-17
Field 25C,16.688206785137318,2023-04-17
Field 26EE,32.587473002159825,2023-04-17
Field 26CW,17.593555093555093,2023-04-17
Field 26D - 50% ONLY,33.47659574468085,2023-04-17
Field 18,23.69755600814664,2023-04-17
Field 20A,9.157645822385708,2023-04-17
Field 20B,12.423930698429889,2023-04-17
Field 21,25.907237105157936,2023-04-17
Field and Tule,26.428770393951453,2023-04-17
055D,10.154870940882596,2023-04-17
055E,11.45742092457421,2023-04-17
056A,25.797364085667216,2023-04-17
056B,30.366023166023165,2023-04-17
056F,21.793080054274085,2023-04-17
056E,14.093708165997322,2023-04-17
056G,22.251685393258427,2023-04-17
056H,46.57616279069767,2023-04-17
056I,21.745920745920746,2023-04-17
056J,26.642327438676556,2023-04-17
056K,18.903694730466384,2023-04-17
056L,22.95077105575326,2023-04-17
056M,33.539106145251395,2023-04-17
056N,35.58657243816254,2023-04-17
056P,36.03605769230769,2023-04-17
056Q,30.456268221574344,2023-04-17
061,30.473890339425587,2023-04-17
068B,30.61727616645649,2023-04-17
069A3,21.09749670619236,2023-04-17
069B,14.048014226437465,2023-04-17
069C,19.368253968253967,2023-04-17
072A,20.49701789264413,2023-04-17
072B,25.823417721518982,2023-04-17
076A1,44.8245931283906,2023-04-17
076A1,44.8245931283906,2023-04-17
076B,44.779369627507165,2023-04-17
076CW,11.959349593495936,2023-04-17
078A,50.27137546468401,2023-04-17
078B,42.04933333333334,2023-04-17
078C,36.0725,2023-04-17
088,9.19370786516854,2023-04-17
089B,31.34067796610169,2023-04-17
089A,NA,2023-04-17
090A,27.764044943820224,2023-04-17
091A,47.18556701030928,2023-04-17
091B,31.498712998713,2023-04-17
093A,8.891213389121338,2023-04-17
093B,9.362237762237765,2023-04-17
093C,13.511156186612576,2023-04-17
093D,12.584868421052631,2023-04-17
093E,12.212140992167102,2023-04-17
094B,18.685210312075984,2023-04-17
096AW2,17.62510254306809,2023-04-17
096AW1,13.852159468438538,2023-04-17
100A,21.05318588730911,2023-04-17
100B,33.372126436781606,2023-04-17
100C,15.501628664495112,2023-04-17
100DE,14.642574257425744,2023-04-17
100G,14.831115660184237,2023-04-17
100M1,11.234817813765185,2023-04-17
100N,27.577064220183487,2023-04-17
102D,14.368357487922705,2023-04-17
102G,35.17939393939394,2023-04-17
102J,11.737938596491228,2023-04-17
106H6,12.927777777777775,2023-04-17
106H3,32.102076124567475,2023-04-17
106H4,28.620512820512825,2023-04-17
106H2,27.435549525101763,2023-04-17
106H2,28.33055555555556,2023-04-17
110F,25.45263157894737,2023-04-17
110G,26.879781420765028,2023-04-17
110J,18.15564738292011,2023-04-17
110K,30.941577825159914,2023-04-17
110L,30.37148148148148,2023-04-17
111A,25.71673819742489,2023-04-17
111B,23.89183222958057,2023-04-17
111C,51.154598825831705,2023-04-17
111D,51.5292504570384,2023-04-17
111E,28.97655028660761,2023-04-17
111F,27.512560599382983,2023-04-17
111G,25.125170687300862,2023-04-17
111H,26.364813404417365,2023-04-17
111J,30.56046065259117,2023-04-17
111K,32.82142857142857,2023-04-17
116A,37.60450160771704,2023-04-17
116D,27.37970711297071,2023-04-17
131D,14.9501312335958,2023-04-17
131F,30.810880829015545,2023-04-17
192EN,33.75453277545328,2023-04-17
192ES,25.454747362576345,2023-04-17
203-42,29.27955271565495,2023-04-17
203-41,30.236119585112878,2023-04-17
205C,26.325641025641023,2023-04-17
205E,40.32369578881207,2023-04-17
205W,17.82197273456295,2023-04-17
206SW,16.72384219554031,2023-04-17
207E,23.303030303030305,2023-04-17
207W,37.36406619385343,2023-04-17
208E,35.046323529411765,2023-04-17
208W,16.95777777777778,2023-04-17
209E,19.814685314685317,2023-04-17
209W,18.25987525987526,2023-04-17
210E,33.94250871080139,2023-04-17
210W,16.739779874213838,2023-04-17
211E,37.15167243367935,2023-04-17
211C,36.323607427055705,2023-04-17
211SE,16.18846153846154,2023-04-17
211SWE,35.45344129554656,2023-04-17
211SWW,40.74025974025974,2023-04-17
211W,36.09081081081081,2023-04-17
212E,38.23122317596567,2023-04-17
212W,30.553513513513515,2023-04-17
213E,15.078365706630944,2023-04-17
213W,31.81321645313553,2023-04-17
214E,17.25224215246637,2023-04-17
214W,18.762295081967213,2023-04-17
215E,20.39190897597977,2023-04-17
215W,18.76649746192893,2023-04-17
216E,27.122564424890005,2023-04-17
216W,29.14664202094886,2023-04-17
217E,27.68641304347826,2023-04-17
217W,32.44958481613286,2023-04-17
218E,35.344086021505376,2023-04-17
218W,31.94145199063232,2023-04-17
219E,30.318725099601597,2023-04-17
219W,31.09090909090909,2023-04-17
220E,23.669184290030213,2023-04-17
220W,31.342995169082126,2023-04-17
221E,36.98403193612774,2023-04-17
221S,15.630522088353414,2023-04-17
221W,23.81135531135531,2023-04-17
222E,36.06281833616299,2023-04-17
222W,38.038983050847456,2023-04-17
Barale,42.6875,2023-04-17
BorderTule,18.902409394614292,2023-04-17
8-4,34.43935926773455,2023-04-17
21-1,15.843735552473415,2023-04-17
21-2,15.654467168998924,2023-04-17
5-3,16.368832731648617,2023-04-17
5-2,20.471184293856872,2023-04-17
5-1,23.12409200968523,2023-04-17
32-3,33.669603524229075,2023-04-17
32-2,34.7479674796748,2023-04-17
32-1,25.073707370737075,2023-04-17
21-3,32.22002328288708,2023-04-17
21-4,13.718602455146364,2023-04-17
16-2,13.55611650485437,2023-04-17
9-1,16.601453855878635,2023-04-17
22-1,16.705587392550143,2023-04-17
31-1,21.64080682699767,2023-04-17
31-2,12.66551246537396,2023-04-17
27-2,5.637164244826068,2023-04-17
18-5,16.939524838012957,2023-04-17
24-1,13.048979591836735,2023-04-17
17-2,30.17601170160897,2023-04-17
Staten Island Pilot,0,2023-04-17
D1A_019,28.72025216706068,2023-04-17
D1A_032,28.225197808886183,2023-04-17
D1A_050,19.776828110161443,2023-04-17
D3__017,11.648929266709928,2023-04-17
D3__018,6.820656525220176,2023-04-17
D3__025,18.081044876088413,2023-04-17
D3__074,14.964309764309764,2023-04-17
D3__080,14.72013201320132,2023-04-17
D3__085,16.280356007628736,2023-04-17
D4__010,22.13178703215604,2023-04-17
D4__038,14.538793103448276,2023-04-17
D4__039,13.949801849405548,2023-04-17
D4__056,16.206405693950177,2023-04-17
D4__060,18.9179366940211,2023-04-17
ROOS3,14.950049455984177,2023-04-17
ROOS2,13.558441558441558,2023-04-17
ROOS1,29.716666666666665,2023-04-17
TC014,14.1289592760181,2023-04-17
TC013,14.738485971413446,2023-04-17
TC015,14.403743315508022,2023-04-17
TC016,13.489539748953977,2023-04-17
TC012,42.33680154142582,2023-04-17
Knaggs_011,29.174742464708128,2023-04-17
Knaggs_010,14.78084714548803,2023-04-17
Knaggs_009,19.7807962529274,2023-04-17
TC022,12.424083769633508,2023-04-17
TC023,17.306324110671937,2023-04-17
TC020,32.69370538611292,2023-04-17
TC005,0,2023-04-17
TC006,0,2023-04-17
TC007_008,0,2023-04-17
12-1,11.725321888412015,2023-04-17
24-2W,13.610789980732177,2023-04-17
7-1,49.99605055292259,2023-04-17
39-2,5.009127789046653,2023-04-17
15-3,36.2323330106486,2023-04-17
10-4,NA,2023-04-17
6-4,34.41576086956522,2023-04-17
15-8,48.625,2023-04-17
15-6,65.86269430051813,2023-04-17
4-1,24.246104245029557,2023-04-17
23-1,NA,2023-04-17
17-1,27.1625,2023-04-17
1-3,18.532242540904715,2023-04-17
1-2,23.72090395480226,2023-04-17
13-1,26.476027397260275,2023-04-17
1-4,14.213576158940397,2023-04-17
36-2,32.76797385620915,2023-04-17
3-3/3-4,19.01627486437613,2023-04-17
39-4,6.160185185185185,2023-04-17
6-3,14.604651162790695,2023-04-17
15-1,23.94117647058824,2023-04-17
19-1,10.728571428571428,2023-04-17
24-2E,12.766666666666667,2023-04-17
18-6,15.229166666666666,2023-04-17
20-1,33.74825581395349,2023-04-17
,13.5,2023-04-17
13-3,17.785849056603773,2023-04-17
1-5,15.96168582375479,2023-04-17
36-2,19.2576,2023-04-17
10-2,19.152641878669275,2023-04-17
31-3,20.65983606557377,2023-04-17
31-3,25.030973451327437,2023-04-17
31-4,19.984,2023-04-17
24-2W,14.251295336787564,2023-04-17
17-3,26.818088911599386,2023-04-17
18-3,19.109410430839,2023-04-17
13-2E,20.970454545454544,2023-04-17
13-5,35.0621387283237,2023-04-17
24-2W,13.467557251908396,2023-04-17
10-1,23.605607476635512,2023-04-17
3-1/3-2,12.25140056022409,2023-04-17
39-3,6.273291925465839,2023-04-17
6-2,22.25293132328308,2023-04-17
8-4,34.39643652561247,2023-04-17
33-4,28.59713168187745,2023-04-17
16-3,20.37037037037037,2023-04-17
7-4,24.20702501330495,2023-04-17
20-2,26.2854609929078,2023-04-17
,20.509369676320272,2023-04-17
24-3,9.336477987421384,2023-04-17
24-4,8.923512747875353,2023-04-17
20-3,21.505312868949236,2023-04-17
13-7,5.39375,2023-04-17
7-2,30.014615384615382,2023-04-17
12-2,19.14524207011686,2023-04-17
,19.45614035087719,2023-04-17
15-3,19.81568016614745,2023-04-17
10-4,30.19140083217753,2023-04-17
33-2,28.23015873015873,2023-04-17
38-5,5.080068143100511,2023-04-17
18-2,27.263369752731453,2023-04-17
,12.692622950819672,2023-04-17
18-1,18.20705882352941,2023-04-17
13-2W,19.684044233807267,2023-04-17
7-5,16.41289023162135,2023-04-17
,23.82996632996633,2023-04-17
13-6,28.428571428571427,2023-04-17
39-1,9.675632911392404,2023-04-17
15-2,18.383497966298663,2023-04-17
31-4,24.71232876712329,2023-04-17
9-2,17.300651465798044,2023-04-17
8-2,40.396402877697845,2023-04-17
27-1,4.441092539747248,2023-04-17
7-3,54.972544470224285,2023-04-17
19-2,15.013477088948788,2023-04-17
38-0,6.422064056939502,2023-04-17
,10.309178743961352,2023-04-17
39-3,5.363207547169812,2023-04-17
39-5,5.237623762376238,2023-04-17
39-5,7.372941176470588,2023-04-17
,4.25,2023-04-17
38-6,24.603644646924828,2023-04-17
8-3,24.045934959349594,2023-04-17
22-2,17.69,2023-04-17
22-2,18.13235294117647,2023-04-17
22-2,20.95833333333333,2023-04-17
19-1,17.908571428571427,2023-04-17
19-1,18.363309352517987,2023-04-17
19-1,18.250980392156865,2023-04-17
19-1,21.65019011406844,2023-04-17
19-1,12.680147058823527,2023-04-17
19-1,13.608374384236454,2023-04-17
19-1,12.77777777777778,2023-04-17
19-1,17.404761904761905,2023-04-17
19-1,15.964285714285714,2023-04-17
19-1,11.155555555555557,2023-04-17
24-2E,13.321766561514195,2023-04-17
24-3,11.232044198895029,2023-04-17
24-3,9.914754098360657,2023-04-17
24-4,9.374647887323944,2023-04-17
24-4,12.04561403508772,2023-04-17
19-2,17.963704630788484,2023-04-17
,21.57777777777778,2023-04-17
36-1,6.78743961352657,2023-04-17
36-1,12.470588235294118,2023-04-17
36-3,18.503875968992247,2023-04-17
23-1,NA,2023-04-17
6-3,21.27659574468085,2023-04-17
6-3,16.09016393442623,2023-04-17
39-3,5.775,2023-04-17
6-3,17.933333333333334,2023-04-17
6-3,18.5,2023-04-17
6-4,35.108870967741936,2023-04-17
6-5W,29.643192488262912,2023-04-17
6-5E,25.05069124423963,2023-04-17
22-2,13.309782608695652,2023-04-17
22-2,21.27142857142857,2023-04-17
22-2,15.717391304347826,2023-04-17
22-2,27.585,2023-04-17
,13.780564263322884,2023-04-17
,10.037488284910966,2023-04-17
,10.66367137355584,2023-04-17
,13.199059561128529,2023-04-17
,10.159453302961277,2023-04-17
,11.434042553191489,2023-04-17
,10.752910737386804,2023-04-17
,12.22976501305483,2023-04-17
,14.666666666666666,2023-04-17
23-1,5.541083521444695,2023-04-17
23-2,17.159313725490197,2023-04-17
34-2,40.90425531914894,2023-04-17
28-5,19.531041069723017,2023-04-17
28-4,25.403246753246755,2023-04-17
38-7,18.312405063291138,2023-04-17
28-2,26.88628762541806,2023-04-17
28-1,23.55521472392638,2023-04-17
16-1,31.85022026431718,2023-04-17
4-2,22.932920872679908,2023-04-17
HansHerkert,52.95479777954005,2023-04-19
YoloBasin,25.56851851851852,2023-04-19
HPond,26.46308016877637,2023-04-19
Lucky5,22.315451454476765,2023-04-19
76,19.766331658291456,2023-04-19
70,13.38247191011236,2023-04-19
71,12.713268937468223,2023-04-19
72,15.710394663702056,2023-04-19
64,12.703059805285118,2023-04-19
63,12.127684964200478,2023-04-19
Pond5,20.61848958333333,2023-04-19
Pond6,46.43944636678201,2023-04-19
Pond7,6.972602739726027,2023-04-19
Pond8,27.68918918918919,2023-04-19
Pond9,40.09151785714285,2023-04-19
Pond10,27.375655823714585,2023-04-19
Newstrom,27.981912144702843,2023-04-19
C300,26.85893931109896,2023-04-19
Souza1-4,26.86070853462158,2023-04-19
Souza106,19.54035087719298,2023-04-19
Dingville1,33.30621396540679,2023-04-19
Dingville3,22.4424841213832,2023-04-19
Dingville4,32.02219482120839,2023-04-19
ShadyOaks(MichaelRue),33.50156739811912,2023-04-19
NorthCreekHouse(R&F Ranch),25.090006618133685,2023-04-19
RioOsoRanch(RioOso),16.62546353522868,2023-04-19
Bluebird(R&F RealEstate),24.27517501346257,2023-04-19
Morrison(MichaelRue),25.95313382269904,2023-04-19
Knaggs,20.31178873650423,2023-04-19
TuleBasin(Chesapeak),20.662310286677908,2023-04-19
TuleBasin,29.86321700762134,2023-04-19
CapOil,38.01057014734145,2023-04-19
TidesEnd,28.01814058956916,2023-04-19
Field 29C,19.93551688843398,2023-04-19
Field 29B,18.870766488413548,2023-04-19
Field 29A,18.95833333333333,2023-04-19
Field 25E,18.164048865619545,2023-04-19
Field 25D,17.626050420168067,2023-04-19
Field 25C,18.211631663974156,2023-04-19
Field 26EE,27.87904967602592,2023-04-19
Field 26CW,28.74740124740125,2023-04-19
Field 26D - 50% ONLY,28.854255319148937,2023-04-19
Field 18,24.36099796334012,2023-04-19
Field 20A,8.345244351024698,2023-04-19
Field 20B,9.547374120194911,2023-04-19
Field 21,18.52538984406237,2023-04-19
Field and Tule,27.354954237962595,2023-04-19
055D,11.103247293921733,2023-04-19
055E,12.38118410381184,2023-04-19
056A,29.0667215815486,2023-04-19
056B,28.11969111969112,2023-04-19
056F,32.13636363636363,2023-04-19
056E,13.160642570281125,2023-04-19
056G,25.66966292134832,2023-04-19
056H,41.276744186046514,2023-04-19
056I,23.816433566433567,2023-04-19
056J,47.58642327438677,2023-04-19
056K,36.59903089036947,2023-04-19
056L,34.38671411625148,2023-04-19
056M,32.73184357541899,2023-04-19
056N,33.15636042402827,2023-04-19
056P,36.81009615384615,2023-04-19
056Q,32.60058309037901,2023-04-19
061,27.47650130548303,2023-04-19
068B,20.61790668348045,2023-04-19
069A3,21.57444005270092,2023-04-19
069B,15.48606994665086,2023-04-19
069C,20.322222222222223,2023-04-19
072A,34.69715043074884,2023-04-19
072B,25.95506329113924,2023-04-19
076A1,28.62206148282097,2023-04-19
076A1,28.62206148282097,2023-04-19
076B,28.80038204393505,2023-04-19
076CW,12.806684733514002,2023-04-19
078A,35.091697645600995,2023-04-19
078B,30.910666666666668,2023-04-19
078C,26.535,2023-04-19
088,8.713707865168539,2023-04-19
089B,26.37514124293785,2023-04-19
089A,NA,2023-04-19
090A,27.687265917603,2023-04-19
091A,35.81056701030928,2023-04-19
091B,26.74131274131274,2023-04-19
093A,8.788005578800558,2023-04-19
093B,10.914685314685316,2023-04-19
093C,13.296146044624749,2023-04-19
093D,12.922368421052632,2023-04-19
093E,12.887075718015666,2023-04-19
094B,21.73337856173677,2023-04-19
096AW2,15.634946677604594,2023-04-19
096AW1,13.466777408637874,2023-04-19
100A,17.754081095313325,2023-04-19
100B,27.592911877394634,2023-04-19
100C,30.977198697068403,2023-04-19
100DE,14.83036303630363,2023-04-19
100G,35.966223132036845,2023-04-19
100M1,22.02024291497976,2023-04-19
100N,25.670642201834863,2023-04-19
102D,27.047101449275363,2023-04-19
102G,27.87030303030303,2023-04-19
102J,21.44956140350877,2023-04-19
106H6,11.716666666666669,2023-04-19
106H3,31.674740484429066,2023-04-19
106H4,29.176068376068372,2023-04-19
106H2,32.92401628222524,2023-04-19
106H2,32.20555555555556,2023-04-19
110F,30.81148325358852,2023-04-19
110G,25.527322404371585,2023-04-19
110J,28.67263544536272,2023-04-19
110K,30.33219616204691,2023-04-19
110L,29.448888888888888,2023-04-19
111A,26.70815450643777,2023-04-19
111B,21.305739514348787,2023-04-19
111C,31.279843444227005,2023-04-19
111D,34.25411334552103,2023-04-19
111E,27.3970818134445,2023-04-19
111F,24.91405905685324,2023-04-19
111G,23.88984979517524,2023-04-19
111H,27.865955826351865,2023-04-19
111J,28.760076775431862,2023-04-19
111K,31.03273809523809,2023-04-19
116A,32.47909967845659,2023-04-19
116D,23.035564853556487,2023-04-19
131D,19.616797900262466,2023-04-19
131F,20.870466321243523,2023-04-19
192EN,26.4860529986053,2023-04-19
192ES,27.695724597445864,2023-04-19
203-42,25.14776357827476,2023-04-19
203-41,26.622330689444784,2023-04-19
205C,22.607692307692307,2023-04-19
205E,31.72784412319296,2023-04-19
205W,17.190056134723335,2023-04-19
206SW,15.773584905660377,2023-04-19
207E,31.26010101010101,2023-04-19
207W,31.494877856579983,2023-04-19
208E,33.0375,2023-04-19
208W,15.404444444444444,2023-04-19
209E,16.950174825174827,2023-04-19
209W,17.534303534303536,2023-04-19
210E,28.52961672473868,2023-04-19
210W,15.827044025157234,2023-04-19
211E,31.11534025374856,2023-04-19
211C,30.44031830238727,2023-04-19
211SE,15.715384615384616,2023-04-19
211SWE,26.465587044534413,2023-04-19
211SWW,31.203463203463205,2023-04-19
211W,31.004864864864864,2023-04-19
212E,33.273068669527895,2023-04-19
212W,26.25945945945946,2023-04-19
213E,15.455458807769592,2023-04-19
213W,29.37491571139582,2023-04-19
214E,18.75224215246637,2023-04-19
214W,27.15925058548009,2023-04-19
215E,29.346396965865992,2023-04-19
215W,28.67766497461929,2023-04-19
216E,25.90823381521056,2023-04-19
216W,35.909426987061,2023-04-19
217E,25.589130434782607,2023-04-19
217W,28.097864768683277,2023-04-19
218E,34.170345217883416,2023-04-19
218W,30.04215456674473,2023-04-19
219E,33.79681274900398,2023-04-19
219W,29.80189959294437,2023-04-19
220E,27.246223564954683,2023-04-19
220W,25.988727858293075,2023-04-19
221E,33.30272787757818,2023-04-19
221S,14.904953145917002,2023-04-19
221W,22.29304029304029,2023-04-19
222E,31.726089417091117,2023-04-19
222W,33.840677966101694,2023-04-19
Barale,48.0546875,2023-04-19
BorderTule,23.6450698521968,2023-04-19
8-4,19.462242562929063,2023-04-19
21-1,13.34257975034674,2023-04-19
21-2,12.57373519913886,2023-04-19
5-3,30.356197352587245,2023-04-19
5-2,17.336288790373654,2023-04-19
5-1,20.782082324455207,2023-04-19
32-3,27.209495839451787,2023-04-19
32-2,21.747967479674795,2023-04-19
32-1,16.068206820682068,2023-04-19
21-3,27.866123399301514,2023-04-19
21-4,25.57129367327668,2023-04-19
16-2,11.300582524271844,2023-04-19
9-1,15.7724399494311,2023-04-19
22-1,17.98495702005731,2023-04-19
31-1,20.36229635376261,2023-04-19
31-2,13.657894736842104,2023-04-19
27-2,11.428005284015851,2023-04-19
18-5,15.75377969762419,2023-04-19
24-1,11.871428571428572,2023-04-19
17-2,39.52803510482691,2023-04-19
Staten Island Pilot,45.299728576967816,2023-04-19
D1A_019,30.63356973995272,2023-04-19
D1A_032,22.454656116859404,2023-04-19
D1A_050,23.08926875593542,2023-04-19
D3__017,9.693056456846204,2023-04-19
D3__018,7.121697357886309,2023-04-19
D3__025,13.46014735432016,2023-04-19
D3__074,11.369023569023568,2023-04-19
D3__080,12.01056105610561,2023-04-19
D3__085,13.495232040686586,2023-04-19
D4__010,24.638903531892463,2023-04-19
D4__038,10.435344827586206,2023-04-19
D4__039,10.849405548216644,2023-04-19
D4__056,13.634341637010676,2023-04-19
D4__060,15.964830011723327,2023-04-19
ROOS3,17.12759643916914,2023-04-19
ROOS2,16.215367965367964,2023-04-19
ROOS1,33.7,2023-04-19
TC014,25.108597285067876,2023-04-19
TC013,26.33192165166755,2023-04-19
TC015,24.99554367201426,2023-04-19
TC016,28.214225941422598,2023-04-19
TC012,20.31098265895954,2023-04-19
Knaggs_011,29.6879053796261,2023-04-19
Knaggs_010,12.98158379373849,2023-04-19
Knaggs_009,16.834192037470725,2023-04-19
TC022,10.836387434554974,2023-04-19
TC023,24.791172595520425,2023-04-19
TC020,29.17585983127839,2023-04-19
TC005,0,2023-04-19
TC006,0,2023-04-19
TC007_008,0,2023-04-19
12-1,13.094420600858369,2023-04-19
24-2W,13.315992292870906,2023-04-19
7-1,31.928909952606634,2023-04-19
39-2,5.443204868154158,2023-04-19
15-3,36.51790900290416,2023-04-19
10-4,NA,2023-04-19
6-4,29.49184782608696,2023-04-19
15-8,43.78693181818182,2023-04-19
15-6,60.35233160621762,2023-04-19
4-1,23.037614185921548,2023-04-19
23-1,NA,2023-04-19
17-1,37.976,2023-04-19
1-3,17.003849855630413,2023-04-19
1-2,21.073446327683616,2023-04-19
13-1,30.71575342465753,2023-04-19
1-4,15.589403973509931,2023-04-19
36-2,28.08333333333333,2023-04-19
3-3/3-4,24.15732368896926,2023-04-19
39-4,3.4972222222222222,2023-04-19
6-3,14.449612403100776,2023-04-19
15-1,24.07843137254902,2023-04-19
19-1,11.410714285714286,2023-04-19
24-2E,11.466666666666669,2023-04-19
18-6,14.243055555555555,2023-04-19
20-1,28.74767441860465,2023-04-19
,22.5,2023-04-19
13-3,18.61320754716981,2023-04-19
1-5,14.731800766283524,2023-04-19
36-2,25.6848,2023-04-19
10-2,26.19765166340509,2023-04-19
31-3,23.52868852459016,2023-04-19
31-3,24.97787610619469,2023-04-19
31-4,19.476,2023-04-19
24-2W,13.199481865284977,2023-04-19
17-3,39.73019928461932,2023-04-19
18-3,17.523242630385486,2023-04-19
13-2E,22.11439393939394,2023-04-19
13-5,28.85982658959537,2023-04-19
24-2W,14.290076335877863,2023-04-19
10-1,23.75140186915888,2023-04-19
3-1/3-2,14.458683473389357,2023-04-19
39-3,6.686335403726708,2023-04-19
6-2,18.58458961474037,2023-04-19
8-4,19.76614699331849,2023-04-19
33-4,20.73272490221643,2023-04-19
16-3,16.25493827160494,2023-04-19
7-4,22.65992549228313,2023-04-19
20-2,28.46335697399527,2023-04-19
,18.287904599659285,2023-04-19
24-3,13.39622641509434,2023-04-19
24-4,10.305949008498583,2023-04-19
20-3,29.82408500590319,2023-04-19
13-7,16.90625,2023-04-19
7-2,25.998461538461537,2023-04-19
12-2,19.6110183639399,2023-04-19
,15.596491228070176,2023-04-19
15-3,19.839563862928348,2023-04-19
10-4,33.65187239944522,2023-04-19
33-2,28.20634920634921,2023-04-19
38-5,3.2112436115843277,2023-04-19
18-2,24.029327199539967,2023-04-19
,12.836065573770492,2023-04-19
18-1,18.127058823529413,2023-04-19
13-2W,20.10742496050553,2023-04-19
7-5,16.731117824773413,2023-04-19
,18.457912457912457,2023-04-19
13-6,30.737142857142857,2023-04-19
39-1,10.492088607594935,2023-04-19
15-2,25.32829750145264,2023-04-19
31-4,26.61187214611872,2023-04-19
9-2,12.831921824104237,2023-04-19
8-2,35.14892086330935,2023-04-19
27-1,9.289849164288626,2023-04-19
7-3,39.75058004640371,2023-04-19
19-2,16.08153638814016,2023-04-19
38-0,6.804270462633452,2023-04-19
,11.492753623188406,2023-04-19
39-3,2.570754716981132,2023-04-19
39-5,1.2475247524752475,2023-04-19
39-5,5.541176470588235,2023-04-19
,5.527777777777778,2023-04-19
38-6,26.25816249050873,2023-04-19
8-3,29.201219512195124,2023-04-19
22-2,18.69,2023-04-19
22-2,14.661764705882351,2023-04-19
22-2,18.17361111111111,2023-04-19
19-1,22.40571428571429,2023-04-19
19-1,21.949640287769785,2023-04-19
19-1,20.811764705882357,2023-04-19
19-1,25.513307984790877,2023-04-19
19-1,12.628676470588236,2023-04-19
19-1,11.041871921182263,2023-04-19
19-1,11.38888888888889,2023-04-19
19-1,18.69047619047619,2023-04-19
19-1,17.77857142857143,2023-04-19
19-1,11.044444444444444,2023-04-19
24-2E,11.441640378548897,2023-04-19
24-3,12.441988950276244,2023-04-19
24-3,12.504918032786886,2023-04-19
24-4,11.88169014084507,2023-04-19
24-4,12.43859649122807,2023-04-19
19-2,26.670212765957448,2023-04-19
,23.42222222222222,2023-04-19
36-1,7.560386473429951,2023-04-19
36-1,15.308823529411764,2023-04-19
36-3,20.36434108527132,2023-04-19
23-1,NA,2023-04-19
6-3,20.425531914893615,2023-04-19
6-3,15.737704918032788,2023-04-19
39-3,2.566666666666667,2023-04-19
6-3,18.32,2023-04-19
6-3,17.61413043478261,2023-04-19
6-4,30.725806451612904,2023-04-19
6-5W,25.601877934272306,2023-04-19
6-5E,24.930875576036865,2023-04-19
22-2,15.222826086956522,2023-04-19
22-2,24.1,2023-04-19
22-2,13.318840579710145,2023-04-19
22-2,22.15,2023-04-19
,15.32810867293626,2023-04-19
,10.185567010309278,2023-04-19
,9.844672657252888,2023-04-19
,10.078369905956112,2023-04-19
,12.726651480637813,2023-04-19
,13.815602836879432,2023-04-19
,11.17464424320828,2023-04-19
,12.967798085291555,2023-04-19
,13.38095238095238,2023-04-19
23-1,10.87607223476298,2023-04-19
23-2,26.397058823529413,2023-04-19
34-2,51.4468085106383,2023-04-19
28-5,16.76074498567335,2023-04-19
28-4,33.16168831168831,2023-04-19
38-7,28.66481012658228,2023-04-19
28-2,22.49163879598662,2023-04-19
28-1,20.918200408997954,2023-04-19
16-1,30.43906020558003,2023-04-19
4-2,18.439596222728756,2023-04-19
HansHerkert,17.883425852498018,2023-04-24
YoloBasin,27.79583333333333,2023-04-24
HPond,19.98396624472574,2023-04-24
Lucky5,15.894975443898751,2023-04-24
76,32.550251256281406,2023-04-24
70,18.36179775280899,2023-04-24
71,11.382816471784444,2023-04-24
72,31.31573096164536,2023-04-24
64,12.273991655076497,2023-04-24
63,12.655727923627683,2023-04-24
Pond5,29.71223958333333,2023-04-24
Pond6,30.94117647058824,2023-04-24
Pond7,11.25875190258752,2023-04-24
Pond8,32.7047817047817,2023-04-24
Pond9,23.120535714285715,2023-04-24
Pond10,22.891920251836307,2023-04-24
Newstrom,29.51937984496124,2023-04-24
C300,2.4958993985784583,2023-04-24
Souza1-4,26.26247987117552,2023-04-24
Souza106,24.55,2023-04-24
Dingville1,31.326073030108905,2023-04-24
Dingville3,30.02046577275935,2023-04-24
Dingville4,31.80826140567201,2023-04-24
ShadyOaks(MichaelRue),27.686520376175547,2023-04-24
NorthCreekHouse(R&F Ranch),26.105890138980808,2023-04-24
RioOsoRanch(RioOso),26.512978986402967,2023-04-24
Bluebird(R&F RealEstate),30.00107700592353,2023-04-24
Morrison(MichaelRue),28.041219649915305,2023-04-24
Knaggs,14.651298511817917,2023-04-24
TuleBasin(Chesapeak),13.68212478920742,2023-04-24
TuleBasin,15.72643401524268,2023-04-24
CapOil,19.034913516976296,2023-04-24
TidesEnd,23.43718820861678,2023-04-24
Field 29C,11.859774820880244,2023-04-24
Field 29B,12.35650623885918,2023-04-24
Field 29A,11.664166666666668,2023-04-24
Field 25E,12.034031413612563,2023-04-24
Field 25D,25.573949579831933,2023-04-24
Field 25C,25.440226171243943,2023-04-24
Field 26EE,13.93952483801296,2023-04-24
Field 26CW,27.785862785862783,2023-04-24
Field 26D - 50% ONLY,30.195744680851064,2023-04-24
Field 18,25.328920570264767,2023-04-24
Field 20A,19.09090909090909,2023-04-24
Field 20B,20.14076881429345,2023-04-24
Field 21,13.66813274690124,2023-04-24
Field and Tule,31.84759251890171,2023-04-24
055D,29.51790174854288,2023-04-24
055E,29.885644768856448,2023-04-24
056A,27.50411861614497,2023-04-24
056B,29.69034749034749,2023-04-24
056F,28.054952510176392,2023-04-24
056E,23.89825970548862,2023-04-24
056G,20.730337078651687,2023-04-24
056H,26.898255813953487,2023-04-24
056I,23.815850815850816,2023-04-24
056J,40.40559041642898,2023-04-24
056K,35.10175651120533,2023-04-24
056L,31.402728351126928,2023-04-24
056M,32.70600558659218,2023-04-24
056N,30.96113074204947,2023-04-24
056P,30.693509615384617,2023-04-24
056Q,28.14868804664723,2023-04-24
061,30.548302872062663,2023-04-24
068B,32.53341740226986,2023-04-24
069A3,16.629776021080367,2023-04-24
069B,29.05868405453468,2023-04-24
069C,18.513756613756613,2023-04-24
072A,33.97680583167661,2023-04-24
072B,27.417088607594938,2023-04-24
076A1,24.80650994575045,2023-04-24
076A1,24.80650994575045,2023-04-24
076B,24.412607449856733,2023-04-24
076CW,9.261065943992774,2023-04-24
078A,25.87050805452293,2023-04-24
078B,26.049333333333333,2023-04-24
078C,20.99375,2023-04-24
088,11.709213483146067,2023-04-24
089B,29.06045197740113,2023-04-24
089A,NA,2023-04-24
090A,24.85580524344569,2023-04-24
091A,33.404639175257735,2023-04-24
091B,29.3030888030888,2023-04-24
093A,7.373779637377964,2023-04-24
093B,7.969230769230769,2023-04-24
093C,10.455713319810682,2023-04-24
093D,10.174342105263158,2023-04-24
093E,9.778067885117494,2023-04-24
094B,12.389077340569878,2023-04-24
096AW2,25.244462674323216,2023-04-24
096AW1,26.612126245847172,2023-04-24
100A,23.45550289626119,2023-04-24
100B,29.427681992337163,2023-04-24
100C,26.133550488599347,2023-04-24
100DE,17.105280528052806,2023-04-24
100G,25.59467758444217,2023-04-24
100M1,24.836437246963563,2023-04-24
100N,20.174311926605505,2023-04-24
102D,29.117149758454108,2023-04-24
102G,28.356969696969696,2023-04-24
102J,30.88925438596491,2023-04-24
106H6,12.036111111111111,2023-04-24
106H3,27.242214532871973,2023-04-24
106H4,24.374358974358973,2023-04-24
106H2,25.059701492537314,2023-04-24
106H2,26.497222222222224,2023-04-24
110F,28.955023923444976,2023-04-24
110G,21.898907103825135,2023-04-24
110J,30.22130394857668,2023-04-24
110K,29.88784648187633,2023-04-24
110L,28.587777777777777,2023-04-24
111A,22.877682403433475,2023-04-24
111B,22.05077262693157,2023-04-24
111C,27.037181996086105,2023-04-24
111D,27.712979890310788,2023-04-24
111E,25.35383011985409,2023-04-24
111F,21.81092992507713,2023-04-24
111G,18.32271279016841,2023-04-24
111H,24.27570449352628,2023-04-24
111J,28.43186180422265,2023-04-24
111K,31.452380952380956,2023-04-24
116A,28.85209003215434,2023-04-24
116D,25.801255230125523,2023-04-24
131D,16.171916010498688,2023-04-24
131F,18.22668393782384,2023-04-24
192EN,29.657601115760112,2023-04-24
192ES,30.046640755136035,2023-04-24
203-42,16.825079872204473,2023-04-24
203-41,16.34960341671751,2023-04-24
205C,17.28205128205128,2023-04-24
205E,18.609679446888748,2023-04-24
205W,10.45870088211708,2023-04-24
206SW,12.795883361921096,2023-04-24
207E,12.993265993265991,2023-04-24
207W,19.936958234830577,2023-04-24
208E,18.72647058823529,2023-04-24
208W,19.37925925925926,2023-04-24
209E,32.81293706293706,2023-04-24
209W,12.9002079002079,2023-04-24
210E,21.558362369337974,2023-04-24
210W,12.933962264150944,2023-04-24
211E,20.27277970011534,2023-04-24
211C,19.635278514588855,2023-04-24
211SE,12.896153846153846,2023-04-24
211SWE,21.21862348178137,2023-04-24
211SWW,18.5974025974026,2023-04-24
211W,19.00702702702703,2023-04-24
212E,19.39431330472103,2023-04-24
212W,29.611351351351352,2023-04-24
213E,12.24715338245144,2023-04-24
213W,28.530006743088336,2023-04-24
214E,13.10762331838565,2023-04-24
214W,29.7096018735363,2023-04-24
215E,28.12389380530973,2023-04-24
215W,28.53045685279188,2023-04-24
216E,30.677561282212444,2023-04-24
216W,29.327171903881705,2023-04-24
217E,29.27717391304348,2023-04-24
217W,29.665480427046266,2023-04-24
218E,29.11544991511036,2023-04-24
218W,18.80210772833724,2023-04-24
219E,31.61354581673307,2023-04-24
219W,17.05020352781547,2023-04-24
220E,28.33383685800604,2023-04-24
220W,19.067632850241544,2023-04-24
221E,19.55222887558217,2023-04-24
221S,12.578313253012048,2023-04-24
221W,15.196581196581196,2023-04-24
222E,19.34012450481041,2023-04-24
222W,19.389830508474574,2023-04-24
Barale,38.234375,2023-04-24
BorderTule,17.7728285077951,2023-04-24
8-4,26.270022883295194,2023-04-24
21-1,12.40545538603791,2023-04-24
21-2,11.32508073196986,2023-04-24
5-3,29.398916967509024,2023-04-24
5-2,28.364154528182397,2023-04-24
5-1,31.89225181598063,2023-04-24
32-3,31.395007342143906,2023-04-24
32-2,26.903064415259536,2023-04-24
32-1,27.324532453245325,2023-04-24
21-3,32.783469150174625,2023-04-24
21-4,27.149197355996225,2023-04-24
16-2,31.90601941747573,2023-04-24
9-1,32.627686472819214,2023-04-24
22-1,13.211318051575931,2023-04-24
31-1,14.56322730799069,2023-04-24
31-2,11.789473684210526,2023-04-24
27-2,16.003963011889034,2023-04-24
18-5,12.704103671706264,2023-04-24
24-1,13.723979591836734,2023-04-24
17-2,31.935641150658217,2023-04-24
Staten Island Pilot,19.65296626599457,2023-04-24
D1A_019,29.23167848699764,2023-04-24
D1A_032,3.3639683505782108,2023-04-24
D1A_050,29.188509021842357,2023-04-24
D3__017,9.594419208306295,2023-04-24
D3__018,27.290632506004805,2023-04-24
D3__025,11.282652377762894,2023-04-24
D3__074,9.54949494949495,2023-04-24
D3__080,9.601980198019804,2023-04-24
D3__085,10.252383979656708,2023-04-24
D4__010,27.53452820242488,2023-04-24
D4__038,9.21243842364532,2023-04-24
D4__039,8.767503302509908,2023-04-24
D4__056,27.891459074733092,2023-04-24
D4__060,28.283704572098475,2023-04-24
ROOS3,20.362512363996043,2023-04-24
ROOS2,34.81926406926407,2023-04-24
ROOS1,41.083333333333336,2023-04-24
TC014,27.063348416289596,2023-04-24
TC013,32.36103758602435,2023-04-24
TC015,28.8048128342246,2023-04-24
TC016,28.1489539748954,2023-04-24
TC012,15.802312138728324,2023-04-24
Knaggs_011,16.938573063716138,2023-04-24
Knaggs_010,13.576427255985267,2023-04-24
Knaggs_009,13.537236533957843,2023-04-24
TC022,27.49934554973822,2023-04-24
TC023,26.791172595520425,2023-04-24
TC020,29.22842310188189,2023-04-24
TC005,0,2023-04-24
TC006,0,2023-04-24
TC007_008,0,2023-04-24
12-1,25.96137339055794,2023-04-24
24-2W,13.845857418111754,2023-04-24
7-1,25.57345971563981,2023-04-24
39-2,6.293103448275862,2023-04-24
15-3,17.67666989351404,2023-04-24
10-4,NA,2023-04-24
6-4,35.25,2023-04-24
15-8,18.088068181818183,2023-04-24
15-6,20.015544041450777,2023-04-24
4-1,13.984416980118215,2023-04-24
23-1,NA,2023-04-24
17-1,34.9055,2023-04-24
1-3,14.716073147256978,2023-04-24
1-2,28.51412429378531,2023-04-24
13-1,14.075342465753424,2023-04-24
1-4,25.473509933774835,2023-04-24
36-2,14.398692810457517,2023-04-24
3-3/3-4,19.63110307414105,2023-04-24
39-4,5.426851851851852,2023-04-24
6-3,28.531007751937985,2023-04-24
15-1,17.680598555211557,2023-04-24
19-1,8.832142857142857,2023-04-24
24-2E,10.863333333333332,2023-04-24
18-6,14.743055555555555,2023-04-24
20-1,34.79127906976744,2023-04-24
,25.25,2023-04-24
13-3,27.702830188679247,2023-04-24
1-5,26.85249042145594,2023-04-24
36-2,17.6016,2023-04-24
10-2,25.52348336594912,2023-04-24
31-3,15.724043715846994,2023-04-24
31-3,16.916482300884955,2023-04-24
31-4,15,2023-04-24
24-2W,14.963730569948186,2023-04-24
17-3,32.40674501788452,2023-04-24
18-3,34.09297052154195,2023-04-24
13-2E,30.618181818181817,2023-04-24
13-5,29.171965317919074,2023-04-24
24-2W,13.135496183206106,2023-04-24
10-1,28.06355140186916,2023-04-24
3-1/3-2,10.461484593837534,2023-04-24
39-3,28.31987577639752,2023-04-24
6-2,32.959798994974875,2023-04-24
8-4,26.28285077951002,2023-04-24
33-4,11.067796610169491,2023-04-24
16-3,25.57037037037037,2023-04-24
7-4,29.700372538584357,2023-04-24
20-2,31.566193853427897,2023-04-24
,14.831345826235092,2023-04-24
24-3,10.91194968553459,2023-04-24
24-4,8.252124645892351,2023-04-24
20-3,32.61038961038961,2023-04-24
13-7,21.403125,2023-04-24
7-2,26.47769230769231,2023-04-24
12-2,13.442404006677796,2023-04-24
,15.56140350877193,2023-04-24
15-3,13.980269989615785,2023-04-24
10-4,26.27115117891817,2023-04-24
33-2,13.352380952380951,2023-04-24
38-5,7.180579216354344,2023-04-24
18-2,31.741805635422654,2023-04-24
,10.635245901639344,2023-04-24
18-1,29.971764705882357,2023-04-24
13-2W,27.68799368088468,2023-04-24
7-5,25.95065458207452,2023-04-24
,15.498316498316498,2023-04-24
13-6,16.422857142857143,2023-04-24
39-1,9.610759493670884,2023-04-24
15-2,20.108657757117957,2023-04-24
31-4,19.29223744292237,2023-04-24
9-2,26.708469055374596,2023-04-24
8-2,29.30935251798561,2023-04-24
27-1,10.363636363636363,2023-04-24
7-3,29.03325599381284,2023-04-24
19-2,26.690700808625337,2023-04-24
38-0,5.5921708185053385,2023-04-24
,7.043478260869565,2023-04-24
39-3,19.099056603773583,2023-04-24
39-5,12.03960396039604,2023-04-24
39-5,3.0658823529411765,2023-04-24
,5.472222222222222,2023-04-24
38-6,31.255884586180716,2023-04-24
8-3,31.71788617886179,2023-04-24
22-2,26.68166666666667,2023-04-24
22-2,30.19117647058824,2023-04-24
22-2,32.50694444444444,2023-04-24
19-1,24.04,2023-04-24
19-1,26.381294964028772,2023-04-24
19-1,24.192156862745097,2023-04-24
19-1,27.456273764258555,2023-04-24
19-1,12.599264705882351,2023-04-24
19-1,12.48768472906404,2023-04-24
19-1,12.151851851851852,2023-04-24
19-1,23.48095238095238,2023-04-24
19-1,17.792857142857144,2023-04-24
19-1,8.792592592592593,2023-04-24
24-2E,13.848580441640378,2023-04-24
24-3,12.323204419889503,2023-04-24
24-3,11.439344262295082,2023-04-24
24-4,10.566197183098591,2023-04-24
24-4,9.670175438596493,2023-04-24
19-2,26.406758448060074,2023-04-24
,17.866666666666667,2023-04-24
36-1,7.06280193236715,2023-04-24
36-1,19.392156862745097,2023-04-24
36-3,20.69767441860465,2023-04-24
23-1,NA,2023-04-24
6-3,25.71276595744681,2023-04-24
6-3,30.524590163934427,2023-04-24
39-3,6.891666666666667,2023-04-24
6-3,28.166666666666668,2023-04-24
6-3,30.93478260869565,2023-04-24
6-4,30.673387096774192,2023-04-24
6-5W,28.531455399061034,2023-04-24
6-5E,28.631336405529957,2023-04-24
22-2,13.581521739130435,2023-04-24
22-2,13.089285714285714,2023-04-24
22-2,31.95289855072464,2023-04-24
22-2,30.71,2023-04-24
,12.67189132706374,2023-04-24
,8.784442361761949,2023-04-24
,8.89216944801027,2023-04-24
,11.899686520376177,2023-04-24
,10.20728929384966,2023-04-24
,11.941843971631206,2023-04-24
,10.620957309184991,2023-04-24
,9.16710182767624,2023-04-24
,13.022774327122152,2023-04-24
23-1,8.848758465011286,2023-04-24
23-2,15.43872549019608,2023-04-24
34-2,26.175531914893615,2023-04-24
28-5,31.50238777459408,2023-04-24
28-4,32.2,2023-04-24
38-7,31.072911392405064,2023-04-24
28-2,34.376254180602004,2023-04-24
28-1,27.57719836400818,2023-04-24
16-1,32.08296622613803,2023-04-24
4-2,12.817974601107132,2023-04-24
HansHerkert,16.01268834258525,2023-04-29
YoloBasin,24.679166666666667,2023-04-29
HPond,17.81308016877637,2023-04-29
Lucky5,13.491122024933889,2023-04-29
76,35.32663316582914,2023-04-29
70,33.248988764044945,2023-04-29
71,33.856634468734114,2023-04-29
72,34.8893829905503,2023-04-29
64,20.41237830319889,2023-04-29
63,13.70763723150358,2023-04-29
Pond5,36.875,2023-04-29
Pond6,38.133794694348325,2023-04-29
Pond7,10.210045662100455,2023-04-29
Pond8,36.92411642411643,2023-04-29
Pond9,31.022321428571427,2023-04-29
Pond10,28.44386149003148,2023-04-29
Newstrom,33.13565891472868,2023-04-29
C300,3.412247129579005,2023-04-29
Souza1-4,3.575684380032206,2023-04-29
Souza106,21.29122807017544,2023-04-29
Dingville1,2.3408071748878925,2023-04-29
Dingville3,32.71489061397318,2023-04-29
Dingville4,33.50308261405672,2023-04-29
ShadyOaks(MichaelRue),32.85579937304075,2023-04-29
NorthCreekHouse(R&F Ranch),26.42422236929186,2023-04-29
RioOsoRanch(RioOso),30.360939431396787,2023-04-29
Bluebird(R&F RealEstate),31.43672590199246,2023-04-29
Morrison(MichaelRue),29.7690570299266,2023-04-29
Knaggs,15.107820250948352,2023-04-29
TuleBasin(Chesapeak),13.904932546374368,2023-04-29
TuleBasin,22.58002406738869,2023-04-29
CapOil,22.983664317745035,2023-04-29
TidesEnd,22.24308390022676,2023-04-29
Field 29C,36.41351074718526,2023-04-29
Field 29B,34.90909090909091,2023-04-29
Field 29A,35.245,2023-04-29
Field 25E,30.410994764397905,2023-04-29
Field 25D,31.49579831932773,2023-04-29
Field 25C,30.71647819063005,2023-04-29
Field 26EE,30.26565874730021,2023-04-29
Field 26CW,32.23804573804574,2023-04-29
Field 26D - 50% ONLY,33.263829787234044,2023-04-29
Field 18,27.628309572301426,2023-04-29
Field 20A,21.6904887020494,2023-04-29
Field 20B,26.76610720086627,2023-04-29
Field 21,26.316673330667733,2023-04-29
Field and Tule,27.9558296856347,2023-04-29
055D,33.29225645295587,2023-04-29
055E,34.558799675588,2023-04-29
056A,32.93080724876442,2023-04-29
056B,37.42162162162162,2023-04-29
056F,31.734735413839893,2023-04-29
056E,33.6813922356091,2023-04-29
056G,26.92808988764045,2023-04-29
056H,33.03139534883721,2023-04-29
056I,26.304195804195803,2023-04-29
056J,36.793496862521394,2023-04-29
056K,38.18655360387644,2023-04-29
056L,35.574139976275205,2023-04-29
056M,30.91550279329609,2023-04-29
056N,28.935512367491167,2023-04-29
056P,33.49639423076923,2023-04-29
056Q,32.03644314868804,2023-04-29
061,30.626631853785906,2023-04-29
068B,33.51828499369483,2023-04-29
069A3,16.965744400527008,2023-04-29
069B,32.024303497332546,2023-04-29
069C,20.085714285714285,2023-04-29
072A,27.93836978131213,2023-04-29
072B,36.3873417721519,2023-04-29
076A1,33.02441229656419,2023-04-29
076A1,33.02441229656419,2023-04-29
076B,32.695319961795605,2023-04-29
076CW,37.285456187895214,2023-04-29
078A,34.42812887236679,2023-04-29
078B,33.693333333333335,2023-04-29
078C,29.1525,2023-04-29
088,12.071460674157304,2023-04-29
089B,27.40395480225989,2023-04-29
089A,NA,2023-04-29
090A,25.89513108614232,2023-04-29
091A,32.277061855670105,2023-04-29
091B,31.67953667953668,2023-04-29
093A,24.606694560669457,2023-04-29
093B,25.937062937062937,2023-04-29
093C,29.027721433400945,2023-04-29
093D,32.12171052631579,2023-04-29
093E,33.89229765013055,2023-04-29
094B,30.206919945725915,2023-04-29
096AW2,30.036095159967186,2023-04-29
096AW1,31.686046511627907,2023-04-29
100A,26.943654555028964,2023-04-29
100B,14.670498084291188,2023-04-29
100C,32.214983713355046,2023-04-29
100DE,29.662046204620463,2023-04-29
100G,31.75025588536336,2023-04-29
100M1,28.25263157894737,2023-04-29
100N,4.638532110091743,2023-04-29
102D,32.44867149758454,2023-04-29
102G,32.6830303030303,2023-04-29
102J,29.55701754385965,2023-04-29
106H6,12.005555555555556,2023-04-29
106H3,30.94117647058824,2023-04-29
106H4,23.615384615384617,2023-04-29
106H2,29.52781546811397,2023-04-29
106H2,32.16111111111111,2023-04-29
110F,13.011483253588516,2023-04-29
110G,10.334699453551911,2023-04-29
110J,24.4366391184573,2023-04-29
110K,31.949680170575693,2023-04-29
110L,32.55185185185185,2023-04-29
111A,20.9549356223176,2023-04-29
111B,23.456953642384107,2023-04-29
111C,26.729941291585128,2023-04-29
111D,29.076782449725776,2023-04-29
111E,27.69932256383533,2023-04-29
111F,21.030409872190397,2023-04-29
111G,5.469276285844333,2023-04-29
111H,19.191926884996192,2023-04-29
111J,30.36852207293666,2023-04-29
111K,36.49404761904762,2023-04-29
116A,34.434083601286176,2023-04-29
116D,28.197698744769877,2023-04-29
131D,7.8556430446194225,2023-04-29
131F,18.11139896373057,2023-04-29
192EN,34.709902370990235,2023-04-29
192ES,32.86674069961133,2023-04-29
203-42,29.9944089456869,2023-04-29
203-41,32.24588163514338,2023-04-29
205C,23.74871794871795,2023-04-29
205E,27.17724701445632,2023-04-29
205W,32.9149959903769,2023-04-29
206SW,16.519725557461406,2023-04-29
207E,32.4537037037037,2023-04-29
207W,34.801418439716315,2023-04-29
208E,31.5375,2023-04-29
208W,34.925185185185185,2023-04-29
209E,35.63723776223776,2023-04-29
209W,17.12785862785863,2023-04-29
210E,35.38501742160279,2023-04-29
210W,16.9811320754717,2023-04-29
211E,35.16955017301038,2023-04-29
211C,35.65716180371353,2023-04-29
211SE,31.703846153846158,2023-04-29
211SWE,36.7085020242915,2023-04-29
211SWW,27.3982683982684,2023-04-29
211W,27.385405405405404,2023-04-29
212E,28.346030042918454,2023-04-29
212W,33.91621621621621,2023-04-29
213E,16.336905559276623,2023-04-29
213W,32.767363452461225,2023-04-29
214E,16.92488789237668,2023-04-29
214W,32.523419203747075,2023-04-29
215E,34.097345132743364,2023-04-29
215W,33.29314720812183,2023-04-29
216E,33.62727844123193,2023-04-29
216W,33.54713493530499,2023-04-29
217E,33.92173913043478,2023-04-29
217W,33.15776986951364,2023-04-29
218E,32.919637804187886,2023-04-29
218W,25.959016393442624,2023-04-29
219E,33.04116865869854,2023-04-29
219W,23.87788331071913,2023-04-29
220E,32.86102719033233,2023-04-29
220W,25.67793880837359,2023-04-29
221E,28.557551563539587,2023-04-29
221S,14.958500669344042,2023-04-29
221W,21.17032967032967,2023-04-29
222E,25.84267119411432,2023-04-29
222W,28.55988700564972,2023-04-29
Barale,38.2734375,2023-04-29
BorderTule,20.16157116825268,2023-04-29
8-4,31.153318077803203,2023-04-29
21-1,18.14840499306519,2023-04-29
21-2,16.479547900968782,2023-04-29
5-3,32.816486161251504,2023-04-29
5-2,30.338188727042432,2023-04-29
5-1,33.02845036319613,2023-04-29
32-3,33.75819872736172,2023-04-29
32-2,28.287054409005627,2023-04-29
32-1,30.28932893289329,2023-04-29
21-3,31.49476135040745,2023-04-29
21-4,31.205854579792256,2023-04-29
16-2,34.35145631067961,2023-04-29
9-1,37.805941845764856,2023-04-29
22-1,28.396131805157594,2023-04-29
31-1,13.162916989914663,2023-04-29
31-2,14.90650969529086,2023-04-29
27-2,17.43461030383091,2023-04-29
18-5,32.254859611231105,2023-04-29
24-1,13.074489795918367,2023-04-29
17-2,36.53339834227207,2023-04-29
Staten Island Pilot,0,2023-04-29
D1A_019,7.807722616233255,2023-04-29
D1A_032,3.2982349360925136,2023-04-29
D1A_050,29.105413105413103,2023-04-29
D3__017,32.59441920830629,2023-04-29
D3__018,31.11128903122498,2023-04-29
D3__025,30.660415271265908,2023-04-29
D3__074,13.348148148148148,2023-04-29
D3__080,13.685148514851486,2023-04-29
D3__085,14.4907819453274,2023-04-29
D4__010,28.935687928307853,2023-04-29
D4__038,11.078817733990148,2023-04-29
D4__039,11.38110964332893,2023-04-29
D4__056,30.094306049822062,2023-04-29
D4__060,30.738569753810083,2023-04-29
ROOS3,14.393669634025716,2023-04-29
ROOS2,32.553030303030305,2023-04-29
ROOS1,35.79375,2023-04-29
TC014,33.80995475113122,2023-04-29
TC013,34.93118051879301,2023-04-29
TC015,34.70499108734403,2023-04-29
TC016,37.49121338912134,2023-04-29
TC012,24.547591522158,2023-04-29
Knaggs_011,13.00839374284624,2023-04-29
Knaggs_010,16.38075506445672,2023-04-29
Knaggs_009,17.085714285714285,2023-04-29
TC022,31.160994764397905,2023-04-29
TC023,23.864953886693016,2023-04-29
TC020,28.732641142115508,2023-04-29
TC005,0,2023-04-29
TC006,0,2023-04-29
TC007_008,0,2023-04-29
12-1,28.46351931330472,2023-04-29
24-2W,9.8131021194605,2023-04-29
7-1,29.143759873617693,2023-04-29
39-2,12.321501014198782,2023-04-29
15-3,26.44143272023233,2023-04-29
10-4,NA,2023-04-29
6-4,37.66304347826087,2023-04-29
15-8,19.869318181818183,2023-04-29
15-6,23.007772020725387,2023-04-29
4-1,19.422890918860823,2023-04-29
23-1,NA,2023-04-29
17-1,37.225,2023-04-29
1-3,31.32531280076997,2023-04-29
1-2,30.827118644067795,2023-04-29
13-1,31.613013698630137,2023-04-29
1-4,27.75993377483444,2023-04-29
36-2,17.65359477124183,2023-04-29
3-3/3-4,21.10126582278481,2023-04-29
39-4,13.921296296296296,2023-04-29
6-3,35.18604651162791,2023-04-29
15-1,18.19298245614035,2023-04-29
19-1,13.325,2023-04-29
24-2E,13.753333333333334,2023-04-29
18-6,31.72222222222222,2023-04-29
20-1,37.97441860465116,2023-04-29
,32.51315789473684,2023-04-29
13-3,29.721698113207548,2023-04-29
1-5,27.886973180076627,2023-04-29
36-2,18.3856,2023-04-29
10-2,24.38747553816047,2023-04-29
31-3,18.46653005464481,2023-04-29
31-3,31.085176991150444,2023-04-29
31-4,29.964,2023-04-29
24-2W,9.16839378238342,2023-04-29
17-3,38.245784363822175,2023-04-29
18-3,36.257936507936506,2023-04-29
13-2E,35.041666666666664,2023-04-29
13-5,31.004335260115607,2023-04-29
24-2W,13.541984732824428,2023-04-29
10-1,26.8,2023-04-29
3-1/3-2,21.971988795518207,2023-04-29
39-3,69.74223602484471,2023-04-29
6-2,35.69179229480737,2023-04-29
8-4,30.96436525612472,2023-04-29
33-4,16.19947848761408,2023-04-29
16-3,30.67283950617284,2023-04-29
7-4,34.0691857370942,2023-04-29
20-2,37.80673758865248,2023-04-29
,26.33390119250426,2023-04-29
24-3,12.867924528301886,2023-04-29
24-4,9.940509915014164,2023-04-29
20-3,37.99468713105077,2023-04-29
13-7,22.1,2023-04-29
7-2,29.53,2023-04-29
12-2,14.151919866444072,2023-04-29
,17.27485380116959,2023-04-29
15-3,23.24974039460021,2023-04-29
10-4,42.90846047156727,2023-04-29
33-2,30.73333333333333,2023-04-29
38-5,19.684838160136287,2023-04-29
18-2,35.69407705577918,2023-04-29
,13.098360655737704,2023-04-29
18-1,33.21098039215686,2023-04-29
13-2W,33.26935229067931,2023-04-29
7-5,28.052366565961734,2023-04-29
,24.33838383838384,2023-04-29
13-6,17.16,2023-04-29
39-1,15.943037974683543,2023-04-29
15-2,25.95642068564788,2023-04-29
31-4,27.84474885844749,2023-04-29
9-2,28.17557003257329,2023-04-29
8-2,30.923021582733814,2023-04-29
27-1,13.685690990623726,2023-04-29
7-3,32.19025522041763,2023-04-29
19-2,29.264824797843666,2023-04-29
38-0,30.4846975088968,2023-04-29
,9.07729468599034,2023-04-29
39-3,59.09433962264151,2023-04-29
39-5,62.81188118811881,2023-04-29
39-5,108.20941176470588,2023-04-29
,20.694444444444443,2023-04-29
38-6,33.24905087319666,2023-04-29
8-3,35.52723577235772,2023-04-29
22-2,28.175,2023-04-29
22-2,29.955882352941178,2023-04-29
22-2,31.854166666666668,2023-04-29
19-1,22.35428571428572,2023-04-29
19-1,23.57913669064748,2023-04-29
19-1,21.53333333333333,2023-04-29
19-1,24.63498098859316,2023-04-29
19-1,10.389705882352942,2023-04-29
19-1,10.992610837438423,2023-04-29
19-1,10.403703703703703,2023-04-29
19-1,20.728571428571428,2023-04-29
19-1,17.160714285714285,2023-04-29
19-1,12.588888888888889,2023-04-29
24-2E,10.523659305993691,2023-04-29
24-3,13.939226519337016,2023-04-29
24-3,12.875409836065574,2023-04-29
24-4,12.788732394366198,2023-04-29
24-4,12.126315789473685,2023-04-29
19-2,27.67334167709637,2023-04-29
,23.11111111111111,2023-04-29
36-1,9.70048309178744,2023-04-29
36-1,17.681372549019606,2023-04-29
36-3,18.67441860465116,2023-04-29
23-1,NA,2023-04-29
6-3,34.723404255319146,2023-04-29
6-3,35.614754098360656,2023-04-29
39-3,59.35,2023-04-29
6-3,35.906666666666666,2023-04-29
6-3,32.44565217391305,2023-04-29
6-4,35.84274193548387,2023-04-29
6-5W,32.91643192488263,2023-04-29
6-5E,30.2073732718894,2023-04-29
22-2,30.983695652173918,2023-04-29
22-2,24.964285714285715,2023-04-29
22-2,30.36231884057971,2023-04-29
22-2,30.92,2023-04-29
,13.768025078369906,2023-04-29
,7.614807872539831,2023-04-29
,11.015404364569962,2023-04-29
,13.33228840125392,2023-04-29
,8.66742596810934,2023-04-29
,10.062411347517733,2023-04-29
,9.583441138421732,2023-04-29
,8.456048738033072,2023-04-29
,15.29192546583851,2023-04-29
23-1,14.630022573363432,2023-04-29
23-2,19.78676470588235,2023-04-29
34-2,29.33510638297872,2023-04-29
28-5,33.43696275071633,2023-04-29
28-4,32.88506493506493,2023-04-29
38-7,32.96506329113924,2023-04-29
28-2,35.77759197324415,2023-04-29
28-1,37.67944785276074,2023-04-29
16-1,33.381057268722465,2023-04-29
4-2,34.09312927385216,2023-04-29
HansHerkert,15.56833201163098,2023-05-01
YoloBasin,33.88981481481481,2023-05-01
HPond,28.636286919831225,2023-05-01
Lucky5,19.01246694370986,2023-05-01
76,32.22412060301507,2023-05-01
70,29.804044943820223,2023-05-01
71,28.2353838332486,2023-05-01
72,30.00166759310728,2023-05-01
64,28.255215577190544,2023-05-01
63,13.3090692124105,2023-05-01
Pond5,35.5625,2023-05-01
Pond6,36.95040369088812,2023-05-01
Pond7,12.43987823439878,2023-05-01
Pond8,39.6995841995842,2023-05-01
Pond9,31.357142857142858,2023-05-01
Pond10,27.759706190975862,2023-05-01
Newstrom,32.156976744186046,2023-05-01
C300,6.972115910333516,2023-05-01
Souza1-4,7.735909822866344,2023-05-01
Souza106,16.014035087719297,2023-05-01
Dingville1,6.547085201793722,2023-05-01
Dingville3,33.549047282992234,2023-05-01
Dingville4,32.61837237977805,2023-05-01
ShadyOaks(MichaelRue),29.12539184952978,2023-05-01
NorthCreekHouse(R&F Ranch),20.25016545334216,2023-05-01
RioOsoRanch(RioOso),29.57107540173053,2023-05-01
Bluebird(R&F RealEstate),31.09154550350027,2023-05-01
Morrison(MichaelRue),26.76171654432524,2023-05-01
Knaggs,14.171140939597317,2023-05-01
TuleBasin(Chesapeak),15.902403035413151,2023-05-01
TuleBasin,30.283594063377457,2023-05-01
CapOil,21.14413837283793,2023-05-01
TidesEnd,36.66485260770975,2023-05-01
Field 29C,34.77277379733879,2023-05-01
Field 29B,34.43939393939394,2023-05-01
Field 29A,35.03666666666667,2023-05-01
Field 25E,28.27923211169285,2023-05-01
Field 25D,30.914285714285715,2023-05-01
Field 25C,29.696284329563813,2023-05-01
Field 26EE,32.06911447084233,2023-05-01
Field 26CW,31.68814968814969,2023-05-01
Field 26D - 50% ONLY,32.81170212765957,2023-05-01
Field 18,32.33655804480652,2023-05-01
Field 20A,22.934314240672624,2023-05-01
Field 20B,28.75961017866811,2023-05-01
Field 21,30.35345861655338,2023-05-01
Field and Tule,33.2699960206924,2023-05-01
055D,33.93422148209825,2023-05-01
055E,33.412814274128145,2023-05-01
056A,31.192751235584844,2023-05-01
056B,34.21235521235521,2023-05-01
056F,34.58955223880597,2023-05-01
056E,32.66131191432396,2023-05-01
056G,25.73820224719101,2023-05-01
056H,32.74418604651163,2023-05-01
056I,26.786130536130536,2023-05-01
056J,33.88590986879635,2023-05-01
056K,34.37855844942459,2023-05-01
056L,32.280545670225386,2023-05-01
056M,26.080307262569832,2023-05-01
056N,28.92402826855124,2023-05-01
056P,33.33774038461539,2023-05-01
056Q,35.98979591836735,2023-05-01
061,25.825065274151434,2023-05-01
068B,30.14564943253468,2023-05-01
069A3,19.306982872200265,2023-05-01
069B,30.554238292827502,2023-05-01
069C,20.52063492063492,2023-05-01
072A,18.30748840291584,2023-05-01
072B,26.95379746835443,2023-05-01
076A1,31.298372513562388,2023-05-01
076A1,31.298372513562388,2023-05-01
076B,30.817574021012412,2023-05-01
076CW,31.533875338753383,2023-05-01
078A,32.44175960346964,2023-05-01
078B,32.21066666666667,2023-05-01
078C,29.22375,2023-05-01
088,13.333932584269665,2023-05-01
089B,27.44915254237288,2023-05-01
089A,NA,2023-05-01
090A,24.44943820224719,2023-05-01
091A,30.49484536082474,2023-05-01
091B,21.50772200772201,2023-05-01
093A,26.506276150627617,2023-05-01
093B,26.944055944055943,2023-05-01
093C,30.7552400270453,2023-05-01
093D,33.82828947368421,2023-05-01
093E,34.570496083550914,2023-05-01
094B,29.24728629579376,2023-05-01
096AW2,29.968826907301068,2023-05-01
096AW1,33.50830564784053,2023-05-01
100A,23.813059505002634,2023-05-01
100B,11.522988505747126,2023-05-01
100C,17.21172638436482,2023-05-01
100DE,31.33663366336633,2023-05-01
100G,30.976458546571138,2023-05-01
100M1,27.838866396761134,2023-05-01
100N,12.522018348623853,2023-05-01
102D,31.331521739130437,2023-05-01
102G,30.8,2023-05-01
102J,28.82675438596491,2023-05-01
106H6,11.563888888888888,2023-05-01
106H3,31.31833910034602,2023-05-01
106H4,22.512820512820515,2023-05-01
106H2,31.565807327001355,2023-05-01
106H2,23.90277777777778,2023-05-01
110F,10.326315789473684,2023-05-01
110G,12.896174863387978,2023-05-01
110J,18.722681359044994,2023-05-01
110K,29.90319829424307,2023-05-01
110L,30.52111111111111,2023-05-01
111A,22.300429184549355,2023-05-01
111B,19.205298013245034,2023-05-01
111C,26.101761252446185,2023-05-01
111D,26.94332723948812,2023-05-01
111E,23.291818655549765,2023-05-01
111F,17.23666813574262,2023-05-01
111G,8.630405097860718,2023-05-01
111H,18.466108149276465,2023-05-01
111J,29.381957773512475,2023-05-01
111K,33.401785714285715,2023-05-01
116A,32.58520900321543,2023-05-01
116D,28.56589958158996,2023-05-01
131D,13,2023-05-01
131F,14.191709844559586,2023-05-01
192EN,31.315202231520225,2023-05-01
192ES,30.33481399222654,2023-05-01
203-42,30.64856230031949,2023-05-01
203-41,31.03111653447224,2023-05-01
205C,29.464957264957263,2023-05-01
205E,29.343808925204275,2023-05-01
205W,28.731355252606257,2023-05-01
206SW,16.161234991423672,2023-05-01
207E,30.38215488215488,2023-05-01
207W,33.6059889676911,2023-05-01
208E,30.60220588235294,2023-05-01
208W,33.51037037037037,2023-05-01
209E,34.87762237762238,2023-05-01
209W,16.74012474012474,2023-05-01
210E,35.81010452961672,2023-05-01
210W,18.32625786163522,2023-05-01
211E,33.75778546712803,2023-05-01
211C,32.25,2023-05-01
211SE,33.761538461538464,2023-05-01
211SWE,31.048582995951417,2023-05-01
211SWW,26.8008658008658,2023-05-01
211W,27.97891891891892,2023-05-01
212E,28.419527896995707,2023-05-01
212W,31.88972972972973,2023-05-01
213E,17.16075016744809,2023-05-01
213W,33.79973027646662,2023-05-01
214E,19.528026905829595,2023-05-01
214W,32.63583138173302,2023-05-01
215E,33.15802781289507,2023-05-01
215W,33.81345177664975,2023-05-01
216E,33.620993086109365,2023-05-01
216W,33.88724584103512,2023-05-01
217E,31.08641304347826,2023-05-01
217W,32.07829181494662,2023-05-01
218E,32.44595359366157,2023-05-01
218W,27.02868852459016,2023-05-01
219E,34.330013280212484,2023-05-01
219W,25.345318860244237,2023-05-01
220E,34.22356495468278,2023-05-01
220W,25.77294685990338,2023-05-01
221E,30.31936127744511,2023-05-01
221S,15.734939759036145,2023-05-01
221W,22.91819291819292,2023-05-01
222E,26.40464063384267,2023-05-01
222W,29.59322033898305,2023-05-01
Barale,48.1328125,2023-05-01
BorderTule,26.732739420935413,2023-05-01
8-4,26.67734553775744,2023-05-01
21-1,18.502080443828017,2023-05-01
21-2,18.120559741657697,2023-05-01
5-3,30.85860409145608,2023-05-01
5-2,28.882203926535784,2023-05-01
5-1,32.90556900726392,2023-05-01
32-3,31.79931473323544,2023-05-01
32-2,27.479049405878676,2023-05-01
32-1,28.84708470847085,2023-05-01
21-3,32.63213038416764,2023-05-01
21-4,26.89518413597734,2023-05-01
16-2,31.71495145631068,2023-05-01
9-1,32.807206068268016,2023-05-01
22-1,30.201289398280803,2023-05-01
31-1,13.851823118696664,2023-05-01
31-2,16.087257617728532,2023-05-01
27-2,18.27520915896081,2023-05-01
18-5,27.496760259179265,2023-05-01
24-1,14.047448979591836,2023-05-01
17-2,32.315455875182835,2023-05-01
Staten Island Pilot,30.2004652966266,2023-05-01
D1A_019,9.118203309692673,2023-05-01
D1A_032,10.872185027388923,2023-05-01
D1A_050,22.36182336182336,2023-05-01
D3__017,31.529526281635302,2023-05-01
D3__018,33.75340272217774,2023-05-01
D3__025,30.5813797722706,2023-05-01
D3__074,11.43097643097643,2023-05-01
D3__080,12.215181518151816,2023-05-01
D3__085,12.9815638906548,2023-05-01
D4__010,30.173431734317344,2023-05-01
D4__038,9.41564039408867,2023-05-01
D4__039,10.714663143989432,2023-05-01
D4__056,31.640569395017792,2023-05-01
D4__060,23.54865181711606,2023-05-01
ROOS3,17.467606330365975,2023-05-01
ROOS2,31.800324675324678,2023-05-01
ROOS1,41.75208333333333,2023-05-01
TC014,33.723981900452486,2023-05-01
TC013,32.56696664902064,2023-05-01
TC015,30.0204991087344,2023-05-01
TC016,31.877824267782422,2023-05-01
TC012,22.544123314065512,2023-05-01
Knaggs_011,14.61007249141549,2023-05-01
Knaggs_010,14.088397790055248,2023-05-01
Knaggs_009,14.000936768149884,2023-05-01
TC022,24.305628272251308,2023-05-01
TC023,13.897891963109354,2023-05-01
TC020,27.761842959117452,2023-05-01
TC005,0,2023-05-01
TC006,0,2023-05-01
TC007_008,0,2023-05-01
12-1,28.896995708154503,2023-05-01
24-2W,11.08670520231214,2023-05-01
7-1,28.389415481832543,2023-05-01
39-2,14.135902636916835,2023-05-01
15-3,23.9486931268151,2023-05-01
10-4,NA,2023-05-01
6-4,33.48097826086956,2023-05-01
15-8,16.380681818181817,2023-05-01
15-6,17.04922279792746,2023-05-01
4-1,17.882321332616872,2023-05-01
23-1,NA,2023-05-01
17-1,32.707,2023-05-01
1-3,28.429258902791144,2023-05-01
1-2,29.73898305084746,2023-05-01
13-1,29.595890410958905,2023-05-01
1-4,26.228476821192054,2023-05-01
36-2,16.697712418300654,2023-05-01
3-3/3-4,22.73116335141652,2023-05-01
39-4,20.892592592592592,2023-05-01
6-3,31.6046511627907,2023-05-01
15-1,15.58720330237358,2023-05-01
19-1,14.410714285714286,2023-05-01
24-2E,13.356666666666667,2023-05-01
18-6,29.40277777777778,2023-05-01
20-1,30.894186046511628,2023-05-01
,29.5,2023-05-01
13-3,28.993396226415094,2023-05-01
1-5,26.18773946360153,2023-05-01
36-2,28.8528,2023-05-01
10-2,26.636986301369863,2023-05-01
31-3,26.141393442622952,2023-05-01
31-3,31.16758849557522,2023-05-01
31-4,28.108,2023-05-01
24-2W,10.212435233160624,2023-05-01
17-3,33.14818599897803,2023-05-01
18-3,33.590702947845806,2023-05-01
13-2E,28.82348484848485,2023-05-01
13-5,29.49277456647399,2023-05-01
24-2W,17.713740458015266,2023-05-01
10-1,25.39252336448598,2023-05-01
3-1/3-2,24.385854341736696,2023-05-01
39-3,29.338509316770185,2023-05-01
6-2,32.57788944723618,2023-05-01
8-4,26.605790645879733,2023-05-01
33-4,30.959582790091265,2023-05-01
16-3,30.4679012345679,2023-05-01
7-4,29.11282597126131,2023-05-01
20-2,30.93617021276596,2023-05-01
,27.996592844974447,2023-05-01
24-3,16.154088050314467,2023-05-01
24-4,12.172804532577905,2023-05-01
20-3,30.501180637544277,2023-05-01
13-7,27.70625,2023-05-01
7-2,28.59307692307692,2023-05-01
12-2,14.893155258764608,2023-05-01
,14.350877192982455,2023-05-01
15-3,17.233644859813083,2023-05-01
10-4,34.529126213592235,2023-05-01
33-2,27.863492063492064,2023-05-01
38-5,23.21465076660988,2023-05-01
18-2,31.3571017826337,2023-05-01
,15.48360655737705,2023-05-01
18-1,29.626666666666665,2023-05-01
13-2W,29.59162717219589,2023-05-01
7-5,28.561933534743204,2023-05-01
,24.387205387205388,2023-05-01
13-6,27.268571428571427,2023-05-01
39-1,14.02373417721519,2023-05-01
15-2,22.396281231841957,2023-05-01
31-4,29.6027397260274,2023-05-01
9-2,27.616938110749185,2023-05-01
8-2,30.167625899280576,2023-05-01
27-1,16.839380350591114,2023-05-01
7-3,27.903325599381283,2023-05-01
19-2,26.954851752021565,2023-05-01
38-0,27.845551601423487,2023-05-01
,8.91304347826087,2023-05-01
39-3,31.87735849056604,2023-05-01
39-5,29.287128712871286,2023-05-01
39-5,55.24352941176471,2023-05-01
,21.05555555555556,2023-05-01
38-6,29.66894457099469,2023-05-01
8-3,33.00040650406504,2023-05-01
22-2,28.535,2023-05-01
22-2,30.82843137254902,2023-05-01
22-2,35.229166666666664,2023-05-01
19-1,20,2023-05-01
19-1,20.863309352517987,2023-05-01
19-1,20.92549019607843,2023-05-01
19-1,24.96577946768061,2023-05-01
19-1,10.959558823529411,2023-05-01
19-1,11.007389162561577,2023-05-01
19-1,11.87037037037037,2023-05-01
19-1,19.11904761904762,2023-05-01
19-1,16.310714285714287,2023-05-01
19-1,14.662962962962965,2023-05-01
24-2E,10.936908517350158,2023-05-01
24-3,16.42817679558011,2023-05-01
24-3,15.97704918032787,2023-05-01
24-4,14.743661971830988,2023-05-01
24-4,11.449122807017543,2023-05-01
19-2,25.214643304130163,2023-05-01
,22.511111111111116,2023-05-01
36-1,13.439613526570048,2023-05-01
36-1,19.78921568627451,2023-05-01
36-3,20.434108527131784,2023-05-01
23-1,NA,2023-05-01
6-3,30.70212765957447,2023-05-01
6-3,31.098360655737704,2023-05-01
39-3,26.491666666666667,2023-05-01
6-3,31.34,2023-05-01
6-3,34.13586956521739,2023-05-01
6-4,32.82661290322581,2023-05-01
6-5W,30.017840375586854,2023-05-01
6-5E,30.737327188940093,2023-05-01
22-2,26.02173913043478,2023-05-01
22-2,23.40357142857143,2023-05-01
22-2,29.206521739130437,2023-05-01
22-2,28.96,2023-05-01
,14.567398119122258,2023-05-01
,8.10215557638238,2023-05-01
,10.71630295250321,2023-05-01
,12.945141065830722,2023-05-01
,9.990888382687928,2023-05-01
,11.601418439716312,2023-05-01
,10.058214747736091,2023-05-01
,9.651871192341169,2023-05-01
,15.356107660455487,2023-05-01
23-1,13.568171557562076,2023-05-01
23-2,22.605392156862745,2023-05-01
34-2,30.632978723404257,2023-05-01
28-5,31.898280802292263,2023-05-01
28-4,31.01883116883117,2023-05-01
38-7,31.05113924050633,2023-05-01
28-2,32.513377926421406,2023-05-01
28-1,33.52351738241309,2023-05-01
16-1,29.14023494860499,2023-05-01
4-2,30.977531748616087,2023-05-01
