{
"type": "FeatureCollection",
"name": "fields_names_joined",
"crs": { "type": "name", "properties": { "name": "urn:ogc:def:crs:OGC:1.3:CRS84" } },
"features": [
{ "type": "Feature", "properties": { "Name": "HansHerkert", "FolderPath": "FishFood2023Final.kmz/FishFood2023Final", "SymbolID": 0, "AltMode": 0, "Base": 0.0, "Clamped": -1, "Extruded": 0, "Snippet": null, "PopupInfo": null, "Shape_Leng": 7235.7334098399997, "Shape_Area": 1522100.5345699999, "OBJECTID": null, "Type": null, "Owner": null, "Access": null, "Feature_ID": null, "layer": "FishFoodFields", "path": "D:/seths_msi/Documents/CalTrout Mapping Projects/CalTrout_imagery_2023/FishFoodFields.shp", "field_id": null, "joined_Name": "HansHerkert" }, "geometry": { "type": "MultiPolygon", "coordinates": [ [ [ [ -121.971966411772783, 39.252533054862717, 0.0 ], [ -121.958186344560403, 39.252511583853114, 0.0 ], [ -121.958012310066934, 39.250291458199882, 0.0 ], [ -121.958266937981492, 39.249244140983379, 0.0 ], [ -121.958510188783407, 39.248382933089779, 0.0 ], [ -121.976245414033926, 39.248448257767997, 0.0 ], [ -121.976325194064898, 39.252516859764, 0.0 ], [ -121.978536753701349, 39.252751277578668, 0.0 ], [ -121.978510838930774, 39.265521993039357, 0.0 ], [ -121.971973558995117, 39.26539328484872, 0.0 ], [ -121.971966411772783, 39.252533054862717, 0.0 ] ] ] ] } },
{ "type": "Feature", "properties": { "Name": "YoloBasin", "FolderPath": "FishFood2023Final.kmz/FishFood2023Final/SouthYoloDuckClubs", "SymbolID": 0, "AltMode": 0, "Base": 0.0, "Clamped": -1, "Extruded": 0, "Snippet": null, "PopupInfo": null, "Shape_Leng": 4038.3790857499998, "Shape_Area": 853034.34851299995, "OBJECTID": null, "Type": null, "Owner": null, "Access": null, "Feature_ID": null, "layer": "FishFoodFields", "path": "D:/seths_msi/Documents/CalTrout Mapping Projects/CalTrout_imagery_2023/FishFoodFields.shp", "field_id": null, "joined_Name": "YoloBasin" }, "geometry": { "type": "MultiPolygon", "coordinates": [ [ [ [ -121.638484861082944, 38.38628805216586, 0.0 ], [ -121.628641377818283, 38.386130607737648, 0.0 ], [ -121.634032936843781, 38.373995164180911, 0.0 ], [ -121.638683211185779, 38.374171138880925, 0.0 ], [ -121.638495447366793, 38.382092033406352, 0.0 ], [ -121.638484861082944, 38.38628805216586, 0.0 ] ] ] ] } },
{ "type": "Feature", "properties": { "Name": "HPond", "FolderPath": "FishFood2023Final.kmz/FishFood2023Final/SouthYoloDuckClubs", "SymbolID": 0, "AltMode": 0, "Base": 0.0, "Clamped": -1, "Extruded": 0, "Snippet": null, "PopupInfo": null, "Shape_Leng": 5590.9106900899997, "Shape_Area": 1902832.372, "OBJECTID": null, "Type": null, "Owner": null, "Access": null, "Feature_ID": null, "layer": "FishFoodFields", "path": "D:/seths_msi/Documents/CalTrout Mapping Projects/CalTrout_imagery_2023/FishFoodFields.shp", "field_id": null, "joined_Name": "HPond" }, "geometry": { "type": "MultiPolygon", "coordinates": [ [ [ [ -121.638100552279241, 38.419423503550711, 0.0 ], [ -121.638240050128374, 38.430075431165072, 0.0 ], [ -121.619542425278595, 38.430345975109589, 0.0 ], [ -121.61965639029664, 38.419847851737678, 0.0 ], [ -121.638100552279241, 38.419423503550711, 0.0 ] ] ] ] } },
{ "type": "Feature", "properties": { "Name": "Lucky5", "FolderPath": "FishFood2023Final.kmz/FishFood2023Final/SouthYoloDuckClubs", "SymbolID": 0, "AltMode": 0, "Base": 0.0, "Clamped": -1, "Extruded": 0, "Snippet": null, "PopupInfo": null, "Shape_Leng": 4301.9447403499998, "Shape_Area": 1056598.09803, "OBJECTID": null, "Type": null, "Owner": null, "Access": null, "Feature_ID": null, "layer": "FishFoodFields", "path": "D:/seths_msi/Documents/CalTrout Mapping Projects/CalTrout_imagery_2023/FishFoodFields.shp", "field_id": null, "joined_Name": "Lucky5" }, "geometry": { "type": "MultiPolygon", "coordinates": [ [ [ [ -121.647575389711477, 38.401086372806013, 0.0 ], [ -121.638950695848308, 38.401153749932547, 0.0 ], [ -121.638824483794494, 38.388510601995307, 0.0 ], [ -121.647587582544759, 38.388652116469899, 0.0 ], [ -121.647575389711477, 38.401086372806013, 0.0 ] ] ] ] } },
{ "type": "Feature", "properties": { "Name": "76", "FolderPath": "FishFood2023Final.kmz/FishFood2023Final/RGF/Fields", "SymbolID": 1, "AltMode": 0, "Base": 0.0, "Clamped": -1, "Extruded": 0, "Snippet": null, "PopupInfo": null, "Shape_Leng": 4263.6094481199998, "Shape_Area": 797245.96266600001, "OBJECTID": null, "Type": null, "Owner": null, "Access": null, "Feature_ID": null, "layer": "FishFoodFields", "path": "D:/seths_msi/Documents/CalTrout Mapping Projects/CalTrout_imagery_2023/FishFoodFields.shp", "field_id": null, "joined_Name": "76" }, "geometry": { "type": "MultiPolygon", "coordinates": [ [ [ [ -121.76916220034316, 38.832574134986352, 0.0 ], [ -121.765021658129271, 38.842514990891686, 0.0 ], [ -121.764762336105022, 38.842472991477806, 0.0 ], [ -121.764562352240404, 38.842374427212171, 0.0 ], [ -121.764303467878065, 38.842334549032188, 0.0 ], [ -121.763981001756804, 38.842299438353912, 0.0 ], [ -121.763663049598648, 38.842319165058143, 0.0 ], [ -121.763341289928533, 38.842281141382152, 0.0 ], [ -121.762896631072593, 38.842304803051157, 0.0 ], [ -121.762706043620739, 38.842316047680264, 0.0 ], [ -121.762451674936912, 38.842332505880208, 0.0 ], [ -121.762070261483245, 38.842355576568544, 0.0 ], [ -121.761812902558447, 38.842313665314251, 0.0 ], [ -121.761551866639451, 38.842219546268844, 0.0 ], [ -121.761348113855888, 38.842011902574633, 0.0 ], [ -121.761148344189465, 38.841858216273017, 0.0 ], [ -121.760881894201219, 38.841657949166667, 0.0 ], [ -121.760809375188558, 38.841498495255003, 0.0 ], [ -121.760547402441162, 38.841351833549368, 0.0 ], [ -121.760223134532296, 38.841208126190409, 0.0 ], [ -121.76002833428214, 38.841111268170529, 0.0 ], [ -121.759707924771178, 38.841021857372972, 0.0 ], [ -121.759448216636301, 38.840875197436802, 0.0 ], [ -121.759251867479108, 38.840725200958552, 0.0 ], [ -121.75905592505579, 38.840575516653963, 0.0 ], [ -121.758800137114491, 38.840483183694381, 0.0 ], [ -121.758546931235131, 38.840444661559651, 0.0 ], [ -121.758296074521866, 38.840459727015066, 0.0 ], [ -121.757919780048979, 38.840482324987434, 0.0 ], [ -121.757668908100015, 38.84049739073383, 0.0 ], [ -121.757419960772239, 38.840565882780709, 0.0 ], [ -121.757106237995245, 38.840584722032297, 0.0 ], [ -121.756792514292172, 38.840603473021837, 0.0 ], [ -121.75654224157239, 38.840616842318106, 0.0 ], [ -121.756293263889503, 38.840684345809862, 0.0 ], [ -121.756042589995261, 38.840698367574348, 0.0 ], [ -121.755792719992357, 38.840767511331329, 0.0 ], [ -121.755543019947623, 38.84083580030201, 0.0 ], [ -121.755358422229804, 38.841007680782745, 0.0 ], [ -121.755362990709415, 38.841223537367753, 0.0 ], [ -121.755241737719174, 38.841446954264931, 0.0 ], [ -121.754928171020666, 38.841518529720041, 0.0 ], [ -121.754676459383489, 38.841532412213127, 0.0 ], [ -121.754485793101466, 38.841434894307923, 0.0 ], [ -121.754482127162845, 38.841219235669179, 0.0 ], [ -121.754478476111032, 38.841004177323761, 0.0 ], [ -121.754474834185942, 38.840789719210342, 0.0 ], [ -121.754533818157896, 38.840572213628924, 0.0 ], [ -121.75471869835728, 38.840401294440234, 0.0 ], [ -121.754966765696551, 38.840280272815974, 0.0 ], [ -121.755215652474305, 38.840212553109204, 0.0 ], [ -121.755463122832822, 38.840091784477444, 0.0 ], [ -121.755772149683452, 38.839968491955723, 0.0 ], [ -121.756018084932052, 38.839849892784244, 0.0 ], [ -121.756200493530145, 38.839680853433563, 0.0 ], [ -121.756506576995989, 38.839449593871173, 0.0 ], [ -121.756629579208948, 38.839389318475163, 0.0 ], [ -121.756874916854485, 38.839269639680211, 0.0 ], [ -121.757054141793233, 38.839049083479907, 0.0 ], [ -121.75723693205434, 38.838933019464655, 0.0 ], [ -121.757289969819269, 38.838667365603108, 0.0 ], [ -121.757282473178222, 38.838459214788202, 0.0 ], [ -121.757398498336613, 38.838244425825081, 0.0 ], [ -121.757577885557026, 38.83807796262122, 0.0 ], [ -121.75775705299931, 38.837911699545714, 0.0 ], [ -121.75793759100965, 38.837798369648304, 0.0 ], [ -121.758182528968021, 38.837730475373483, 0.0 ], [ -121.758489488421745, 38.83765706901788, 0.0 ], [ -121.758793365925683, 38.837591514758522, 0.0 ], [ -121.758973230951952, 38.837477387611855, 0.0 ], [ -121.759149536856867, 38.837314673883867, 0.0 ], [ -121.759261975313692, 38.837103699851994, 0.0 ], [ -121.759499560995579, 38.836936082950047, 0.0 ], [ -121.759672863692131, 38.836721297090904, 0.0 ], [ -121.75984853594359, 38.836557318482058, 0.0 ], [ -121.759835225027572, 38.836303306787627, 0.0 ], [ -121.759763604806892, 38.836104517169531, 0.0 ], [ -121.759750429483802, 38.835852337955451, 0.0 ], [ -121.759737223610671, 38.835601126203791, 0.0 ], [ -121.759724078881817, 38.835350776556631, 0.0 ], [ -121.760440124898977, 38.835108198409074, 0.0 ], [ -121.764255531809368, 38.830658046684569, 0.0 ], [ -121.76916220034316, 38.832574134986352, 0.0 ] ] ] ] } },
{ "type": "Feature", "properties": { "Name": "70", "FolderPath": "FishFood2023Final.kmz/FishFood2023Final/RGF/Fields", "SymbolID": 1, "AltMode": 0, "Base": 0.0, "Clamped": -1, "Extruded": 0, "Snippet": null, "PopupInfo": "blind", "Shape_Leng": 3855.1865440699999, "Shape_Area": 886437.42019400001, "OBJECTID": null, "Type": null, "Owner": null, "Access": null, "Feature_ID": null, "layer": "FishFoodFields", "path": "D:/seths_msi/Documents/CalTrout Mapping Projects/CalTrout_imagery_2023/FishFoodFields.shp", "field_id": null, "joined_Name": "70" }, "geometry": { "type": "MultiPolygon", "coordinates": [ [ [ [ -121.778145037495051, 38.829048378911438, 0.0 ], [ -121.764071697621418, 38.825932459936709, 0.0 ], [ -121.770433709118777, 38.818613458914797, 0.0 ], [ -121.778351860015476, 38.821395876824553, 0.0 ], [ -121.778145037495051, 38.829048378911438, 0.0 ] ] ] ] } },
{ "type": "Feature", "properties": { "Name": "71", "FolderPath": "FishFood2023Final.kmz/FishFood2023Final/RGF/Fields", "SymbolID": 1, "AltMode": 0, "Base": 0.0, "Clamped": -1, "Extruded": 0, "Snippet": null, "PopupInfo": null, "Shape_Leng": 4361.1342066999996, "Shape_Area": 792459.65844599996, "OBJECTID": null, "Type": null, "Owner": null, "Access": null, "Feature_ID": null, "layer": "FishFoodFields", "path": "D:/seths_msi/Documents/CalTrout Mapping Projects/CalTrout_imagery_2023/FishFoodFields.shp", "field_id": null, "joined_Name": "71" }, "geometry": { "type": "MultiPolygon", "coordinates": [ [ [ [ -121.777652550290853, 38.835740828835355, 0.0 ], [ -121.764297372893367, 38.830369427327945, 0.0 ], [ -121.759795089442662, 38.825135356063775, 0.0 ], [ -121.777867904442544, 38.829216635263258, 0.0 ], [ -121.777652550290853, 38.835740828835355, 0.0 ] ] ] ] } },
{ "type": "Feature", "properties": { "Name": "72", "FolderPath": "FishFood2023Final.kmz/FishFood2023Final/RGF/Fields", "SymbolID": 1, "AltMode": 0, "Base": 0.0, "Clamped": -1, "Extruded": 0, "Snippet": null, "PopupInfo": "blind", "Shape_Leng": 3714.3309836600001, "Shape_Area": 717323.157121, "OBJECTID": null, "Type": null, "Owner": null, "Access": null, "Feature_ID": null, "layer": "FishFoodFields", "path": "D:/seths_msi/Documents/CalTrout Mapping Projects/CalTrout_imagery_2023/FishFoodFields.shp", "field_id": null, "joined_Name": "72" }, "geometry": { "type": "MultiPolygon", "coordinates": [ [ [ [ -121.769254214326907, 38.832621029978377, 0.0 ], [ -121.777831576118658, 38.83639592724699, 0.0 ], [ -121.777755396371475, 38.839349051484255, 0.0 ], [ -121.777485550502419, 38.839307928090676, 0.0 ], [ -121.777160382564958, 38.839327870248958, 0.0 ], [ -121.776890819096394, 38.839286765560942, 0.0 ], [ -121.776556433312152, 38.839249671574038, 0.0 ], [ -121.776343010755895, 38.839147684033605, 0.0 ], [ -121.776073758544868, 38.839106099529339, 0.0 ], [ -121.775749281226211, 38.839126383817863, 0.0 ], [ -121.77548952027395, 38.839142257105372, 0.0 ], [ -121.775229593152829, 38.839157802768788, 0.0 ], [ -121.774839503709615, 38.839180740525016, 0.0 ], [ -121.77465314017995, 38.839249333883615, 0.0 ], [ -121.774410180172026, 38.839379021679974, 0.0 ], [ -121.774231770242324, 38.8395045708575, 0.0 ], [ -121.773906074756098, 38.839523598189579, 0.0 ], [ -121.773653735149978, 38.839595875851721, 0.0 ], [ -121.773417486233228, 38.839782523078519, 0.0 ], [ -121.773237961436621, 38.839908488837388, 0.0 ], [ -121.773066490773829, 38.840092768130269, 0.0 ], [ -121.773041845651193, 38.840385778297922, 0.0 ], [ -121.773009110416567, 38.840622182768556, 0.0 ], [ -121.772976430744293, 38.840859698879079, 0.0 ], [ -121.773017601866727, 38.841152501114479, 0.0 ], [ -121.772992642789859, 38.841449260165177, 0.0 ], [ -121.772893417774071, 38.841692101058342, 0.0 ], [ -121.772860479645601, 38.841933203517783, 0.0 ], [ -121.772619929794203, 38.842125018569561, 0.0 ], [ -121.772362276496111, 38.842196726575843, 0.0 ], [ -121.772031635785481, 38.842217014048181, 0.0 ], [ -121.771767014756122, 38.84223305766195, 0.0 ], [ -121.771509988132351, 38.842308052231559, 0.0 ], [ -121.771179051871215, 38.842327928673903, 0.0 ], [ -121.770929164389017, 38.842462341827009, 0.0 ], [ -121.770664210288771, 38.842478256877165, 0.0 ], [ -121.770413645497428, 38.842612437408086, 0.0 ], [ -121.770169867334445, 38.84280626519184, 0.0 ], [ -121.769918446635671, 38.842940780755306, 0.0 ], [ -121.769659665564944, 38.843015825729147, 0.0 ], [ -121.769334354629805, 38.843095472179236, 0.0 ], [ -121.769002024527936, 38.843115350264306, 0.0 ], [ -121.768736155898807, 38.843131281919483, 0.0 ], [ -121.76847030308079, 38.843147292433315, 0.0 ], [ -121.7682044397136, 38.843163306735342, 0.0 ], [ -121.767872105506115, 38.843183321229645, 0.0 ], [ -121.767606225809388, 38.843199332193244, 0.0 ], [ -121.767327847019374, 38.843094385525063, 0.0 ], [ -121.767049571551723, 38.842986504355089, 0.0 ], [ -121.766784212547705, 38.843003289400365, 0.0 ], [ -121.766513088923915, 38.842961344066573, 0.0 ], [ -121.766247734432184, 38.842977799934147, 0.0 ], [ -121.765286579505485, 38.842677495555847, 0.0 ], [ -121.769254214326907, 38.832621029978377, 0.0 ] ] ] ] } },
{ "type": "Feature", "properties": { "Name": "64", "FolderPath": "FishFood2023Final.kmz/FishFood2023Final/RGF/Fields", "SymbolID": 1, "AltMode": 0, "Base": 0.0, "Clamped": -1, "Extruded": 0, "Snippet": null, "PopupInfo": "blind", "Shape_Leng": 3705.12548113, "Shape_Area": 578109.76400299999, "OBJECTID": null, "Type": null, "Owner": null, "Access": null, "Feature_ID": null, "layer": "FishFoodFields", "path": "D:/seths_msi/Documents/CalTrout Mapping Projects/CalTrout_imagery_2023/FishFoodFields.shp", "field_id": null, "joined_Name": "64" }, "geometry": { "type": "MultiPolygon", "coordinates": [ [ [ [ -121.792699934555884, 38.838424651646704, 0.0 ], [ -121.791004130412318, 38.84198460612479, 0.0 ], [ -121.778508335699343, 38.835556751618299, 0.0 ], [ -121.778528337251586, 38.831006195862095, 0.0 ], [ -121.792699934555884, 38.838424651646704, 0.0 ] ] ] ] } },
{ "type": "Feature", "properties": { "Name": "63", "FolderPath": "FishFood2023Final.kmz/FishFood2023Final/RGF/Fields", "SymbolID": 1, "AltMode": 0, "Base": 0.0, "Clamped": -1, "Extruded": 0, "Snippet": null, "PopupInfo": null, "Shape_Leng": 3864.8869308200001, "Shape_Area": 672915.70458699996, "OBJECTID": null, "Type": null, "Owner": null, "Access": null, "Feature_ID": null, "layer": "FishFoodFields", "path": "D:/seths_msi/Documents/CalTrout Mapping Projects/CalTrout_imagery_2023/FishFoodFields.shp", "field_id": null, "joined_Name": "63" }, "geometry": { "type": "MultiPolygon", "coordinates": [ [ [ [ -121.790995178599132, 38.842208802357767, 0.0 ], [ -121.789098982910375, 38.847483026134384, 0.0 ], [ -121.788889347122122, 38.84743906857463, 0.0 ], [ -121.788597988401747, 38.847337684639193, 0.0 ], [ -121.788319554109492, 38.84729435149309, 0.0 ], [ -121.788041339369173, 38.847251070425365, 0.0 ], [ -121.787763569168234, 38.847208096085296, 0.0 ], [ -121.787419935934196, 38.847169160032493, 0.0 ], [ -121.78714258605018, 38.84712624355025, 0.0 ], [ -121.786852450724908, 38.847024493115171, 0.0 ], [ -121.786509102263835, 38.846985020281011, 0.0 ], [ -121.786244489482598, 38.847000117187697, 0.0 ], [ -121.785979971651656, 38.847015316307044, 0.0 ], [ -121.785702951114942, 38.846971754636506, 0.0 ], [ -121.785306493290463, 38.846994702349939, 0.0 ], [ -121.785030689955235, 38.846952300668988, 0.0 ], [ -121.78470219525893, 38.846973761810808, 0.0 ], [ -121.784426252455916, 38.846930779637837, 0.0 ], [ -121.784203809886733, 38.846824340305567, 0.0 ], [ -121.784035645032858, 38.846655565992229, 0.0 ], [ -121.783725481816916, 38.846437854583669, 0.0 ], [ -121.783546979373867, 38.84621225027891, 0.0 ], [ -121.783356767047877, 38.845928415265099, 0.0 ], [ -121.783180689204073, 38.84570612021983, 0.0 ], [ -121.78300550238707, 38.845484952476504, 0.0 ], [ -121.782871051718203, 38.845142497081859, 0.0 ], [ -121.782748773450763, 38.844859156333349, 0.0 ], [ -121.78262783908265, 38.844578081345738, 0.0 ], [ -121.782518914604267, 38.844355412896483, 0.0 ], [ -121.782463041577557, 38.844071737659064, 0.0 ], [ -121.782300345451873, 38.843909653658187, 0.0 ], [ -121.782245709168592, 38.843628458453018, 0.0 ], [ -121.782191271654682, 38.843348266424314, 0.0 ], [ -121.782147861693588, 38.843124836210116, 0.0 ], [ -121.782168821924543, 38.842898241134073, 0.0 ], [ -121.78218978244972, 38.842672363336654, 0.0 ], [ -121.782199896765491, 38.842391877432313, 0.0 ], [ -121.782231526297124, 38.842222527035389, 0.0 ], [ -121.782177695027926, 38.841947451493652, 0.0 ], [ -121.782134476636571, 38.841727698879197, 0.0 ], [ -121.782080467210321, 38.841453719877734, 0.0 ], [ -121.782026652276713, 38.841180723284161, 0.0 ], [ -121.781920267327905, 38.840966761129678, 0.0 ], [ -121.781761422186648, 38.84081135232617, 0.0 ], [ -121.781592369045143, 38.840602175334617, 0.0 ], [ -121.781371029150506, 38.840451263927406, 0.0 ], [ -121.781150161694484, 38.840300675126514, 0.0 ], [ -121.78092963921695, 38.840150248106582, 0.0 ], [ -121.780593945431463, 38.84006156939261, 0.0 ], [ -121.780394843446146, 38.84001923945565, 0.0 ], [ -121.780132525793547, 38.839980251712241, 0.0 ], [ -121.779817585740005, 38.839998984338528, 0.0 ], [ -121.779502642118445, 38.840017714274744, 0.0 ], [ -121.779240531521026, 38.839978439237527, 0.0 ], [ -121.778988309925595, 38.839992927571842, 0.0 ], [ -121.778653829826922, 38.839903467506367, 0.0 ], [ -121.778380354200067, 38.83943360301037, 0.0 ], [ -121.778517412191661, 38.835607227087003, 0.0 ], [ -121.790995178599132, 38.842208802357767, 0.0 ] ] ] ] } },
{ "type": "Feature", "properties": { "Name": "Pond5", "FolderPath": "FishFood2023Final.kmz/FishFood2023Final/Montna/WillowSloughWetland", "SymbolID": 0, "AltMode": 0, "Base": 0.0, "Clamped": -1, "Extruded": 0, "Snippet": null, "PopupInfo": null, "Shape_Leng": 2269.57879327, "Shape_Area": 307980.89246900001, "OBJECTID": null, "Type": null, "Owner": null, "Access": null, "Feature_ID": null, "layer": "FishFoodFields", "path": "D:/seths_msi/Documents/CalTrout Mapping Projects/CalTrout_imagery_2023/FishFoodFields.shp", "field_id": null, "joined_Name": "Pond5" }, "geometry": { "type": "MultiPolygon", "coordinates": [ [ [ [ -121.63740030827087, 38.905319531478753, 0.0 ], [ -121.630375582994503, 38.907800815579698, 0.0 ], [ -121.629764585218723, 38.906180361428426, 0.0 ], [ -121.630402830719007, 38.905164986524319, 0.0 ], [ -121.630328828289834, 38.904054301998656, 0.0 ], [ -121.630966950545456, 38.902648769174696, 0.0 ], [ -121.636109443023841, 38.900837989553139, 0.0 ], [ -121.63740030827087, 38.905319531478753, 0.0 ] ] ] ] } },
{ "type": "Feature", "properties": { "Name": "Pond6", "FolderPath": "FishFood2023Final.kmz/FishFood2023Final/Montna/WillowSloughWetland", "SymbolID": 0, "AltMode": 0, "Base": 0.0, "Clamped": -1, "Extruded": 0, "Snippet": null, "PopupInfo": null, "Shape_Leng": 2565.8954629200002, "Shape_Area": 347077.48552799999, "OBJECTID": null, "Type": null, "Owner": null, "Access": null, "Feature_ID": null, "layer": "FishFoodFields", "path": "D:/seths_msi/Documents/CalTrout Mapping Projects/CalTrout_imagery_2023/FishFoodFields.shp", "field_id": null, "joined_Name": "Pond6" }, "geometry": { "type": "MultiPolygon", "coordinates": [ [ [ [ -121.62208801462468, 38.905761167525952, 0.0 ], [ -121.630842755923766, 38.902680291835658, 0.0 ], [ -121.630243786285064, 38.904020531324072, 0.0 ], [ -121.630403198613962, 38.905129338999359, 0.0 ], [ -121.629718812961528, 38.906217471903268, 0.0 ], [ -121.630283267228435, 38.907759555285196, 0.0 ], [ -121.623581182176835, 38.910125922284621, 0.0 ], [ -121.62208801462468, 38.905761167525952, 0.0 ] ] ] ] } },
{ "type": "Feature", "properties": { "Name": "Pond7", "FolderPath": "FishFood2023Final.kmz/FishFood2023Final/Montna/WillowSloughWetland", "SymbolID": 0, "AltMode": 0, "Base": 0.0, "Clamped": -1, "Extruded": 0, "Snippet": null, "PopupInfo": null, "Shape_Leng": 2073.21567951, "Shape_Area": 260893.52602399999, "OBJECTID": null, "Type": null, "Owner": null, "Access": null, "Feature_ID": null, "layer": "FishFoodFields", "path": "D:/seths_msi/Documents/CalTrout Mapping Projects/CalTrout_imagery_2023/FishFoodFields.shp", "field_id": null, "joined_Name": "Pond7" }, "geometry": { "type": "MultiPolygon", "coordinates": [ [ [ [ -121.636091404049907, 38.900683522785748, 0.0 ], [ -121.631164840313829, 38.902256637712277, 0.0 ], [ -121.628781403135818, 38.898477998899089, 0.0 ], [ -121.63553196375311, 38.896158864155389, 0.0 ], [ -121.636091404049907, 38.900683522785748, 0.0 ] ] ] ] } },
{ "type": "Feature", "properties": { "Name": "Pond8", "FolderPath": "FishFood2023Final.kmz/FishFood2023Final/Montna/WillowSloughWetland", "SymbolID": 0, "AltMode": 0, "Base": 0.0, "Clamped": -1, "Extruded": 0, "Snippet": null, "PopupInfo": null, "Shape_Leng": 2557.5623079699999, "Shape_Area": 386459.86514200002, "OBJECTID": null, "Type": null, "Owner": null, "Access": null, "Feature_ID": null, "layer": "FishFoodFields", "path": "D:/seths_msi/Documents/CalTrout Mapping Projects/CalTrout_imagery_2023/FishFoodFields.shp", "field_id": null, "joined_Name": "Pond8" }, "geometry": { "type": "MultiPolygon", "coordinates": [ [ [ [ -121.631074313436883, 38.902335856626372, 0.0 ], [ -121.622177064827127, 38.905607140220383, 0.0 ], [ -121.621027523591792, 38.902151524688072, 0.0 ], [ -121.621077880219559, 38.901109279329773, 0.0 ], [ -121.628695285249393, 38.89851156871898, 0.0 ], [ -121.631074313436883, 38.902335856626372, 0.0 ] ] ] ] } },
{ "type": "Feature", "properties": { "Name": "Pond9", "FolderPath": "FishFood2023Final.kmz/FishFood2023Final/Montna/WillowSloughWetland", "SymbolID": 0, "AltMode": 0, "Base": 0.0, "Clamped": -1, "Extruded": 0, "Snippet": null, "PopupInfo": null, "Shape_Leng": 1706.0645232899999, "Shape_Area": 179612.27901699999, "OBJECTID": null, "Type": null, "Owner": null, "Access": null, "Feature_ID": null, "layer": "FishFoodFields", "path": "D:/seths_msi/Documents/CalTrout Mapping Projects/CalTrout_imagery_2023/FishFoodFields.shp", "field_id": null, "joined_Name": "Pond9" }, "geometry": { "type": "MultiPolygon", "coordinates": [ [ [ [ -121.635572477261732, 38.895889017512339, 0.0 ], [ -121.631502454491113, 38.89723843204753, 0.0 ], [ -121.631298784987592, 38.892595802080621, 0.0 ], [ -121.633555074154557, 38.891592279522513, 0.0 ], [ -121.63528930616026, 38.892100609903594, 0.0 ], [ -121.635572477261732, 38.895889017512339, 0.0 ] ] ] ] } },
{ "type": "Feature", "properties": { "Name": "Pond10", "FolderPath": "FishFood2023Final.kmz/FishFood2023Final/Montna/WillowSloughWetland", "SymbolID": 0, "AltMode": 0, "Base": 0.0, "Clamped": -1, "Extruded": 0, "Snippet": null, "PopupInfo": null, "Shape_Leng": 2861.81549963, "Shape_Area": 381396.29255900002, "OBJECTID": null, "Type": null, "Owner": null, "Access": null, "Feature_ID": null, "layer": "FishFoodFields", "path": "D:/seths_msi/Documents/CalTrout Mapping Projects/CalTrout_imagery_2023/FishFoodFields.shp", "field_id": null, "joined_Name": "Pond10" }, "geometry": { "type": "MultiPolygon", "coordinates": [ [ [ [ -121.631368461943254, 38.897247935742953, 0.0 ], [ -121.621127017112173, 38.900886249320806, 0.0 ], [ -121.620762373303947, 38.89955083551969, 0.0 ], [ -121.621494499548191, 38.898725976758193, 0.0 ], [ -121.623099746759436, 38.898399883145089, 0.0 ], [ -121.623393217628973, 38.897198272440114, 0.0 ], [ -121.625123728803572, 38.894492789481944, 0.0 ], [ -121.625925306692963, 38.894103907748701, 0.0 ], [ -121.629565269674657, 38.893639993352579, 0.0 ], [ -121.631084590515499, 38.893098193573557, 0.0 ], [ -121.631368461943254, 38.897247935742953, 0.0 ] ] ] ] } },
{ "type": "Feature", "properties": { "Name": "Newstrom", "FolderPath": "FishFood2023Final.kmz/FishFood2023Final/Montna/Dingville Fields", "SymbolID": 0, "AltMode": 0, "Base": 0.0, "Clamped": -1, "Extruded": 0, "Snippet": null, "PopupInfo": null, "Shape_Leng": 3151.0279718800002, "Shape_Area": 620315.95056400006, "OBJECTID": null, "Type": null, "Owner": null, "Access": null, "Feature_ID": null, "layer": "FishFoodFields", "path": "D:/seths_msi/Documents/CalTrout Mapping Projects/CalTrout_imagery_2023/FishFoodFields.shp", "field_id": null, "joined_Name": "Newstrom" }, "geometry": { "type": "MultiPolygon", "coordinates": [ [ [ [ -121.634502065890061, 38.945146912469738, 0.0 ], [ -121.634835688399562, 38.952285992325237, 0.0 ], [ -121.625605307882083, 38.952462825196399, 0.0 ], [ -121.6257029744893, 38.945299366136609, 0.0 ], [ -121.634502065890061, 38.945146912469738, 0.0 ] ] ] ] } },
{ "type": "Feature", "properties": { "Name": "C300", "FolderPath": "FishFood2023Final.kmz/FishFood2023Final/Montna/Dingville Fields", "SymbolID": 0, "AltMode": 0, "Base": 0.0, "Clamped": -1, "Extruded": 0, "Snippet": null, "PopupInfo": null, "Shape_Leng": 3437.2981690400002, "Shape_Area": 732748.11027299997, "OBJECTID": null, "Type": null, "Owner": null, "Access": null, "Feature_ID": null, "layer": "FishFoodFields", "path": "D:/seths_msi/Documents/CalTrout Mapping Projects/CalTrout_imagery_2023/FishFoodFields.shp", "field_id": null, "joined_Name": "C300" }, "geometry": { "type": "MultiPolygon", "coordinates": [ [ [ [ -121.634605907200509, 38.952429840871638, 0.0 ], [ -121.634718178378606, 38.960892387699971, 0.0 ], [ -121.625687356960299, 38.960984894299578, 0.0 ], [ -121.625543932993892, 38.952608607543667, 0.0 ], [ -121.634605907200509, 38.952429840871638, 0.0 ] ] ] ] } },
{ "type": "Feature", "properties": { "Name": "Souza1-4", "FolderPath": "FishFood2023Final.kmz/FishFood2023Final/Montna/Dingville Fields", "SymbolID": 0, "AltMode": 0, "Base": 0.0, "Clamped": -1, "Extruded": 0, "Snippet": null, "PopupInfo": null, "Shape_Leng": 3010.20729102, "Shape_Area": 497997.01379699999, "OBJECTID": null, "Type": null, "Owner": null, "Access": null, "Feature_ID": null, "layer": "FishFoodFields", "path": "D:/seths_msi/Documents/CalTrout Mapping Projects/CalTrout_imagery_2023/FishFoodFields.shp", "field_id": null, "joined_Name": "Souza1-4" }, "geometry": { "type": "MultiPolygon", "coordinates": [ [ [ [ -121.612879901726615, 38.967238650564568, 0.0 ], [ -121.607213652594723, 38.967419137865654, 0.0 ], [ -121.606946896837215, 38.958218689035924, 0.0 ], [ -121.612614131960342, 38.958174662171061, 0.0 ], [ -121.612879901726615, 38.967238650564568, 0.0 ] ] ] ] } },
{ "type": "Feature", "properties": { "Name": "Souza106", "FolderPath": "FishFood2023Final.kmz/FishFood2023Final/Montna/Dingville Fields", "SymbolID": 0, "AltMode": 0, "Base": 0.0, "Clamped": -1, "Extruded": 0, "Snippet": null, "PopupInfo": null, "Shape_Leng": 2751.2287909800002, "Shape_Area": 458499.27456200001, "OBJECTID": null, "Type": null, "Owner": null, "Access": null, "Feature_ID": null, "layer": "FishFoodFields", "path": "D:/seths_msi/Documents/CalTrout Mapping Projects/CalTrout_imagery_2023/FishFoodFields.shp", "field_id": null, "joined_Name": "Souza106" }, "geometry": { "type": "MultiPolygon", "coordinates": [ [ [ [ -121.616160512905125, 38.957990412092634, 0.0 ], [ -121.606818201011166, 38.958129913051785, 0.0 ], [ -121.606929213665396, 38.953004890526245, 0.0 ], [ -121.616222059315632, 38.952881106593253, 0.0 ], [ -121.616160512905125, 38.957990412092634, 0.0 ] ] ] ] } },
{ "type": "Feature", "properties": { "Name": "Dingville1", "FolderPath": "FishFood2023Final.kmz/FishFood2023Final/Montna/Dingville Fields", "SymbolID": 0, "AltMode": 0, "Base": 0.0, "Clamped": -1, "Extruded": 0, "Snippet": null, "PopupInfo": null, "Shape_Leng": 3162.07673316, "Shape_Area": 624911.91303900001, "OBJECTID": null, "Type": null, "Owner": null, "Access": null, "Feature_ID": null, "layer": "FishFoodFields", "path": "D:/seths_msi/Documents/CalTrout Mapping Projects/CalTrout_imagery_2023/FishFoodFields.shp", "field_id": null, "joined_Name": "Dingville1" }, "geometry": { "type": "MultiPolygon", "coordinates": [ [ [ [ -121.616248455819786, 38.952481315184301, 0.0 ], [ -121.607156466049346, 38.952520143274661, 0.0 ], [ -121.60710618142059, 38.945394914377701, 0.0 ], [ -121.616206288293185, 38.945323207078353, 0.0 ], [ -121.616248455819786, 38.952481315184301, 0.0 ] ] ] ] } },
{ "type": "Feature", "properties": { "Name": "Dingville3", "FolderPath": "FishFood2023Final.kmz/FishFood2023Final/Montna/Dingville Fields", "SymbolID": 0, "AltMode": 0, "Base": 0.0, "Clamped": -1, "Extruded": 0, "Snippet": null, "PopupInfo": null, "Shape_Leng": 3181.2187968200001, "Shape_Area": 565986.50456399994, "OBJECTID": null, "Type": null, "Owner": null, "Access": null, "Feature_ID": null, "layer": "FishFoodFields", "path": "D:/seths_msi/Documents/CalTrout Mapping Projects/CalTrout_imagery_2023/FishFoodFields.shp", "field_id": null, "joined_Name": "Dingville3" }, "geometry": { "type": "MultiPolygon", "coordinates": [ [ [ [ -121.616145818251297, 38.945193344232521, 0.0 ], [ -121.608198110519083, 38.945136949004997, 0.0 ], [ -121.608114222039276, 38.939960651181231, 0.0 ], [ -121.60669350781329, 38.939921722594782, 0.0 ], [ -121.60680365657862, 38.938110078847096, 0.0 ], [ -121.616134018198323, 38.938125465200052, 0.0 ], [ -121.616145818251297, 38.945193344232521, 0.0 ] ] ] ] } },
{ "type": "Feature", "properties": { "Name": "Dingville4", "FolderPath": "FishFood2023Final.kmz/FishFood2023Final/Montna/Dingville Fields", "SymbolID": 0, "AltMode": 0, "Base": 0.0, "Clamped": -1, "Extruded": 0, "Snippet": null, "PopupInfo": null, "Shape_Leng": 3215.9624934600001, "Shape_Area": 646265.37914600002, "OBJECTID": null, "Type": null, "Owner": null, "Access": null, "Feature_ID": null, "layer": "FishFoodFields", "path": "D:/seths_msi/Documents/CalTrout Mapping Projects/CalTrout_imagery_2023/FishFoodFields.shp", "field_id": null, "joined_Name": "Dingville4" }, "geometry": { "type": "MultiPolygon", "coordinates": [ [ [ [ -121.625674711437526, 38.945208290914117, 0.0 ], [ -121.616369922176162, 38.945150543361777, 0.0 ], [ -121.616284843339983, 38.938017501729576, 0.0 ], [ -121.625758070097831, 38.938031650261109, 0.0 ], [ -121.625674711437526, 38.945208290914117, 0.0 ] ] ] ] } },
{ "type": "Feature", "properties": { "Name": "ShadyOaks(MichaelRue)", "FolderPath": "FishFood2023Final.kmz/FishFood2023Final/Michael Rue/Fields", "SymbolID": 0, "AltMode": 0, "Base": 0.0, "Clamped": -1, "Extruded": 0, "Snippet": null, "PopupInfo": null, "Shape_Leng": 2445.9774456700002, "Shape_Area": 255716.589301, "OBJECTID": null, "Type": null, "Owner": null, "Access": null, "Feature_ID": null, "layer": "FishFoodFields", "path": "D:/seths_msi/Documents/CalTrout Mapping Projects/CalTrout_imagery_2023/FishFoodFields.shp", "field_id": null, "joined_Name": "ShadyOaks(MichaelRue)" }, "geometry": { "type": "MultiPolygon", "coordinates": [ [ [ [ -121.533638539736799, 38.980662252498057, 0.0 ], [ -121.530680072327399, 38.981111705689528, 0.0 ], [ -121.52950271332945, 38.980575614725637, 0.0 ], [ -121.52897705022383, 38.979382128284215, 0.0 ], [ -121.528177429882106, 38.979170739439155, 0.0 ], [ -121.527500859611479, 38.978510417788307, 0.0 ], [ -121.526347954840631, 38.977819164573361, 0.0 ], [ -121.525073629130418, 38.977200075853837, 0.0 ], [ -121.530859263351331, 38.976265178482308, 0.0 ], [ -121.530665147233407, 38.974570083386084, 0.0 ], [ -121.532263009198715, 38.974792233096295, 0.0 ], [ -121.533638539736799, 38.980662252498057, 0.0 ] ] ] ] } },
{ "type": "Feature", "properties": { "Name": "NorthCreekHouse(R&F Ranch)", "FolderPath": "FishFood2023Final.kmz/FishFood2023Final/Michael Rue/Fields", "SymbolID": 0, "AltMode": 0, "Base": 0.0, "Clamped": -1, "Extruded": 0, "Snippet": null, "PopupInfo": null, "Shape_Leng": 3593.0942281799998, "Shape_Area": 602351.77653300005, "OBJECTID": null, "Type": null, "Owner": null, "Access": null, "Feature_ID": null, "layer": "FishFoodFields", "path": "D:/seths_msi/Documents/CalTrout Mapping Projects/CalTrout_imagery_2023/FishFoodFields.shp", "field_id": null, "joined_Name": "NorthCreekHouse(R&F Ranch)" }, "geometry": { "type": "MultiPolygon", "coordinates": [ [ [ [ -121.524104236190809, 39.01936725614587, 0.0 ], [ -121.524173344576241, 39.0229522457632, 0.0 ], [ -121.519899634186814, 39.023117500042694, 0.0 ], [ -121.519609329370411, 39.025837293782317, 0.0 ], [ -121.515106093941426, 39.025826924392931, 0.0 ], [ -121.51505467611311, 39.026536189928407, 0.0 ], [ -121.513348015880013, 39.02672348464187, 0.0 ], [ -121.510033933602642, 39.023580065448805, 0.0 ], [ -121.510468319241355, 39.023315682741178, 0.0 ], [ -121.511076255091297, 39.022272889614541, 0.0 ], [ -121.510865879541015, 39.021297019035281, 0.0 ], [ -121.511522065498198, 39.021089669465361, 0.0 ], [ -121.524104236190809, 39.01936725614587, 0.0 ] ] ] ] } },
{ "type": "Feature", "properties": { "Name": "RioOsoRanch(RioOso)", "FolderPath": "FishFood2023Final.kmz/FishFood2023Final/Michael Rue/Fields", "SymbolID": 0, "AltMode": 0, "Base": 0.0, "Clamped": -1, "Extruded": 0, "Snippet": null, "PopupInfo": null, "Shape_Leng": 2290.75090748, "Shape_Area": 323075.565657, "OBJECTID": null, "Type": null, "Owner": null, "Access": null, "Feature_ID": null, "layer": "FishFoodFields", "path": "D:/seths_msi/Documents/CalTrout Mapping Projects/CalTrout_imagery_2023/FishFoodFields.shp", "field_id": null, "joined_Name": "RioOsoRanch(RioOso)" }, "geometry": { "type": "MultiPolygon", "coordinates": [ [ [ [ -121.535503705123602, 38.990230591296431, 0.0 ], [ -121.536579651764825, 38.996009536558866, 0.0 ], [ -121.530173562293768, 38.996002678524817, 0.0 ], [ -121.530070342552406, 38.990449126213882, 0.0 ], [ -121.535503705123602, 38.990230591296431, 0.0 ] ] ] ] } },
{ "type": "Feature", "properties": { "Name": "Bluebird(R&F RealEstate)", "FolderPath": "FishFood2023Final.kmz/FishFood2023Final/Michael Rue/Fields", "SymbolID": 0, "AltMode": 0, "Base": 0.0, "Clamped": -1, "Extruded": 0, "Snippet": null, "PopupInfo": null, "Shape_Leng": 3620.04982806, "Shape_Area": 742559.21594200004, "OBJECTID": null, "Type": null, "Owner": null, "Access": null, "Feature_ID": null, "layer": "FishFoodFields", "path": "D:/seths_msi/Documents/CalTrout Mapping Projects/CalTrout_imagery_2023/FishFoodFields.shp", "field_id": null, "joined_Name": "Bluebird(R&F RealEstate)" }, "geometry": { "type": "MultiPolygon", "coordinates": [ [ [ [ -121.540846679812702, 39.01574578379585, 0.0 ], [ -121.540753967411433, 39.026346921806571, 0.0 ], [ -121.53365764750842, 39.026379197976816, 0.0 ], [ -121.53342300908929, 39.015694177142358, 0.0 ], [ -121.540846679812702, 39.01574578379585, 0.0 ] ] ] ] } },
{ "type": "Feature", "properties": { "Name": "Morrison(MichaelRue)", "FolderPath": "FishFood2023Final.kmz/FishFood2023Final/Michael Rue/Fields", "SymbolID": 0, "AltMode": 0, "Base": 0.0, "Clamped": -1, "Extruded": 0, "Snippet": null, "PopupInfo": null, "Shape_Leng": 4220.0947422299996, "Shape_Area": 710035.02023300005, "OBJECTID": null, "Type": null, "Owner": null, "Access": null, "Feature_ID": null, "layer": "FishFoodFields", "path": "D:/seths_msi/Documents/CalTrout Mapping Projects/CalTrout_imagery_2023/FishFoodFields.shp", "field_id": null, "joined_Name": "Morrison(MichaelRue)" }, "geometry": { "type": "MultiPolygon", "coordinates": [ [ [ [ -121.49436200669544, 39.026496081118744, 0.0 ], [ -121.505290177610036, 39.022514726518381, 0.0 ], [ -121.505629811937354, 39.034250493275273, 0.0 ], [ -121.501206827516214, 39.034346877020738, 0.0 ], [ -121.50087734040801, 39.028876987289799, 0.0 ], [ -121.498855513419969, 39.029032282629075, 0.0 ], [ -121.498172716849496, 39.03020079377692, 0.0 ], [ -121.496419963973167, 39.029767262073413, 0.0 ], [ -121.49436200669544, 39.026496081118744, 0.0 ] ] ] ] } },
{ "type": "Feature", "properties": { "Name": "Knaggs", "FolderPath": "FishFood2023Final.kmz/FishFood2023Final/Brennan", "SymbolID": 0, "AltMode": 0, "Base": 0.0, "Clamped": -1, "Extruded": 0, "Snippet": null, "PopupInfo": null, "Shape_Leng": 7441.5831364699998, "Shape_Area": 2743397.1834499999, "OBJECTID": null, "Type": null, "Owner": null, "Access": null, "Feature_ID": null, "layer": "FishFoodFields", "path": "D:/seths_msi/Documents/CalTrout Mapping Projects/CalTrout_imagery_2023/FishFoodFields.shp", "field_id": null, "joined_Name": "Knaggs" }, "geometry": { "type": "MultiPolygon", "coordinates": [ [ [ [ -121.658626405922945, 38.705188665600623, 0.0 ], [ -121.641221686627134, 38.705464892903336, 0.0 ], [ -121.646535167422371, 38.692202571942332, 0.0 ], [ -121.645501914764608, 38.683858773240814, 0.0 ], [ -121.657833610787307, 38.684102483778375, 0.0 ], [ -121.65816636443698, 38.691458088723486, 0.0 ], [ -121.657486865186826, 38.691709598565588, 0.0 ], [ -121.658626405922945, 38.705188665600623, 0.0 ] ] ] ] } },
{ "type": "Feature", "properties": { "Name": "TuleBasin(Chesapeak)", "FolderPath": "FishFood2023Final.kmz/FishFood2023Final/Brennan", "SymbolID": 0, "AltMode": 0, "Base": 0.0, "Clamped": -1, "Extruded": 0, "Snippet": null, "PopupInfo": null, "Shape_Leng": 6481.2338170399998, "Shape_Area": 1881541.5586000001, "OBJECTID": null, "Type": null, "Owner": null, "Access": null, "Feature_ID": null, "layer": "FishFoodFields", "path": "D:/seths_msi/Documents/CalTrout Mapping Projects/CalTrout_imagery_2023/FishFoodFields.shp", "field_id": null, "joined_Name": "TuleBasin(Chesapeak)" }, "geometry": { "type": "MultiPolygon", "coordinates": [ [ [ [ -121.773308036098342, 39.070028801808206, 0.0 ], [ -121.772946365440035, 39.091549601261192, 0.0 ], [ -121.768663351809238, 39.091451278937541, 0.0 ], [ -121.759318113447108, 39.07002722683157, 0.0 ], [ -121.773308036098342, 39.070028801808206, 0.0 ] ] ] ] } },
{ "type": "Feature", "properties": { "Name": "TuleBasin", "FolderPath": "FishFood2023Final.kmz/FishFood2023Final/Brennan", "SymbolID": 0, "AltMode": 0, "Base": 0.0, "Clamped": -1, "Extruded": 0, "Snippet": null, "PopupInfo": null, "Shape_Leng": 5008.6908827099996, "Shape_Area": 1005405.50341, "OBJECTID": null, "Type": null, "Owner": null, "Access": null, "Feature_ID": null, "layer": "FishFoodFields", "path": "D:/seths_msi/Documents/CalTrout Mapping Projects/CalTrout_imagery_2023/FishFoodFields.shp", "field_id": null, "joined_Name": "TuleBasin" }, "geometry": { "type": "MultiPolygon", "coordinates": [ [ [ [ -121.755131373122509, 39.033330235795816, 0.0 ], [ -121.754927477565914, 39.044194816004534, 0.0 ], [ -121.748730194478625, 39.044452574982898, 0.0 ], [ -121.743019460520969, 39.031595434826485, 0.0 ], [ -121.745223219006178, 39.028454071013741, 0.0 ], [ -121.74560757965736, 39.033251711374184, 0.0 ], [ -121.755131373122509, 39.033330235795816, 0.0 ] ] ] ] } },
{ "type": "Feature", "properties": { "Name": "CapOil", "FolderPath": "FishFood2023Final.kmz/FishFood2023Final/Brennan", "SymbolID": 0, "AltMode": 0, "Base": 0.0, "Clamped": -1, "Extruded": 0, "Snippet": null, "PopupInfo": null, "Shape_Leng": 5207.3066240400003, "Shape_Area": 1250462.62998, "OBJECTID": null, "Type": null, "Owner": null, "Access": null, "Feature_ID": null, "layer": "FishFoodFields", "path": "D:/seths_msi/Documents/CalTrout Mapping Projects/CalTrout_imagery_2023/FishFoodFields.shp", "field_id": null, "joined_Name": "CapOil" }, "geometry": { "type": "MultiPolygon", "coordinates": [ [ [ [ -121.630464991978926, 38.41925266928606, 0.0 ], [ -121.619760732107693, 38.419285841760555, 0.0 ], [ -121.619637776755383, 38.419812505044462, 0.0 ], [ -121.615642040731473, 38.419964553654005, 0.0 ], [ -121.614431279246148, 38.416579442424677, 0.0 ], [ -121.618912372463726, 38.406907134164214, 0.0 ], [ -121.623601279783117, 38.407083557352053, 0.0 ], [ -121.622642438973955, 38.412768682013969, 0.0 ], [ -121.628629309024774, 38.412951909061327, 0.0 ], [ -121.62905396990584, 38.415338335862081, 0.0 ], [ -121.630403982771583, 38.416116262802312, 0.0 ], [ -121.630464991978926, 38.41925266928606, 0.0 ] ] ] ] } },
{ "type": "Feature", "properties": { "Name": "TidesEnd", "FolderPath": "FishFood2023Final.kmz/FishFood2023Final/Brennan", "SymbolID": 0, "AltMode": 0, "Base": 0.0, "Clamped": -1, "Extruded": 0, "Snippet": null, "PopupInfo": null, "Shape_Leng": 4567.1233172900002, "Shape_Area": 885776.24443299999, "OBJECTID": null, "Type": null, "Owner": null, "Access": null, "Feature_ID": null, "layer": "FishFoodFields", "path": "D:/seths_msi/Documents/CalTrout Mapping Projects/CalTrout_imagery_2023/FishFoodFields.shp", "field_id": null, "joined_Name": "TidesEnd" }, "geometry": { "type": "MultiPolygon", "coordinates": [ [ [ [ -121.632115332565704, 38.400970119129639, 0.0 ], [ -121.622050466945609, 38.400739734936074, 0.0 ], [ -121.628265521768796, 38.386515062002232, 0.0 ], [ -121.632879761518268, 38.386760295630836, 0.0 ], [ -121.630542866564568, 38.394115871960693, 0.0 ], [ -121.632115332565704, 38.400970119129639, 0.0 ] ] ] ] } },
{ "type": "Feature", "properties": { "Name": "Field 29C", "FolderPath": "FishFood2023Final.kmz/FishFood2023Final/DavisRanches/Fields/SebiaDuckClub", "SymbolID": 2, "AltMode": 0, "Base": 0.0, "Clamped": -1, "Extruded": 0, "Snippet": null, "PopupInfo": "Flood Start Date: October 3rd 2022\nStatus as of 11/7/22: 100% Flooded", "Shape_Leng": 3122.9421577200001, "Shape_Area": 399161.78838500002, "OBJECTID": null, "Type": null, "Owner": null, "Access": null, "Feature_ID": null, "layer": "FishFoodFields", "path": "D:/seths_msi/Documents/CalTrout Mapping Projects/CalTrout_imagery_2023/FishFoodFields.shp", "field_id": null, "joined_Name": "Field 29C" }, "geometry": { "type": "MultiPolygon", "coordinates": [ [ [ [ -122.021572182588699, 39.121099010774444, 0.0 ], [ -122.021545468293539, 39.121151656178192, 0.0 ], [ -122.006478511690418, 39.121094756158861, 0.0 ], [ -122.006417378498242, 39.121004801087253, 0.0 ], [ -122.006466822300538, 39.118192591367595, 0.0 ], [ -122.006499275364661, 39.118139327940533, 0.0 ], [ -122.019165362194315, 39.11815595367932, 0.0 ], [ -122.01924489892204, 39.118176007161587, 0.0 ], [ -122.01930642129139, 39.11824265578845, 0.0 ], [ -122.01959092056606, 39.118562230938828, 0.0 ], [ -122.020087911473752, 39.119203251819506, 0.0 ], [ -122.021572182588699, 39.121099010774444, 0.0 ] ] ] ] } },
{ "type": "Feature", "properties": { "Name": "Field 29B", "FolderPath": "FishFood2023Final.kmz/FishFood2023Final/DavisRanches/Fields/SebiaDuckClub", "SymbolID": 2, "AltMode": 0, "Base": 0.0, "Clamped": -1, "Extruded": 0, "Snippet": null, "PopupInfo": "Flood Start Date: October 6th, 2022\nStatus as of 11/7/22: 100% Flooded", "Shape_Leng": 3338.98871758, "Shape_Area": 448844.31115999998, "OBJECTID": null, "Type": null, "Owner": null, "Access": null, "Feature_ID": null, "layer": "FishFoodFields", "path": "D:/seths_msi/Documents/CalTrout Mapping Projects/CalTrout_imagery_2023/FishFoodFields.shp", "field_id": null, "joined_Name": "Field 29B" }, "geometry": { "type": "MultiPolygon", "coordinates": [ [ [ [ -122.021957768311623, 39.12294249818477, 0.0 ], [ -122.022035540773601, 39.124254743297868, 0.0 ], [ -122.021888621728749, 39.124243600346276, 0.0 ], [ -122.006398230474417, 39.124125604001655, 0.0 ], [ -122.006443906162829, 39.12121846816396, 0.0 ], [ -122.006483530268923, 39.121158710475967, 0.0 ], [ -122.006579258859901, 39.121131525933507, 0.0 ], [ -122.017060285555814, 39.121197814493179, 0.0 ], [ -122.021568563050394, 39.121190656373933, 0.0 ], [ -122.021678731605959, 39.121259668328229, 0.0 ], [ -122.021852634247963, 39.121467149353165, 0.0 ], [ -122.021988920757906, 39.121702609627491, 0.0 ], [ -122.022017480999963, 39.121898107304759, 0.0 ], [ -122.021967826343385, 39.122197523791371, 0.0 ], [ -122.021951194499621, 39.122595907377118, 0.0 ], [ -122.021957768311623, 39.12294249818477, 0.0 ] ] ] ] } },
{ "type": "Feature", "properties": { "Name": "Field 29A", "FolderPath": "FishFood2023Final.kmz/FishFood2023Final/DavisRanches/Fields/SebiaDuckClub", "SymbolID": 2, "AltMode": 0, "Base": 0.0, "Clamped": -1, "Extruded": 0, "Snippet": null, "PopupInfo": "Flood Start Date: October 6th, 2022\nStatus as of 11/7/22: 100% Flooded", "Shape_Leng": 3376.9486607399999, "Shape_Area": 467859.60167599999, "OBJECTID": null, "Type": null, "Owner": null, "Access": null, "Feature_ID": null, "layer": "FishFoodFields", "path": "D:/seths_msi/Documents/CalTrout Mapping Projects/CalTrout_imagery_2023/FishFoodFields.shp", "field_id": null, "joined_Name": "Field 29A" }, "geometry": { "type": "MultiPolygon", "coordinates": [ [ [ [ -122.021996911314403, 39.12727099187466, 0.0 ], [ -122.021957709808945, 39.127481469996617, 0.0 ], [ -122.021871457823806, 39.127514099126046, 0.0 ], [ -122.021663091788781, 39.127514258882947, 0.0 ], [ -122.019067070012014, 39.127435274095525, 0.0 ], [ -122.006551624145473, 39.1272045309791, 0.0 ], [ -122.006472817762557, 39.127186546661697, 0.0 ], [ -122.006444944073309, 39.127143796629454, 0.0 ], [ -122.00640249566267, 39.124265007221858, 0.0 ], [ -122.006418300460282, 39.124199703092955, 0.0 ], [ -122.006457567151458, 39.124167733777966, 0.0 ], [ -122.021886899994172, 39.124279760132957, 0.0 ], [ -122.022026985563258, 39.124304296314278, 0.0 ], [ -122.022051600486591, 39.124356599321665, 0.0 ], [ -122.022021517573009, 39.127072041450717, 0.0 ], [ -122.021996911314403, 39.12727099187466, 0.0 ] ] ] ] } },
{ "type": "Feature", "properties": { "Name": "Field 25E", "FolderPath": "FishFood2023Final.kmz/FishFood2023Final/DavisRanches/Fields/SebiaDuckClub", "SymbolID": 2, "AltMode": 0, "Base": 0.0, "Clamped": -1, "Extruded": 0, "Snippet": null, "PopupInfo": "Flood Start Date: October 9th, 2022\nStatus as of 11/7/22: 100% Flooded", "Shape_Leng": 3352.1026757599998, "Shape_Area": 457815.72261699999, "OBJECTID": null, "Type": null, "Owner": null, "Access": null, "Feature_ID": null, "layer": "FishFoodFields", "path": "D:/seths_msi/Documents/CalTrout Mapping Projects/CalTrout_imagery_2023/FishFoodFields.shp", "field_id": null, "joined_Name": "Field 25E" }, "geometry": { "type": "MultiPolygon", "coordinates": [ [ [ [ -122.021976231697494, 39.130700900830149, 0.0 ], [ -122.006572880526207, 39.130263404525273, 0.0 ], [ -122.006421822568299, 39.130240071815876, 0.0 ], [ -122.006385280713872, 39.130125153671926, 0.0 ], [ -122.006445955189861, 39.127521392696856, 0.0 ], [ -122.006488105105021, 39.127453966730421, 0.0 ], [ -122.006654048626075, 39.127374438138801, 0.0 ], [ -122.006784859607876, 39.127329083769993, 0.0 ], [ -122.007028460660806, 39.127309117780534, 0.0 ], [ -122.010502541009643, 39.12736919556567, 0.0 ], [ -122.014128024474047, 39.127443764084816, 0.0 ], [ -122.014335082172394, 39.127440256489734, 0.0 ], [ -122.014529182885781, 39.127423122650889, 0.0 ], [ -122.01851417401366, 39.127471512906006, 0.0 ], [ -122.021806462679521, 39.127558837906101, 0.0 ], [ -122.021924180666161, 39.127583692017829, 0.0 ], [ -122.021963158716588, 39.127637299575703, 0.0 ], [ -122.021958467199738, 39.12780117819154, 0.0 ], [ -122.022028511839125, 39.128815615183683, 0.0 ], [ -122.022077979900871, 39.130038505665269, 0.0 ], [ -122.022119103810169, 39.13031575159733, 0.0 ], [ -122.022155358508272, 39.130544642091003, 0.0 ], [ -122.022141370584094, 39.130641216036864, 0.0 ], [ -122.02207247674005, 39.130683483876012, 0.0 ], [ -122.021976231697494, 39.130700900830149, 0.0 ] ] ] ] } },
{ "type": "Feature", "properties": { "Name": "Field 25D", "FolderPath": "FishFood2023Final.kmz/FishFood2023Final/DavisRanches/Fields/SebiaDuckClub", "SymbolID": 2, "AltMode": 0, "Base": 0.0, "Clamped": -1, "Extruded": 0, "Snippet": null, "PopupInfo": "Flood Start Date: October 9th, 2022\nRe-flood Date: November 1st, 2022\nStatus as of 11/7/22: 85% Flooded", "Shape_Leng": 3426.1756826000001, "Shape_Area": 479510.54146400001, "OBJECTID": null, "Type": null, "Owner": null, "Access": null, "Feature_ID": null, "layer": "FishFoodFields", "path": "D:/seths_msi/Documents/CalTrout Mapping Projects/CalTrout_imagery_2023/FishFoodFields.shp", "field_id": null, "joined_Name": "Field 25D" }, "geometry": { "type": "MultiPolygon", "coordinates": [ [ [ [ -122.022032270078867, 39.134052557705118, 0.0 ], [ -122.006600763502007, 39.133351809358338, 0.0 ], [ -122.006465767215346, 39.133351275927055, 0.0 ], [ -122.006457326505824, 39.133279523390208, 0.0 ], [ -122.006463744649935, 39.133204661710749, 0.0 ], [ -122.006460022358226, 39.133118978937453, 0.0 ], [ -122.006403899034893, 39.130450113935581, 0.0 ], [ -122.006412950108228, 39.130394763390861, 0.0 ], [ -122.006451130748587, 39.130337745444834, 0.0 ], [ -122.006514318247923, 39.130293997400095, 0.0 ], [ -122.022118613788862, 39.130799885205342, 0.0 ], [ -122.022178302529838, 39.1308241638922, 0.0 ], [ -122.022199279814373, 39.130911448095311, 0.0 ], [ -122.022250916934411, 39.130993493756712, 0.0 ], [ -122.022252532198337, 39.131065514183121, 0.0 ], [ -122.022204765685728, 39.131108487363363, 0.0 ], [ -122.022174515265235, 39.131184926118657, 0.0 ], [ -122.022193464542468, 39.131262420099688, 0.0 ], [ -122.022247555175639, 39.131338152591823, 0.0 ], [ -122.022264688228404, 39.131469686713125, 0.0 ], [ -122.022294087988115, 39.131684422994503, 0.0 ], [ -122.022306472543107, 39.131830215739463, 0.0 ], [ -122.022268047452556, 39.131896569439583, 0.0 ], [ -122.022287509361732, 39.132328052106374, 0.0 ], [ -122.022295868031847, 39.132673859851849, 0.0 ], [ -122.02230207471618, 39.133058741431086, 0.0 ], [ -122.022294097654736, 39.133494675895157, 0.0 ], [ -122.022288908990959, 39.133779674445904, 0.0 ], [ -122.022287396878653, 39.13395819792926, 0.0 ], [ -122.022237620879622, 39.134020253697564, 0.0 ], [ -122.022155639031467, 39.134047901532185, 0.0 ], [ -122.022032270078867, 39.134052557705118, 0.0 ] ] ] ] } },
{ "type": "Feature", "properties": { "Name": "Field 25C", "FolderPath": "FishFood2023Final.kmz/FishFood2023Final/DavisRanches/Fields/SebiaDuckClub", "SymbolID": 2, "AltMode": 0, "Base": 0.0, "Clamped": -1, "Extruded": 0, "Snippet": null, "PopupInfo": "Flood Start Date: October 9th, 2022\nRe-flood Date: November 1st, 2022\nStatus as of 11/7/22: 85% Flooded", "Shape_Leng": 3458.1005866, "Shape_Area": 495521.592496, "OBJECTID": null, "Type": null, "Owner": null, "Access": null, "Feature_ID": null, "layer": "FishFoodFields", "path": "D:/seths_msi/Documents/CalTrout Mapping Projects/CalTrout_imagery_2023/FishFoodFields.shp", "field_id": null, "joined_Name": "Field 25C" }, "geometry": { "type": "MultiPolygon", "coordinates": [ [ [ [ -122.022325252072932, 39.137231828397937, 0.0 ], [ -122.022211390154197, 39.137317335260946, 0.0 ], [ -122.006650343011145, 39.136790785089964, 0.0 ], [ -122.006589793257248, 39.136726204450959, 0.0 ], [ -122.006562334867766, 39.136629352287116, 0.0 ], [ -122.006599709119655, 39.136415559127855, 0.0 ], [ -122.006587029170049, 39.136190628104757, 0.0 ], [ -122.006624741242618, 39.136024156570883, 0.0 ], [ -122.006721708122441, 39.135763956162741, 0.0 ], [ -122.006797085271899, 39.135530368203476, 0.0 ], [ -122.006820028998916, 39.135401318123314, 0.0 ], [ -122.006800184682277, 39.135136167290881, 0.0 ], [ -122.006710533037435, 39.134957762101159, 0.0 ], [ -122.006592147793555, 39.13481589791116, 0.0 ], [ -122.006535044988553, 39.134657071284536, 0.0 ], [ -122.006535056382688, 39.134456442556633, 0.0 ], [ -122.006462310977227, 39.133533983339348, 0.0 ], [ -122.006450639116721, 39.133482377701128, 0.0 ], [ -122.006522195956862, 39.133425515422715, 0.0 ], [ -122.006624890935967, 39.133397282915659, 0.0 ], [ -122.014397156103911, 39.133739184997935, 0.0 ], [ -122.021701504377475, 39.13411402310917, 0.0 ], [ -122.022201217480088, 39.134132575285925, 0.0 ], [ -122.022301031719024, 39.134187702267738, 0.0 ], [ -122.022322583206005, 39.134362716636176, 0.0 ], [ -122.022267109462604, 39.13455472006234, 0.0 ], [ -122.022182518222195, 39.134717943525409, 0.0 ], [ -122.02217879809362, 39.134965316794045, 0.0 ], [ -122.022147998702351, 39.135501797637559, 0.0 ], [ -122.022174695493845, 39.135742218263573, 0.0 ], [ -122.022233482974755, 39.13597123630521, 0.0 ], [ -122.022309345133806, 39.13611392016162, 0.0 ], [ -122.022347176094556, 39.136214344735464, 0.0 ], [ -122.022395544474321, 39.13640209918352, 0.0 ], [ -122.022395487603816, 39.136631852615579, 0.0 ], [ -122.022381687011816, 39.136989216311498, 0.0 ], [ -122.022325252072932, 39.137231828397937, 0.0 ] ] ] ] } },
{ "type": "Feature", "properties": { "Name": "Field 26EE", "FolderPath": "FishFood2023Final.kmz/FishFood2023Final/DavisRanches/Fields/SebiaDuckClub", "SymbolID": 2, "AltMode": 0, "Base": 0.0, "Clamped": -1, "Extruded": 0, "Snippet": null, "PopupInfo": "Not Flooded Yet - Waiting for water in system", "Shape_Leng": 1728.91001843, "Shape_Area": 184072.02770100001, "OBJECTID": null, "Type": null, "Owner": null, "Access": null, "Feature_ID": null, "layer": "FishFoodFields", "path": "D:/seths_msi/Documents/CalTrout Mapping Projects/CalTrout_imagery_2023/FishFoodFields.shp", "field_id": null, "joined_Name": "Field 26EE" }, "geometry": { "type": "MultiPolygon", "coordinates": [ [ [ [ -122.000683940654369, 39.123930076817523, 0.0 ], [ -121.996225706680278, 39.123928922172354, 0.0 ], [ -121.996286075082068, 39.119587513542548, 0.0 ], [ -122.000618219505213, 39.119541586693643, 0.0 ], [ -122.000683940654369, 39.123930076817523, 0.0 ] ] ] ] } },
{ "type": "Feature", "properties": { "Name": "Field 26CW", "FolderPath": "FishFood2023Final.kmz/FishFood2023Final/DavisRanches/Fields/SebiaDuckClub", "SymbolID": 2, "AltMode": 0, "Base": 0.0, "Clamped": -1, "Extruded": 0, "Snippet": null, "PopupInfo": "Not Flooded Yet - wating on water", "Shape_Leng": 2585.20221004, "Shape_Area": 384310.62488299998, "OBJECTID": null, "Type": null, "Owner": null, "Access": null, "Feature_ID": null, "layer": "FishFoodFields", "path": "D:/seths_msi/Documents/CalTrout Mapping Projects/CalTrout_imagery_2023/FishFoodFields.shp", "field_id": null, "joined_Name": "Field 26CW" }, "geometry": { "type": "MultiPolygon", "coordinates": [ [ [ [ -121.996371337942023, 39.128314244523906, 0.0 ], [ -122.00536143057532, 39.128364568581418, 0.0 ], [ -122.005442422124219, 39.12840863265955, 0.0 ], [ -122.005497260441786, 39.128507670574159, 0.0 ], [ -122.005493561112473, 39.13288352010931, 0.0 ], [ -122.00535398755278, 39.133017445314131, 0.0 ], [ -122.004872002123719, 39.13270624692052, 0.0 ], [ -121.996187508101841, 39.132601865544679, 0.0 ], [ -121.996293527706356, 39.128436538684362, 0.0 ], [ -121.996326135630582, 39.128353033671353, 0.0 ], [ -121.996371337942023, 39.128314244523906, 0.0 ] ] ] ] } },
{ "type": "Feature", "properties": { "Name": "Field 26D - 50% ONLY", "FolderPath": "FishFood2023Final.kmz/FishFood2023Final/DavisRanches/Fields/SebiaDuckClub", "SymbolID": 2, "AltMode": 0, "Base": 0.0, "Clamped": -1, "Extruded": 0, "Snippet": null, "PopupInfo": "Not Flooded Yet - Waiting on water\nWill only be flooding 50% of this whole field. Depending on what side is easier to hold the water.", "Shape_Leng": 2551.2531688099998, "Shape_Area": 380729.95205399999, "OBJECTID": null, "Type": null, "Owner": null, "Access": null, "Feature_ID": null, "layer": "FishFoodFields", "path": "D:/seths_msi/Documents/CalTrout Mapping Projects/CalTrout_imagery_2023/FishFoodFields.shp", "field_id": null, "joined_Name": "Field 26D - 50% ONLY" }, "geometry": { "type": "MultiPolygon", "coordinates": [ [ [ [ -122.0055563204631, 39.123933073009503, 0.0 ], [ -122.0054339454923, 39.128289040032989, 0.0 ], [ -121.996223717685524, 39.128233546976624, 0.0 ], [ -121.996280418429365, 39.124002638257203, 0.0 ], [ -122.0055563204631, 39.123933073009503, 0.0 ] ] ] ] } },
{ "type": "Feature", "properties": { "Name": "Field 18", "FolderPath": "FishFood2023Final.kmz/FishFood2023Final/DavisRanches/Fields/DavisRanches", "SymbolID": 2, "AltMode": 0, "Base": 0.0, "Clamped": -1, "Extruded": 0, "Snippet": null, "PopupInfo": "Flood Start Date: 11/7/22\nStatus: 5% Flooded", "Shape_Leng": 4408.5716853699996, "Shape_Area": 776775.57246199995, "OBJECTID": null, "Type": null, "Owner": null, "Access": null, "Feature_ID": null, "layer": "FishFoodFields", "path": "D:/seths_msi/Documents/CalTrout Mapping Projects/CalTrout_imagery_2023/FishFoodFields.shp", "field_id": null, "joined_Name": "Field 18" }, "geometry": { "type": "MultiPolygon", "coordinates": [ [ [ [ -121.975231881813556, 39.157147353400639, 0.0 ], [ -121.975119581591485, 39.15719237773461, 0.0 ], [ -121.975013635780073, 39.157194052740337, 0.0 ], [ -121.97489981816716, 39.157123827765936, 0.0 ], [ -121.974865196849763, 39.157022688546192, 0.0 ], [ -121.974839475381657, 39.156894064416484, 0.0 ], [ -121.974795487059097, 39.156699589806252, 0.0 ], [ -121.974668191729535, 39.156468068612831, 0.0 ], [ -121.974452336197729, 39.156236477086146, 0.0 ], [ -121.973873079871908, 39.155665674154193, 0.0 ], [ -121.973483507375676, 39.155299019701552, 0.0 ], [ -121.973119059447072, 39.154963533001897, 0.0 ], [ -121.972851588290382, 39.154716031899213, 0.0 ], [ -121.972673519360512, 39.154544747935859, 0.0 ], [ -121.97235602012131, 39.154334565398067, 0.0 ], [ -121.972205432151895, 39.154214712625404, 0.0 ], [ -121.971854884034059, 39.153865439955375, 0.0 ], [ -121.970831188633298, 39.152716544732868, 0.0 ], [ -121.969952789122473, 39.151751321872851, 0.0 ], [ -121.969679484371426, 39.151465707387906, 0.0 ], [ -121.969552331625252, 39.151286011140279, 0.0 ], [ -121.969477804285475, 39.151098925387892, 0.0 ], [ -121.969475528335579, 39.150912207290943, 0.0 ], [ -121.969527824652417, 39.150716029208027, 0.0 ], [ -121.969648127156461, 39.150515487417472, 0.0 ], [ -121.969703926796811, 39.150319075294874, 0.0 ], [ -121.969641292834439, 39.150175735096589, 0.0 ], [ -121.969546194630979, 39.150023272696217, 0.0 ], [ -121.969316964566275, 39.149956400963056, 0.0 ], [ -121.969172927291254, 39.149854065164831, 0.0 ], [ -121.968999546037153, 39.149703274285883, 0.0 ], [ -121.968894232938027, 39.149525961933193, 0.0 ], [ -121.968710605801732, 39.149332190237715, 0.0 ], [ -121.968473480377781, 39.149252492157416, 0.0 ], [ -121.968227740513768, 39.149300972021777, 0.0 ], [ -121.968014904978446, 39.149333472801708, 0.0 ], [ -121.967833982312257, 39.14936598912395, 0.0 ], [ -121.96769152037696, 39.149333086655986, 0.0 ], [ -121.967498343918137, 39.149171158333331, 0.0 ], [ -121.964748137545186, 39.146020195743105, 0.0 ], [ -121.964109033763535, 39.145166496782579, 0.0 ], [ -121.962891399432479, 39.144008242699172, 0.0 ], [ -121.962929307155065, 39.143890876952952, 0.0 ], [ -121.962997705425266, 39.143838664991932, 0.0 ], [ -121.963118182617592, 39.143786591957515, 0.0 ], [ -121.974369676424644, 39.143907361144315, 0.0 ], [ -121.974506340902309, 39.143961669143962, 0.0 ], [ -121.974546329151281, 39.144017061904499, 0.0 ], [ -121.974566754740948, 39.144229066592551, 0.0 ], [ -121.974609780793941, 39.144301122767565, 0.0 ], [ -121.97471285153803, 39.144322886965057, 0.0 ], [ -121.974821329800776, 39.144338665883836, 0.0 ], [ -121.974910771909904, 39.144460525849496, 0.0 ], [ -121.975270624333234, 39.156989661454759, 0.0 ], [ -121.975231881813556, 39.157147353400639, 0.0 ] ] ] ] } },
{ "type": "Feature", "properties": { "Name": "Field 20A", "FolderPath": "FishFood2023Final.kmz/FishFood2023Final/DavisRanches/Fields/DavisRanches", "SymbolID": 2, "AltMode": 0, "Base": 0.0, "Clamped": -1, "Extruded": 0, "Snippet": null, "PopupInfo": "Flood Date: To Be Determined", "Shape_Leng": 3966.12983016, "Shape_Area": 760930.17043099995, "OBJECTID": null, "Type": null, "Owner": null, "Access": null, "Feature_ID": null, "layer": "FishFoodFields", "path": "D:/seths_msi/Documents/CalTrout Mapping Projects/CalTrout_imagery_2023/FishFoodFields.shp", "field_id": null, "joined_Name": "Field 20A" }, "geometry": { "type": "MultiPolygon", "coordinates": [ [ [ [ -121.975571145917016, 39.157103350337685, 0.0 ], [ -121.975542419097749, 39.157034862472649, 0.0 ], [ -121.975111764685366, 39.143978324184708, 0.0 ], [ -121.97513102217178, 39.143947197993093, 0.0 ], [ -121.975166626147953, 39.143926886178257, 0.0 ], [ -121.978468095687916, 39.143924003474879, 0.0 ], [ -121.980809158988734, 39.143923970599971, 0.0 ], [ -121.980903724855409, 39.143919497379599, 0.0 ], [ -121.980994956047013, 39.143904734280163, 0.0 ], [ -121.981074982992737, 39.143906548615632, 0.0 ], [ -121.98114114687553, 39.143913925740506, 0.0 ], [ -121.981213163573898, 39.14391930222294, 0.0 ], [ -121.981269880158479, 39.143946849456668, 0.0 ], [ -121.981301245543804, 39.143975058134416, 0.0 ], [ -121.981336109912419, 39.14400617635107, 0.0 ], [ -121.98134848621433, 39.144042988388449, 0.0 ], [ -121.981345159035214, 39.144099207682999, 0.0 ], [ -121.981362017261802, 39.145953976952363, 0.0 ], [ -121.981330269402818, 39.147596057037632, 0.0 ], [ -121.981322228224045, 39.149118417794647, 0.0 ], [ -121.98132650996952, 39.150808433281618, 0.0 ], [ -121.981297649132742, 39.152396949852516, 0.0 ], [ -121.981305684896952, 39.153933709555112, 0.0 ], [ -121.981275161703337, 39.155611347628771, 0.0 ], [ -121.981279466889745, 39.157104441694983, 0.0 ], [ -121.981264854439374, 39.157228391166697, 0.0 ], [ -121.98117087143109, 39.157256535708072, 0.0 ], [ -121.980679313165083, 39.157204153482084, 0.0 ], [ -121.980016896344722, 39.157165238090499, 0.0 ], [ -121.979293544374912, 39.157177525352587, 0.0 ], [ -121.978778610529986, 39.157163157870215, 0.0 ], [ -121.977754913698348, 39.157154000263198, 0.0 ], [ -121.976648559207902, 39.157154808163746, 0.0 ], [ -121.976175233077797, 39.157166750220583, 0.0 ], [ -121.975931259030091, 39.157180731325063, 0.0 ], [ -121.975767516741286, 39.157185178131385, 0.0 ], [ -121.975645708417687, 39.157152347930108, 0.0 ], [ -121.975571145917016, 39.157103350337685, 0.0 ] ] ] ] } },
{ "type": "Feature", "properties": { "Name": "Field 20B", "FolderPath": "FishFood2023Final.kmz/FishFood2023Final/DavisRanches/Fields/DavisRanches", "SymbolID": 2, "AltMode": 0, "Base": 0.0, "Clamped": -1, "Extruded": 0, "Snippet": null, "PopupInfo": "Flood Date:  To Be Determined", "Shape_Leng": 3949.4470562400002, "Shape_Area": 744316.34308000002, "OBJECTID": null, "Type": null, "Owner": null, "Access": null, "Feature_ID": null, "layer": "FishFoodFields", "path": "D:/seths_msi/Documents/CalTrout Mapping Projects/CalTrout_imagery_2023/FishFoodFields.shp", "field_id": null, "joined_Name": "Field 20B" }, "geometry": { "type": "MultiPolygon", "coordinates": [ [ [ [ -121.981722230294352, 39.143925511941212, 0.0 ], [ -121.98422311895051, 39.143951984906771, 0.0 ], [ -121.986836595369709, 39.143936649098208, 0.0 ], [ -121.986907897201789, 39.143942687156013, 0.0 ], [ -121.986939781941743, 39.14396154288039, 0.0 ], [ -121.986948040976088, 39.143989121177285, 0.0 ], [ -121.986956514982225, 39.144029633706587, 0.0 ], [ -121.986952483584361, 39.144147640729429, 0.0 ], [ -121.986950142330457, 39.144183423166908, 0.0 ], [ -121.986966833948443, 39.144201452981633, 0.0 ], [ -121.987008076502178, 39.144201437518731, 0.0 ], [ -121.987074058483969, 39.144201386563253, 0.0 ], [ -121.987189316828818, 39.144196823167675, 0.0 ], [ -121.987252875891926, 39.144203542528331, 0.0 ], [ -121.987290948875426, 39.144242052321069, 0.0 ], [ -121.987305298198962, 39.144294906670133, 0.0 ], [ -121.98730973880582, 39.145458390254838, 0.0 ], [ -121.987298902915043, 39.147069771584341, 0.0 ], [ -121.987290032902365, 39.148693999192048, 0.0 ], [ -121.987279636700094, 39.15050721266374, 0.0 ], [ -121.98728666599726, 39.152383604183477, 0.0 ], [ -121.987239262823223, 39.154564936028947, 0.0 ], [ -121.987217799473854, 39.15723700308552, 0.0 ], [ -121.987192107344043, 39.157314142230732, 0.0 ], [ -121.987150835921852, 39.157332748607594, 0.0 ], [ -121.987063614088001, 39.157338057468088, 0.0 ], [ -121.981608187142356, 39.157291783535463, 0.0 ], [ -121.981480988106426, 39.157259368260128, 0.0 ], [ -121.981436301320301, 39.157162613246498, 0.0 ], [ -121.981429799669911, 39.156916095115434, 0.0 ], [ -121.981467046209758, 39.149486588502079, 0.0 ], [ -121.981509652325087, 39.144019007109279, 0.0 ], [ -121.981565181232483, 39.143933461360596, 0.0 ], [ -121.981722230294352, 39.143925511941212, 0.0 ] ] ] ] } },
{ "type": "Feature", "properties": { "Name": "Field 21", "FolderPath": "FishFood2023Final.kmz/FishFood2023Final/DavisRanches/Fields/DavisRanches", "SymbolID": 2, "AltMode": 0, "Base": 0.0, "Clamped": -1, "Extruded": 0, "Snippet": null, "PopupInfo": "Flood Date: To Be Determined", "Shape_Leng": 4291.6059130599997, "Shape_Area": 1001861.05963, "OBJECTID": null, "Type": null, "Owner": null, "Access": null, "Feature_ID": null, "layer": "FishFoodFields", "path": "D:/seths_msi/Documents/CalTrout Mapping Projects/CalTrout_imagery_2023/FishFoodFields.shp", "field_id": null, "joined_Name": "Field 21" }, "geometry": { "type": "MultiPolygon", "coordinates": [ [ [ [ -121.987570118594974, 39.157230004871501, 0.0 ], [ -121.987538146307003, 39.155952325331306, 0.0 ], [ -121.987514164663821, 39.152283298086417, 0.0 ], [ -121.987555240201331, 39.148401753613385, 0.0 ], [ -121.98751631918438, 39.147172402754883, 0.0 ], [ -121.987465558998053, 39.144095439296315, 0.0 ], [ -121.987521709946151, 39.144037377357527, 0.0 ], [ -121.987592754126197, 39.143985403640492, 0.0 ], [ -121.987700902590944, 39.143939393864216, 0.0 ], [ -121.987820498735402, 39.143950821221935, 0.0 ], [ -121.994935217194424, 39.144015647380712, 0.0 ], [ -121.995034249890452, 39.144032593867138, 0.0 ], [ -121.99508455147685, 39.144067101237567, 0.0 ], [ -121.995112038261666, 39.144183578199439, 0.0 ], [ -121.99518957031313, 39.147011437815678, 0.0 ], [ -121.995286996943136, 39.149514013134947, 0.0 ], [ -121.995359087340177, 39.151733862959226, 0.0 ], [ -121.995493125667238, 39.153876761761936, 0.0 ], [ -121.9955608316167, 39.156109081838217, 0.0 ], [ -121.995561364235513, 39.157231876480395, 0.0 ], [ -121.995542417997456, 39.157319779617545, 0.0 ], [ -121.995453745551131, 39.157386441502894, 0.0 ], [ -121.995182693025214, 39.157386413203909, 0.0 ], [ -121.989301728807263, 39.157325756066534, 0.0 ], [ -121.988283201338675, 39.157326354846766, 0.0 ], [ -121.9879256860129, 39.157327155693082, 0.0 ], [ -121.987675225337682, 39.157298575770362, 0.0 ], [ -121.987570118594974, 39.157230004871501, 0.0 ] ] ] ] } },
{ "type": "Feature", "properties": { "Name": "Field and Tule", "FolderPath": "FishFood2023Final.kmz/FishFood2023Final/Field&Tule", "SymbolID": 0, "AltMode": 0, "Base": 0.0, "Clamped": -1, "Extruded": 0, "Snippet": null, "PopupInfo": null, "Shape_Leng": 6140.36672, "Shape_Area": 2017077.5815300001, "OBJECTID": null, "Type": null, "Owner": null, "Access": null, "Feature_ID": null, "layer": "FishFoodFields", "path": "D:/seths_msi/Documents/CalTrout Mapping Projects/CalTrout_imagery_2023/FishFoodFields.shp", "field_id": null, "joined_Name": "Field and Tule" }, "geometry": { "type": "MultiPolygon", "coordinates": [ [ [ [ -121.920186090328315, 39.280983782900108, 0.0 ], [ -121.917344810590137, 39.288574426258542, 0.0 ], [ -121.906099438346843, 39.288624335025119, 0.0 ], [ -121.905573840466772, 39.274593712433344, 0.0 ], [ -121.926804624116059, 39.274672593890649, 0.0 ], [ -121.920186090328315, 39.280983782900108, 0.0 ] ] ] ] } },
{ "type": "Feature", "properties": { "Name": "055D", "FolderPath": "FishFood2023Final.kmz/FishFood2023Final/RD108/Fields/individual fields", "SymbolID": 0, "AltMode": 0, "Base": 0.0, "Clamped": -1, "Extruded": 0, "Snippet": null, "PopupInfo": "<html xmlns:fo=\"http://www.w3.org/1999/XSL/Format\" xmlns:msxsl=\"urn:schemas-microsoft-com:xslt\">\n\n<head>\n\n<META http-equiv=\"Content-Type\" content=\"text/html\">\n\n<meta http-equiv=\"content-type\" content=\"text/html; charset=UTF-8\">\n\n</head>\n\n<body style=\"mar", "Shape_Leng": 3318.9076405400001, "Shape_Area": 486549.89297599997, "OBJECTID": null, "Type": null, "Owner": null, "Access": null, "Feature_ID": null, "layer": "FishFoodFields", "path": "D:/seths_msi/Documents/CalTrout Mapping Projects/CalTrout_imagery_2023/FishFoodFields.shp", "field_id": null, "joined_Name": "055D" }, "geometry": { "type": "MultiPolygon", "coordinates": [ [ [ [ -121.890402894548188, 38.891862346388308, 0.0 ], [ -121.890389637753714, 38.892898495951229, 0.0 ], [ -121.890349365827021, 38.895669017692782, 0.0 ], [ -121.890252088033407, 38.895668091286829, 0.0 ], [ -121.889393304118698, 38.895650902349431, 0.0 ], [ -121.885917908661639, 38.895622241351141, 0.0 ], [ -121.885912027869082, 38.893878542803385, 0.0 ], [ -121.885936151888927, 38.890815009434924, 0.0 ], [ -121.885960201490661, 38.887755976669432, 0.0 ], [ -121.88599292479897, 38.884187901131938, 0.0 ], [ -121.886033339040623, 38.884183782027151, 0.0 ], [ -121.886689678383959, 38.884190050111521, 0.0 ], [ -121.890352980667998, 38.884193436808395, 0.0 ], [ -121.890401970246785, 38.884193903272518, 0.0 ], [ -121.890380056198268, 38.8868970215225, 0.0 ], [ -121.890325645268305, 38.889095208869307, 0.0 ], [ -121.890310165220228, 38.890320568633413, 0.0 ], [ -121.890299066921784, 38.891865863381831, 0.0 ], [ -121.890402894548188, 38.891862346388308, 0.0 ] ] ] ] } },
{ "type": "Feature", "properties": { "Name": "055E", "FolderPath": "FishFood2023Final.kmz/FishFood2023Final/RD108/Fields/individual fields", "SymbolID": 0, "AltMode": 0, "Base": 0.0, "Clamped": -1, "Extruded": 0, "Snippet": null, "PopupInfo": "<html xmlns:fo=\"http://www.w3.org/1999/XSL/Format\" xmlns:msxsl=\"urn:schemas-microsoft-com:xslt\">\n\n<head>\n\n<META http-equiv=\"Content-Type\" content=\"text/html\">\n\n<meta http-equiv=\"content-type\" content=\"text/html; charset=UTF-8\">\n\n</head>\n\n<body style=\"mar", "Shape_Leng": 3323.4724306399999, "Shape_Area": 493249.43744100002, "OBJECTID": null, "Type": null, "Owner": null, "Access": null, "Feature_ID": null, "layer": "FishFoodFields", "path": "D:/seths_msi/Documents/CalTrout Mapping Projects/CalTrout_imagery_2023/FishFoodFields.shp", "field_id": null, "joined_Name": "055E" }, "geometry": { "type": "MultiPolygon", "coordinates": [ [ [ [ -121.890596522986229, 38.895671370106193, 0.0 ], [ -121.890636628159527, 38.892355674946074, 0.0 ], [ -121.890703264097056, 38.884187759439442, 0.0 ], [ -121.892198567928489, 38.884179449708483, 0.0 ], [ -121.895164980603695, 38.884189576467705, 0.0 ], [ -121.895154966258616, 38.884928392818061, 0.0 ], [ -121.895135212546947, 38.88652767599217, 0.0 ], [ -121.895132750512246, 38.888127120562991, 0.0 ], [ -121.89509991542225, 38.890244415894045, 0.0 ], [ -121.895103542356068, 38.893263164785232, 0.0 ], [ -121.895077523597365, 38.894290182153064, 0.0 ], [ -121.895069111307137, 38.895668797625937, 0.0 ], [ -121.892688561981075, 38.89567774522267, 0.0 ], [ -121.890596522986229, 38.895671370106193, 0.0 ] ] ] ] } },
{ "type": "Feature", "properties": { "Name": "056A", "FolderPath": "FishFood2023Final.kmz/FishFood2023Final/RD108/Fields/individual fields", "SymbolID": 0, "AltMode": 0, "Base": 0.0, "Clamped": -1, "Extruded": 0, "Snippet": null, "PopupInfo": "<html xmlns:fo=\"http://www.w3.org/1999/XSL/Format\" xmlns:msxsl=\"urn:schemas-microsoft-com:xslt\">\n\n<head>\n\n<META http-equiv=\"Content-Type\" content=\"text/html\">\n\n<meta http-equiv=\"content-type\" content=\"text/html; charset=UTF-8\">\n\n</head>\n\n<body style=\"mar", "Shape_Leng": 2902.96315013, "Shape_Area": 488502.44285799999, "OBJECTID": null, "Type": null, "Owner": null, "Access": null, "Feature_ID": null, "layer": "FishFoodFields", "path": "D:/seths_msi/Documents/CalTrout Mapping Projects/CalTrout_imagery_2023/FishFoodFields.shp", "field_id": null, "joined_Name": "056A" }, "geometry": { "type": "MultiPolygon", "coordinates": [ [ [ [ -121.870672076261727, 38.90302228050205, 0.0 ], [ -121.870074663160807, 38.903016490002116, 0.0 ], [ -121.868667246930244, 38.903002838085563, 0.0 ], [ -121.867985738975321, 38.903027759089028, 0.0 ], [ -121.867295257854565, 38.902665114900884, 0.0 ], [ -121.866702647274465, 38.902312429689296, 0.0 ], [ -121.866007336478063, 38.901755995289122, 0.0 ], [ -121.864793231700887, 38.900739445698555, 0.0 ], [ -121.863409813416979, 38.899586068262984, 0.0 ], [ -121.862517611753688, 38.898860988334789, 0.0 ], [ -121.861640052771151, 38.898167582439804, 0.0 ], [ -121.861373216280498, 38.897863107329997, 0.0 ], [ -121.861281913895823, 38.897713532214148, 0.0 ], [ -121.861166184827923, 38.897514159315136, 0.0 ], [ -121.861138435085891, 38.89663531187896, 0.0 ], [ -121.861027677722959, 38.895989941431424, 0.0 ], [ -121.860976299911485, 38.895912845529857, 0.0 ], [ -121.870829533333293, 38.895999698347417, 0.0 ], [ -121.870672076261727, 38.90302228050205, 0.0 ] ] ] ] } },
{ "type": "Feature", "properties": { "Name": "056B", "FolderPath": "FishFood2023Final.kmz/FishFood2023Final/RD108/Fields/individual fields", "SymbolID": 0, "AltMode": 0, "Base": 0.0, "Clamped": -1, "Extruded": 0, "Snippet": null, "PopupInfo": "<html xmlns:fo=\"http://www.w3.org/1999/XSL/Format\" xmlns:msxsl=\"urn:schemas-microsoft-com:xslt\">\n\n<head>\n\n<META http-equiv=\"Content-Type\" content=\"text/html\">\n\n<meta http-equiv=\"content-type\" content=\"text/html; charset=UTF-8\">\n\n</head>\n\n<body style=\"mar", "Shape_Leng": 2878.6505062000001, "Shape_Area": 517302.57028699998, "OBJECTID": null, "Type": null, "Owner": null, "Access": null, "Feature_ID": null, "layer": "FishFoodFields", "path": "D:/seths_msi/Documents/CalTrout Mapping Projects/CalTrout_imagery_2023/FishFoodFields.shp", "field_id": null, "joined_Name": "056B" }, "geometry": { "type": "MultiPolygon", "coordinates": [ [ [ [ -121.876162591329788, 38.896136841920601, 0.0 ], [ -121.878957196986377, 38.896150236597066, 0.0 ], [ -121.878922591460821, 38.897753870624214, 0.0 ], [ -121.878806007817005, 38.902871028875026, 0.0 ], [ -121.876162118733532, 38.902881608924261, 0.0 ], [ -121.870837804483273, 38.90288872105193, 0.0 ], [ -121.870999893485831, 38.896118491655251, 0.0 ], [ -121.876162591329788, 38.896136841920601, 0.0 ] ] ] ] } },
{ "type": "Feature", "properties": { "Name": "056F", "FolderPath": "FishFood2023Final.kmz/FishFood2023Final/RD108/Fields/individual fields", "SymbolID": 0, "AltMode": 0, "Base": 0.0, "Clamped": -1, "Extruded": 0, "Snippet": null, "PopupInfo": "<html xmlns:fo=\"http://www.w3.org/1999/XSL/Format\" xmlns:msxsl=\"urn:schemas-microsoft-com:xslt\">\n\n<head>\n\n<META http-equiv=\"Content-Type\" content=\"text/html\">\n\n<meta http-equiv=\"content-type\" content=\"text/html; charset=UTF-8\">\n\n</head>\n\n<body style=\"mar", "Shape_Leng": 3090.20053035, "Shape_Area": 598055.52379899996, "OBJECTID": null, "Type": null, "Owner": null, "Access": null, "Feature_ID": null, "layer": "FishFoodFields", "path": "D:/seths_msi/Documents/CalTrout Mapping Projects/CalTrout_imagery_2023/FishFoodFields.shp", "field_id": null, "joined_Name": "056F" }, "geometry": { "type": "MultiPolygon", "coordinates": [ [ [ [ -121.904573217973507, 38.901588677851436, 0.0 ], [ -121.9045987994363, 38.90240892686807, 0.0 ], [ -121.904580241500355, 38.903053044090043, 0.0 ], [ -121.903032212985593, 38.903042989990531, 0.0 ], [ -121.899122170826558, 38.902992605090191, 0.0 ], [ -121.89546401335258, 38.902967005867104, 0.0 ], [ -121.895459156695154, 38.902908388345097, 0.0 ], [ -121.895480894940263, 38.899601530832555, 0.0 ], [ -121.895513158355996, 38.897939291281673, 0.0 ], [ -121.895538166334248, 38.896326546703449, 0.0 ], [ -121.895601300789437, 38.8962054950793, 0.0 ], [ -121.898532393121855, 38.896201690651971, 0.0 ], [ -121.901857203556176, 38.896183501393715, 0.0 ], [ -121.904709061656391, 38.896223849678918, 0.0 ], [ -121.904648492977969, 38.897444284372277, 0.0 ], [ -121.904573217973507, 38.901588677851436, 0.0 ] ] ] ] } },
{ "type": "Feature", "properties": { "Name": "056E", "FolderPath": "FishFood2023Final.kmz/FishFood2023Final/RD108/Fields/individual fields", "SymbolID": 0, "AltMode": 0, "Base": 0.0, "Clamped": -1, "Extruded": 0, "Snippet": null, "PopupInfo": "<html xmlns:fo=\"http://www.w3.org/1999/XSL/Format\" xmlns:msxsl=\"urn:schemas-microsoft-com:xslt\">\n\n<head>\n\n<META http-equiv=\"Content-Type\" content=\"text/html\">\n\n<meta http-equiv=\"content-type\" content=\"text/html; charset=UTF-8\">\n\n</head>\n\n<body style=\"mar", "Shape_Leng": 3140.8173416899999, "Shape_Area": 610569.55204900005, "OBJECTID": null, "Type": null, "Owner": null, "Access": null, "Feature_ID": null, "layer": "FishFoodFields", "path": "D:/seths_msi/Documents/CalTrout Mapping Projects/CalTrout_imagery_2023/FishFoodFields.shp", "field_id": null, "joined_Name": "056E" }, "geometry": { "type": "MultiPolygon", "coordinates": [ [ [ [ -121.914042561929364, 38.903132584412027, 0.0 ], [ -121.913872485913387, 38.903130999556382, 0.0 ], [ -121.911029127906659, 38.903081939224329, 0.0 ], [ -121.904580241500355, 38.903053044090043, 0.0 ], [ -121.9045987994363, 38.90240892686807, 0.0 ], [ -121.904573217973507, 38.901588677851436, 0.0 ], [ -121.904655369574456, 38.901589448643847, 0.0 ], [ -121.904773193352014, 38.89622445310701, 0.0 ], [ -121.905333088018708, 38.896229712148489, 0.0 ], [ -121.909025805109664, 38.896282355870795, 0.0 ], [ -121.913989269066192, 38.896324201029252, 0.0 ], [ -121.913994667469524, 38.898049878645452, 0.0 ], [ -121.914019755691029, 38.899901894351167, 0.0 ], [ -121.914041258953048, 38.903028944835157, 0.0 ], [ -121.914042561929364, 38.903132584412027, 0.0 ] ] ] ] } },
{ "type": "Feature", "properties": { "Name": "056G", "FolderPath": "FishFood2023Final.kmz/FishFood2023Final/RD108/Fields/individual fields", "SymbolID": 0, "AltMode": 0, "Base": 0.0, "Clamped": -1, "Extruded": 0, "Snippet": null, "PopupInfo": "<html xmlns:fo=\"http://www.w3.org/1999/XSL/Format\" xmlns:msxsl=\"urn:schemas-microsoft-com:xslt\">\n\n<head>\n\n<META http-equiv=\"Content-Type\" content=\"text/html\">\n\n<meta http-equiv=\"content-type\" content=\"text/html; charset=UTF-8\">\n\n</head>\n\n<body style=\"mar", "Shape_Leng": 4121.2434223199998, "Shape_Area": 725140.12916000001, "OBJECTID": null, "Type": null, "Owner": null, "Access": null, "Feature_ID": null, "layer": "FishFoodFields", "path": "D:/seths_msi/Documents/CalTrout Mapping Projects/CalTrout_imagery_2023/FishFoodFields.shp", "field_id": null, "joined_Name": "056G" }, "geometry": { "type": "MultiPolygon", "coordinates": [ [ [ [ -121.913989304392189, 38.8962746426172, 0.0 ], [ -121.908346745943405, 38.896199404557535, 0.0 ], [ -121.908121205637599, 38.896197290985263, 0.0 ], [ -121.904223334136233, 38.896129173912819, 0.0 ], [ -121.900254743167125, 38.896114324854246, 0.0 ], [ -121.895651768630231, 38.896111357085601, 0.0 ], [ -121.895565486656494, 38.896051966572621, 0.0 ], [ -121.895555332726659, 38.895777032831319, 0.0 ], [ -121.895299742586275, 38.895621421395155, 0.0 ], [ -121.895297446168286, 38.892237738539855, 0.0 ], [ -121.895299192052164, 38.892125116388037, 0.0 ], [ -121.900597581440067, 38.892112130852382, 0.0 ], [ -121.908374641072029, 38.892122141031408, 0.0 ], [ -121.911173506977619, 38.892130296896113, 0.0 ], [ -121.913959647708509, 38.892169805502348, 0.0 ], [ -121.913989304392189, 38.8962746426172, 0.0 ] ] ] ] } },
{ "type": "Feature", "properties": { "Name": "056H", "FolderPath": "FishFood2023Final.kmz/FishFood2023Final/RD108/Fields/individual fields", "SymbolID": 0, "AltMode": 0, "Base": 0.0, "Clamped": -1, "Extruded": 0, "Snippet": null, "PopupInfo": "<html xmlns:fo=\"http://www.w3.org/1999/XSL/Format\" xmlns:msxsl=\"urn:schemas-microsoft-com:xslt\">\n\n<head>\n\n<META http-equiv=\"Content-Type\" content=\"text/html\">\n\n<meta http-equiv=\"content-type\" content=\"text/html; charset=UTF-8\">\n\n</head>\n\n<body style=\"mar", "Shape_Leng": 4092.96098454, "Shape_Area": 693662.09713100002, "OBJECTID": null, "Type": null, "Owner": null, "Access": null, "Feature_ID": null, "layer": "FishFoodFields", "path": "D:/seths_msi/Documents/CalTrout Mapping Projects/CalTrout_imagery_2023/FishFoodFields.shp", "field_id": null, "joined_Name": "056H" }, "geometry": { "type": "MultiPolygon", "coordinates": [ [ [ [ -121.90836988360418, 38.892009459574311, 0.0 ], [ -121.907974306247141, 38.892005753158216, 0.0 ], [ -121.903096989050269, 38.892005016063855, 0.0 ], [ -121.895298126671449, 38.892007962051728, 0.0 ], [ -121.895305771679347, 38.890399555454962, 0.0 ], [ -121.895321394859863, 38.888462319772415, 0.0 ], [ -121.895325074984086, 38.88817850448995, 0.0 ], [ -121.895325773917591, 38.88813345524381, 0.0 ], [ -121.898514988886149, 38.888145610875924, 0.0 ], [ -121.907292086960595, 38.888138102727311, 0.0 ], [ -121.908393803080344, 38.888143918769686, 0.0 ], [ -121.913960556314976, 38.888186901798278, 0.0 ], [ -121.913959408286743, 38.892043647686165, 0.0 ], [ -121.90836988360418, 38.892009459574311, 0.0 ] ] ] ] } },
{ "type": "Feature", "properties": { "Name": "056I", "FolderPath": "FishFood2023Final.kmz/FishFood2023Final/RD108/Fields/individual fields", "SymbolID": 0, "AltMode": 0, "Base": 0.0, "Clamped": -1, "Extruded": 0, "Snippet": null, "PopupInfo": "<html xmlns:fo=\"http://www.w3.org/1999/XSL/Format\" xmlns:msxsl=\"urn:schemas-microsoft-com:xslt\">\n\n<head>\n\n<META http-equiv=\"Content-Type\" content=\"text/html\">\n\n<meta http-equiv=\"content-type\" content=\"text/html; charset=UTF-8\">\n\n</head>\n\n<body style=\"mar", "Shape_Leng": 4081.5749837799999, "Shape_Area": 684977.08587199997, "OBJECTID": null, "Type": null, "Owner": null, "Access": null, "Feature_ID": null, "layer": "FishFoodFields", "path": "D:/seths_msi/Documents/CalTrout Mapping Projects/CalTrout_imagery_2023/FishFoodFields.shp", "field_id": null, "joined_Name": "056I" }, "geometry": { "type": "MultiPolygon", "coordinates": [ [ [ [ -121.908395599302722, 38.888026790218888, 0.0 ], [ -121.907742032936582, 38.88802517373076, 0.0 ], [ -121.902823852102543, 38.888028550818213, 0.0 ], [ -121.898139837910819, 38.888033932555977, 0.0 ], [ -121.895326800145213, 38.888020826205569, 0.0 ], [ -121.895346781694201, 38.886453085540872, 0.0 ], [ -121.89538250499541, 38.884520543423875, 0.0 ], [ -121.895410101705934, 38.884088272480206, 0.0 ], [ -121.895477825789015, 38.884088914945309, 0.0 ], [ -121.89990909692429, 38.884148835269706, 0.0 ], [ -121.906859424391584, 38.884259267880289, 0.0 ], [ -121.908383342565813, 38.884264535476781, 0.0 ], [ -121.913960223821036, 38.884285082827333, 0.0 ], [ -121.91396127815743, 38.885114115707552, 0.0 ], [ -121.913960248138537, 38.888065248851362, 0.0 ], [ -121.908395599302722, 38.888026790218888, 0.0 ] ] ] ] } },
{ "type": "Feature", "properties": { "Name": "056J", "FolderPath": "FishFood2023Final.kmz/FishFood2023Final/RD108/Fields/individual fields", "SymbolID": 0, "AltMode": 0, "Base": 0.0, "Clamped": -1, "Extruded": 0, "Snippet": null, "PopupInfo": "<html xmlns:fo=\"http://www.w3.org/1999/XSL/Format\" xmlns:msxsl=\"urn:schemas-microsoft-com:xslt\">\n\n<head>\n\n<META http-equiv=\"Content-Type\" content=\"text/html\">\n\n<meta http-equiv=\"content-type\" content=\"text/html; charset=UTF-8\">\n\n</head>\n\n<body style=\"mar", "Shape_Leng": 4059.7371643500001, "Shape_Area": 688076.96715200006, "OBJECTID": null, "Type": null, "Owner": null, "Access": null, "Feature_ID": null, "layer": "FishFoodFields", "path": "D:/seths_msi/Documents/CalTrout Mapping Projects/CalTrout_imagery_2023/FishFoodFields.shp", "field_id": null, "joined_Name": "056J" }, "geometry": { "type": "MultiPolygon", "coordinates": [ [ [ [ -121.913960326430868, 38.884231017545332, 0.0 ], [ -121.910512181900316, 38.884198844881546, 0.0 ], [ -121.908384515733076, 38.884187953165487, 0.0 ], [ -121.907763408146494, 38.884186640428865, 0.0 ], [ -121.905014053538892, 38.884165355519393, 0.0 ], [ -121.899587234140199, 38.884087224266978, 0.0 ], [ -121.895464904209007, 38.884039232133816, 0.0 ], [ -121.895467084808075, 38.883201218555968, 0.0 ], [ -121.895477792818397, 38.881394595259252, 0.0 ], [ -121.895476980580199, 38.880331276122341, 0.0 ], [ -121.908374879575376, 38.880254508793406, 0.0 ], [ -121.910156901108067, 38.880244147610298, 0.0 ], [ -121.913922526747143, 38.880234231779305, 0.0 ], [ -121.913922938868225, 38.880301818677836, 0.0 ], [ -121.913958393425077, 38.882230530456766, 0.0 ], [ -121.913960326430868, 38.884231017545332, 0.0 ] ] ] ] } },
{ "type": "Feature", "properties": { "Name": "056K", "FolderPath": "FishFood2023Final.kmz/FishFood2023Final/RD108/Fields/individual fields", "SymbolID": 0, "AltMode": 0, "Base": 0.0, "Clamped": -1, "Extruded": 0, "Snippet": null, "PopupInfo": "<html xmlns:fo=\"http://www.w3.org/1999/XSL/Format\" xmlns:msxsl=\"urn:schemas-microsoft-com:xslt\">\n\n<head>\n\n<META http-equiv=\"Content-Type\" content=\"text/html\">\n\n<meta http-equiv=\"content-type\" content=\"text/html; charset=UTF-8\">\n\n</head>\n\n<body style=\"mar", "Shape_Leng": 4028.7628696900001, "Shape_Area": 661723.021267, "OBJECTID": null, "Type": null, "Owner": null, "Access": null, "Feature_ID": null, "layer": "FishFoodFields", "path": "D:/seths_msi/Documents/CalTrout Mapping Projects/CalTrout_imagery_2023/FishFoodFields.shp", "field_id": null, "joined_Name": "056K" }, "geometry": { "type": "MultiPolygon", "coordinates": [ [ [ [ -121.913921327926317, 38.880171142259378, 0.0 ], [ -121.908354953251077, 38.880191244159249, 0.0 ], [ -121.904670739867115, 38.880201745914391, 0.0 ], [ -121.900854552734927, 38.88021989763449, 0.0 ], [ -121.89547637552532, 38.880277205099688, 0.0 ], [ -121.895476320624013, 38.879583347907754, 0.0 ], [ -121.895497993086252, 38.877812871086704, 0.0 ], [ -121.895492163246431, 38.876515216546593, 0.0 ], [ -121.899199164930749, 38.87650972394075, 0.0 ], [ -121.901610638962097, 38.876509937830889, 0.0 ], [ -121.904152198065617, 38.876484291913208, 0.0 ], [ -121.906623161434169, 38.876457927838274, 0.0 ], [ -121.908376993491132, 38.876447328480651, 0.0 ], [ -121.909445532393065, 38.876443811426512, 0.0 ], [ -121.91180442147801, 38.876443322692488, 0.0 ], [ -121.913889700457588, 38.876431228663925, 0.0 ], [ -121.913899528637415, 38.878386735109096, 0.0 ], [ -121.913921327926317, 38.880171142259378, 0.0 ] ] ] ] } },
{ "type": "Feature", "properties": { "Name": "056L", "FolderPath": "FishFood2023Final.kmz/FishFood2023Final/RD108/Fields/individual fields", "SymbolID": 0, "AltMode": 0, "Base": 0.0, "Clamped": -1, "Extruded": 0, "Snippet": null, "PopupInfo": "<html xmlns:fo=\"http://www.w3.org/1999/XSL/Format\" xmlns:msxsl=\"urn:schemas-microsoft-com:xslt\">\n\n<head>\n\n<META http-equiv=\"Content-Type\" content=\"text/html\">\n\n<meta http-equiv=\"content-type\" content=\"text/html; charset=UTF-8\">\n\n</head>\n\n<body style=\"mar", "Shape_Leng": 3949.4438695, "Shape_Area": 675958.58309199999, "OBJECTID": null, "Type": null, "Owner": null, "Access": null, "Feature_ID": null, "layer": "FishFoodFields", "path": "D:/seths_msi/Documents/CalTrout Mapping Projects/CalTrout_imagery_2023/FishFoodFields.shp", "field_id": null, "joined_Name": "056L" }, "geometry": { "type": "MultiPolygon", "coordinates": [ [ [ [ -121.895522773338087, 38.875051199365899, 0.0 ], [ -121.89554613113711, 38.873636677490403, 0.0 ], [ -121.895541873668321, 38.87260937008088, 0.0 ], [ -121.895543269332379, 38.872519271329892, 0.0 ], [ -121.898132602277457, 38.872516734676701, 0.0 ], [ -121.901113801833276, 38.872517835218858, 0.0 ], [ -121.904052644218766, 38.872509449995853, 0.0 ], [ -121.906975639853911, 38.872500842453292, 0.0 ], [ -121.909897913851239, 38.872492154979646, 0.0 ], [ -121.91212484964646, 38.872490425410234, 0.0 ], [ -121.913011710972441, 38.873625086726747, 0.0 ], [ -121.913807870345238, 38.874614721009948, 0.0 ], [ -121.913876780633927, 38.875056909161643, 0.0 ], [ -121.913884633813211, 38.875345338902058, 0.0 ], [ -121.913889528676236, 38.876395182261149, 0.0 ], [ -121.91254940638008, 38.876396207501358, 0.0 ], [ -121.90778394779268, 38.876405729943933, 0.0 ], [ -121.903334839042415, 38.876458584225944, 0.0 ], [ -121.899518921158844, 38.876472192950516, 0.0 ], [ -121.895492001914789, 38.876479170263529, 0.0 ], [ -121.895490198417249, 38.87603760851777, 0.0 ], [ -121.895522773338087, 38.875051199365899, 0.0 ] ] ] ] } },
{ "type": "Feature", "properties": { "Name": "056M", "FolderPath": "FishFood2023Final.kmz/FishFood2023Final/RD108/Fields/individual fields", "SymbolID": 0, "AltMode": 0, "Base": 0.0, "Clamped": -1, "Extruded": 0, "Snippet": null, "PopupInfo": "<html xmlns:fo=\"http://www.w3.org/1999/XSL/Format\" xmlns:msxsl=\"urn:schemas-microsoft-com:xslt\">\n\n<head>\n\n<META http-equiv=\"Content-Type\" content=\"text/html\">\n\n<meta http-equiv=\"content-type\" content=\"text/html; charset=UTF-8\">\n\n</head>\n\n<body style=\"mar", "Shape_Leng": 3552.2427613700002, "Shape_Area": 572665.83088699996, "OBJECTID": null, "Type": null, "Owner": null, "Access": null, "Feature_ID": null, "layer": "FishFoodFields", "path": "D:/seths_msi/Documents/CalTrout Mapping Projects/CalTrout_imagery_2023/FishFoodFields.shp", "field_id": null, "joined_Name": "056M" }, "geometry": { "type": "MultiPolygon", "coordinates": [ [ [ [ -121.912076759454038, 38.872431403642778, 0.0 ], [ -121.909367777343817, 38.872437635976674, 0.0 ], [ -121.907490350737262, 38.872433576752556, 0.0 ], [ -121.905387386369895, 38.872431875380776, 0.0 ], [ -121.903184228074437, 38.872433701570252, 0.0 ], [ -121.900846738112733, 38.872456746211583, 0.0 ], [ -121.898460030229259, 38.872447738772415, 0.0 ], [ -121.895545176152595, 38.87244269510628, 0.0 ], [ -121.895561387302223, 38.87158228642592, 0.0 ], [ -121.895565052688511, 38.87055505360135, 0.0 ], [ -121.895560143465076, 38.869523233904538, 0.0 ], [ -121.895574242126926, 38.868473572302861, 0.0 ], [ -121.899064806512072, 38.86846152450466, 0.0 ], [ -121.902263302512296, 38.868469148846287, 0.0 ], [ -121.905444929403728, 38.868449495619906, 0.0 ], [ -121.907526818376965, 38.868455502896069, 0.0 ], [ -121.908924416603938, 38.868455069784915, 0.0 ], [ -121.909320858545229, 38.868958898046067, 0.0 ], [ -121.91026052397693, 38.87012110908563, 0.0 ], [ -121.911166362439658, 38.871282997084876, 0.0 ], [ -121.912076759454038, 38.872431403642778, 0.0 ] ] ] ] } },
{ "type": "Feature", "properties": { "Name": "056N", "FolderPath": "FishFood2023Final.kmz/FishFood2023Final/RD108/Fields/individual fields", "SymbolID": 0, "AltMode": 0, "Base": 0.0, "Clamped": -1, "Extruded": 0, "Snippet": null, "PopupInfo": "<html xmlns:fo=\"http://www.w3.org/1999/XSL/Format\" xmlns:msxsl=\"urn:schemas-microsoft-com:xslt\">\n\n<head>\n\n<META http-equiv=\"Content-Type\" content=\"text/html\">\n\n<meta http-equiv=\"content-type\" content=\"text/html; charset=UTF-8\">\n\n</head>\n\n<body style=\"mar", "Shape_Leng": 3026.8839029599999, "Shape_Area": 456704.75585399999, "OBJECTID": null, "Type": null, "Owner": null, "Access": null, "Feature_ID": null, "layer": "FishFoodFields", "path": "D:/seths_msi/Documents/CalTrout Mapping Projects/CalTrout_imagery_2023/FishFoodFields.shp", "field_id": null, "joined_Name": "056N" }, "geometry": { "type": "MultiPolygon", "coordinates": [ [ [ [ -121.90888981220472, 38.868409691311001, 0.0 ], [ -121.907894351056896, 38.868400372340275, 0.0 ], [ -121.905458209914201, 38.868382036942023, 0.0 ], [ -121.903321886513083, 38.868402514306659, 0.0 ], [ -121.901034576987627, 38.868403508440593, 0.0 ], [ -121.897631960767967, 38.868411942523501, 0.0 ], [ -121.895575010139879, 38.868424017058182, 0.0 ], [ -121.895574900107462, 38.868059065956672, 0.0 ], [ -121.895584951266116, 38.867131016161672, 0.0 ], [ -121.895578367845019, 38.866207313603176, 0.0 ], [ -121.895561660945575, 38.864774385604505, 0.0 ], [ -121.895560344661391, 38.864301288386265, 0.0 ], [ -121.898803168149939, 38.864318438806457, 0.0 ], [ -121.904880302891101, 38.864357643256881, 0.0 ], [ -121.905477452556013, 38.86421907119621, 0.0 ], [ -121.90736184556377, 38.866575133770617, 0.0 ], [ -121.90888981220472, 38.868409691311001, 0.0 ] ] ] ] } },
{ "type": "Feature", "properties": { "Name": "056P", "FolderPath": "FishFood2023Final.kmz/FishFood2023Final/RD108/Fields/individual fields", "SymbolID": 0, "AltMode": 0, "Base": 0.0, "Clamped": -1, "Extruded": 0, "Snippet": null, "PopupInfo": "<html xmlns:fo=\"http://www.w3.org/1999/XSL/Format\" xmlns:msxsl=\"urn:schemas-microsoft-com:xslt\">\n\n<head>\n\n<META http-equiv=\"Content-Type\" content=\"text/html\">\n\n<meta http-equiv=\"content-type\" content=\"text/html; charset=UTF-8\">\n\n</head>\n\n<body style=\"mar", "Shape_Leng": 2435.2254700100002, "Shape_Area": 337245.971663, "OBJECTID": null, "Type": null, "Owner": null, "Access": null, "Feature_ID": null, "layer": "FishFoodFields", "path": "D:/seths_msi/Documents/CalTrout Mapping Projects/CalTrout_imagery_2023/FishFoodFields.shp", "field_id": null, "joined_Name": "056P" }, "geometry": { "type": "MultiPolygon", "coordinates": [ [ [ [ -121.905386849094242, 38.864114592112486, 0.0 ], [ -121.904832402326406, 38.864240049176637, 0.0 ], [ -121.898645660063906, 38.864208818026128, 0.0 ], [ -121.895560509601097, 38.864197661960475, 0.0 ], [ -121.895541166844211, 38.863260321470165, 0.0 ], [ -121.89553007915498, 38.862115803768191, 0.0 ], [ -121.895543269190142, 38.860985030473792, 0.0 ], [ -121.89555039123465, 38.859966839752985, 0.0 ], [ -121.896708130803376, 38.859955269463775, 0.0 ], [ -121.898520197886583, 38.8599723989919, 0.0 ], [ -121.900249303947362, 38.859997726793175, 0.0 ], [ -121.902209947869551, 38.860002682193631, 0.0 ], [ -121.903770125676033, 38.862067394347335, 0.0 ], [ -121.905386849094242, 38.864114592112486, 0.0 ] ] ] ] } },
{ "type": "Feature", "properties": { "Name": "056Q", "FolderPath": "FishFood2023Final.kmz/FishFood2023Final/RD108/Fields/individual fields", "SymbolID": 0, "AltMode": 0, "Base": 0.0, "Clamped": -1, "Extruded": 0, "Snippet": null, "PopupInfo": "<html xmlns:fo=\"http://www.w3.org/1999/XSL/Format\" xmlns:msxsl=\"urn:schemas-microsoft-com:xslt\">\n\n<head>\n\n<META http-equiv=\"Content-Type\" content=\"text/html\">\n\n<meta http-equiv=\"content-type\" content=\"text/html; charset=UTF-8\">\n\n</head>\n\n<body style=\"mar", "Shape_Leng": 2491.2525272600001, "Shape_Area": 275700.34758499998, "OBJECTID": null, "Type": null, "Owner": null, "Access": null, "Feature_ID": null, "layer": "FishFoodFields", "path": "D:/seths_msi/Documents/CalTrout Mapping Projects/CalTrout_imagery_2023/FishFoodFields.shp", "field_id": null, "joined_Name": "056Q" }, "geometry": { "type": "MultiPolygon", "coordinates": [ [ [ [ -121.902159131759603, 38.859934621263179, 0.0 ], [ -121.900887738481998, 38.859936162090563, 0.0 ], [ -121.897798724261961, 38.859907010023548, 0.0 ], [ -121.895475096232786, 38.8598985435382, 0.0 ], [ -121.895423368705593, 38.857564169254239, 0.0 ], [ -121.895415550639541, 38.856766607921827, 0.0 ], [ -121.895420045338227, 38.855964660034267, 0.0 ], [ -121.895435412083543, 38.85515830835557, 0.0 ], [ -121.895450849088334, 38.854347452520066, 0.0 ], [ -121.895454693305055, 38.853540989840468, 0.0 ], [ -121.895480860747782, 38.852734741778278, 0.0 ], [ -121.895543986021394, 38.852239724985886, 0.0 ], [ -121.895759701172054, 38.85216967855883, 0.0 ], [ -121.896041902037993, 38.852131799497194, 0.0 ], [ -121.89725417103854, 38.853616590286371, 0.0 ], [ -121.898106417032309, 38.854724003642374, 0.0 ], [ -121.900050082417096, 38.85717536065409, 0.0 ], [ -121.901926827643393, 38.859630560500733, 0.0 ], [ -121.902159131759603, 38.859934621263179, 0.0 ] ] ] ] } },
{ "type": "Feature", "properties": { "Name": "061", "FolderPath": "FishFood2023Final.kmz/FishFood2023Final/RD108/Fields/individual fields", "SymbolID": 0, "AltMode": 0, "Base": 0.0, "Clamped": -1, "Extruded": 0, "Snippet": null, "PopupInfo": "<html xmlns:fo=\"http://www.w3.org/1999/XSL/Format\" xmlns:msxsl=\"urn:schemas-microsoft-com:xslt\">\n\n<head>\n\n<META http-equiv=\"Content-Type\" content=\"text/html\">\n\n<meta http-equiv=\"content-type\" content=\"text/html; charset=UTF-8\">\n\n</head>\n\n<body style=\"mar", "Shape_Leng": 2883.3073196800001, "Shape_Area": 308426.18627300003, "OBJECTID": null, "Type": null, "Owner": null, "Access": null, "Feature_ID": null, "layer": "FishFoodFields", "path": "D:/seths_msi/Documents/CalTrout Mapping Projects/CalTrout_imagery_2023/FishFoodFields.shp", "field_id": null, "joined_Name": "061" }, "geometry": { "type": "MultiPolygon", "coordinates": [ [ [ [ -121.904042646230522, 38.917983839252756, 0.0 ], [ -121.899757620984914, 38.917934446981519, 0.0 ], [ -121.890428901395751, 38.917855001478898, 0.0 ], [ -121.89043297415887, 38.917593720283072, 0.0 ], [ -121.89043414317922, 38.915530200598987, 0.0 ], [ -121.89411700093693, 38.9155381787754, 0.0 ], [ -121.899053871986368, 38.915566904343876, 0.0 ], [ -121.904070412003747, 38.915618697794685, 0.0 ], [ -121.904066236189863, 38.915983606904071, 0.0 ], [ -121.904042646230522, 38.917983839252756, 0.0 ] ] ] ] } },
{ "type": "Feature", "properties": { "Name": "068B", "FolderPath": "FishFood2023Final.kmz/FishFood2023Final/RD108/Fields/individual fields", "SymbolID": 0, "AltMode": 0, "Base": 0.0, "Clamped": -1, "Extruded": 0, "Snippet": null, "PopupInfo": "<html xmlns:fo=\"http://www.w3.org/1999/XSL/Format\" xmlns:msxsl=\"urn:schemas-microsoft-com:xslt\">\n\n<head>\n\n<META http-equiv=\"Content-Type\" content=\"text/html\">\n\n<meta http-equiv=\"content-type\" content=\"text/html; charset=UTF-8\">\n\n</head>\n\n<body style=\"mar", "Shape_Leng": 3656.9717988799998, "Shape_Area": 634194.29046499997, "OBJECTID": null, "Type": null, "Owner": null, "Access": null, "Feature_ID": null, "layer": "FishFoodFields", "path": "D:/seths_msi/Documents/CalTrout Mapping Projects/CalTrout_imagery_2023/FishFoodFields.shp", "field_id": null, "joined_Name": "068B" }, "geometry": { "type": "MultiPolygon", "coordinates": [ [ [ [ -121.876162847710532, 38.928635129390251, 0.0 ], [ -121.877025510340729, 38.927472017019234, 0.0 ], [ -121.877366765101812, 38.927092337743645, 0.0 ], [ -121.879187574077818, 38.927073823794878, 0.0 ], [ -121.881511488738326, 38.927064617088966, 0.0 ], [ -121.881613927304855, 38.927061094891748, 0.0 ], [ -121.882147033973766, 38.928832370757945, 0.0 ], [ -121.881808365377594, 38.929369782147333, 0.0 ], [ -121.879949699167824, 38.932613911338301, 0.0 ], [ -121.878785469568854, 38.934472496616557, 0.0 ], [ -121.877269460478132, 38.937188227790415, 0.0 ], [ -121.876162599082733, 38.939286127588339, 0.0 ], [ -121.876067615281613, 38.939501476235591, 0.0 ], [ -121.875734801842142, 38.939525295956869, 0.0 ], [ -121.87345626343685, 38.939512294868145, 0.0 ], [ -121.873389479495017, 38.939403516361651, 0.0 ], [ -121.87336019941381, 38.938065101546769, 0.0 ], [ -121.873359917103713, 38.935943010906016, 0.0 ], [ -121.873358464449197, 38.934577831578729, 0.0 ], [ -121.873352256614766, 38.933239639314706, 0.0 ], [ -121.873336819780505, 38.93148234547094, 0.0 ], [ -121.873307853583952, 38.930716129231413, 0.0 ], [ -121.873489037512385, 38.930794475038539, 0.0 ], [ -121.874383194566008, 38.9307896009893, 0.0 ], [ -121.874630749106359, 38.930728915801446, 0.0 ], [ -121.8752922369912, 38.929843213911127, 0.0 ], [ -121.876162847710532, 38.928635129390251, 0.0 ] ] ] ] } },
{ "type": "Feature", "properties": { "Name": "069A3", "FolderPath": "FishFood2023Final.kmz/FishFood2023Final/RD108/Fields/individual fields", "SymbolID": 0, "AltMode": 0, "Base": 0.0, "Clamped": -1, "Extruded": 0, "Snippet": null, "PopupInfo": "<html xmlns:fo=\"http://www.w3.org/1999/XSL/Format\" xmlns:msxsl=\"urn:schemas-microsoft-com:xslt\">\n\n<head>\n\n<META http-equiv=\"Content-Type\" content=\"text/html\">\n\n<meta http-equiv=\"content-type\" content=\"text/html; charset=UTF-8\">\n\n</head>\n\n<body style=\"mar", "Shape_Leng": 2366.2931170100001, "Shape_Area": 301346.562538, "OBJECTID": null, "Type": null, "Owner": null, "Access": null, "Feature_ID": null, "layer": "FishFoodFields", "path": "D:/seths_msi/Documents/CalTrout Mapping Projects/CalTrout_imagery_2023/FishFoodFields.shp", "field_id": null, "joined_Name": "069A3" }, "geometry": { "type": "MultiPolygon", "coordinates": [ [ [ [ -121.888888440616753, 38.925697944206313, 0.0 ], [ -121.889085062997978, 38.925803445275328, 0.0 ], [ -121.890025056406671, 38.927524500589954, 0.0 ], [ -121.891478252945618, 38.930138015396039, 0.0 ], [ -121.893041598240217, 38.932815639344611, 0.0 ], [ -121.893064898572774, 38.932847400084633, 0.0 ], [ -121.891386250266947, 38.932849459766985, 0.0 ], [ -121.888748318051668, 38.932869381467242, 0.0 ], [ -121.887433819045427, 38.932870351430353, 0.0 ], [ -121.885781086563256, 38.931493893616199, 0.0 ], [ -121.884744697780548, 38.930681996814684, 0.0 ], [ -121.884755750094286, 38.930528915491401, 0.0 ], [ -121.885190461989112, 38.930303294150562, 0.0 ], [ -121.885474564923143, 38.929841945386706, 0.0 ], [ -121.886748984625882, 38.928389839636033, 0.0 ], [ -121.888755376153497, 38.925908433201933, 0.0 ], [ -121.888888440616753, 38.925697944206313, 0.0 ] ] ] ] } },
{ "type": "Feature", "properties": { "Name": "069B", "FolderPath": "FishFood2023Final.kmz/FishFood2023Final/RD108/Fields/individual fields", "SymbolID": 0, "AltMode": 0, "Base": 0.0, "Clamped": -1, "Extruded": 0, "Snippet": null, "PopupInfo": "<html xmlns:fo=\"http://www.w3.org/1999/XSL/Format\" xmlns:msxsl=\"urn:schemas-microsoft-com:xslt\">\n\n<head>\n\n<META http-equiv=\"Content-Type\" content=\"text/html\">\n\n<meta http-equiv=\"content-type\" content=\"text/html; charset=UTF-8\">\n\n</head>\n\n<body style=\"mar", "Shape_Leng": 4120.5439290800005, "Shape_Area": 677796.14725599997, "OBJECTID": null, "Type": null, "Owner": null, "Access": null, "Feature_ID": null, "layer": "FishFoodFields", "path": "D:/seths_msi/Documents/CalTrout Mapping Projects/CalTrout_imagery_2023/FishFoodFields.shp", "field_id": null, "joined_Name": "069B" }, "geometry": { "type": "MultiPolygon", "coordinates": [ [ [ [ -121.893456253534481, 38.932905182955146, 0.0 ], [ -121.891277828536133, 38.929257535121067, 0.0 ], [ -121.891343355403905, 38.929077938069156, 0.0 ], [ -121.893789686747226, 38.929083169200752, 0.0 ], [ -121.899870577865556, 38.929001077576018, 0.0 ], [ -121.904174301304423, 38.928956033212415, 0.0 ], [ -121.905073489846927, 38.928950971085989, 0.0 ], [ -121.906742165035126, 38.928935103035428, 0.0 ], [ -121.910864010743722, 38.928901621319255, 0.0 ], [ -121.9118785428835, 38.92889758565326, 0.0 ], [ -121.91186889436959, 38.928915517049539, 0.0 ], [ -121.91154970276564, 38.929466715044377, 0.0 ], [ -121.910687958548408, 38.930981528103366, 0.0 ], [ -121.910204519242924, 38.931851078390736, 0.0 ], [ -121.909732048188715, 38.932705755174979, 0.0 ], [ -121.904989082552092, 38.932748331528018, 0.0 ], [ -121.90494726552356, 38.932747938312289, 0.0 ], [ -121.899742150344082, 38.932829554946601, 0.0 ], [ -121.897711187101351, 38.932859916568901, 0.0 ], [ -121.893456253534481, 38.932905182955146, 0.0 ] ] ] ] } },
{ "type": "Feature", "properties": { "Name": "069C", "FolderPath": "FishFood2023Final.kmz/FishFood2023Final/RD108/Fields/individual fields", "SymbolID": 0, "AltMode": 0, "Base": 0.0, "Clamped": -1, "Extruded": 0, "Snippet": null, "PopupInfo": "<html xmlns:fo=\"http://www.w3.org/1999/XSL/Format\" xmlns:msxsl=\"urn:schemas-microsoft-com:xslt\">\n\n<head>\n\n<META http-equiv=\"Content-Type\" content=\"text/html\">\n\n<meta http-equiv=\"content-type\" content=\"text/html; charset=UTF-8\">\n\n</head>\n\n<body style=\"mar", "Shape_Leng": 4761.7287334000002, "Shape_Area": 753788.42462900002, "OBJECTID": null, "Type": null, "Owner": null, "Access": null, "Feature_ID": null, "layer": "FishFoodFields", "path": "D:/seths_msi/Documents/CalTrout Mapping Projects/CalTrout_imagery_2023/FishFoodFields.shp", "field_id": null, "joined_Name": "069C" }, "geometry": { "type": "MultiPolygon", "coordinates": [ [ [ [ -121.891190957944573, 38.928909784064906, 0.0 ], [ -121.890748093119754, 38.928180180187354, 0.0 ], [ -121.889750034662967, 38.926436050691414, 0.0 ], [ -121.889125749415456, 38.925506470307475, 0.0 ], [ -121.889173133683101, 38.925380766581533, 0.0 ], [ -121.88944010172068, 38.925275179843759, 0.0 ], [ -121.894833461808503, 38.925339979331, 0.0 ], [ -121.902258004737064, 38.925347091756798, 0.0 ], [ -121.903345777888788, 38.925351015070056, 0.0 ], [ -121.912337484885839, 38.925383054107726, 0.0 ], [ -121.912414620191342, 38.925383773732875, 0.0 ], [ -121.913581138279156, 38.925385644584573, 0.0 ], [ -121.913590910263139, 38.925737167714395, 0.0 ], [ -121.91330010434163, 38.926225559034847, 0.0 ], [ -121.912436920975935, 38.927839494267722, 0.0 ], [ -121.91193498400709, 38.928789979235596, 0.0 ], [ -121.911923827149266, 38.92881240213741, 0.0 ], [ -121.911702581564938, 38.928711214474404, 0.0 ], [ -121.909889934295506, 38.92871229051002, 0.0 ], [ -121.903293178221276, 38.928763514610644, 0.0 ], [ -121.902271505154445, 38.928771416625437, 0.0 ], [ -121.895470373139986, 38.928851313144584, 0.0 ], [ -121.89213779188151, 38.928900768666978, 0.0 ], [ -121.891190957944573, 38.928909784064906, 0.0 ] ] ] ] } },
{ "type": "Feature", "properties": { "Name": "072A", "FolderPath": "FishFood2023Final.kmz/FishFood2023Final/RD108/Fields/individual fields", "SymbolID": 0, "AltMode": 0, "Base": 0.0, "Clamped": -1, "Extruded": 0, "Snippet": null, "PopupInfo": "<html xmlns:fo=\"http://www.w3.org/1999/XSL/Format\" xmlns:msxsl=\"urn:schemas-microsoft-com:xslt\">\n\n<head>\n\n<META http-equiv=\"Content-Type\" content=\"text/html\">\n\n<meta http-equiv=\"content-type\" content=\"text/html; charset=UTF-8\">\n\n</head>\n\n<body style=\"mar", "Shape_Leng": 3898.7628225600001, "Shape_Area": 598145.19927300001, "OBJECTID": null, "Type": null, "Owner": null, "Access": null, "Feature_ID": null, "layer": "FishFoodFields", "path": "D:/seths_msi/Documents/CalTrout Mapping Projects/CalTrout_imagery_2023/FishFoodFields.shp", "field_id": null, "joined_Name": "072A" }, "geometry": { "type": "MultiPolygon", "coordinates": [ [ [ [ -121.880976563804154, 38.95401136778176, 0.0 ], [ -121.881006273828675, 38.952123854207827, 0.0 ], [ -121.881055230849014, 38.941175975192962, 0.0 ], [ -121.881092662926164, 38.939896774477219, 0.0 ], [ -121.883258739004148, 38.939908548688543, 0.0 ], [ -121.885515439339912, 38.939889612882887, 0.0 ], [ -121.88546748835472, 38.941384980147134, 0.0 ], [ -121.885442616085413, 38.94334012816163, 0.0 ], [ -121.885469356068441, 38.945038957136845, 0.0 ], [ -121.885426051333241, 38.946651510575336, 0.0 ], [ -121.885418729000989, 38.948268912744737, 0.0 ], [ -121.885436713322235, 38.949882051532299, 0.0 ], [ -121.88541581290032, 38.951445257635335, 0.0 ], [ -121.885407169368975, 38.953008580389138, 0.0 ], [ -121.885404753855212, 38.953990755618833, 0.0 ], [ -121.880976563804154, 38.95401136778176, 0.0 ] ] ] ] } },
{ "type": "Feature", "properties": { "Name": "072B", "FolderPath": "FishFood2023Final.kmz/FishFood2023Final/RD108/Fields/individual fields", "SymbolID": 0, "AltMode": 0, "Base": 0.0, "Clamped": -1, "Extruded": 0, "Snippet": null, "PopupInfo": "<html xmlns:fo=\"http://www.w3.org/1999/XSL/Format\" xmlns:msxsl=\"urn:schemas-microsoft-com:xslt\">\n\n<head>\n\n<META http-equiv=\"Content-Type\" content=\"text/html\">\n\n<meta http-equiv=\"content-type\" content=\"text/html; charset=UTF-8\">\n\n</head>\n\n<body style=\"mar", "Shape_Leng": 3908.47984954, "Shape_Area": 617719.24791699997, "OBJECTID": null, "Type": null, "Owner": null, "Access": null, "Feature_ID": null, "layer": "FishFoodFields", "path": "D:/seths_msi/Documents/CalTrout Mapping Projects/CalTrout_imagery_2023/FishFoodFields.shp", "field_id": null, "joined_Name": "072B" }, "geometry": { "type": "MultiPolygon", "coordinates": [ [ [ [ -121.880853246706081, 38.954010182550334, 0.0 ], [ -121.876338723655394, 38.953971218807872, 0.0 ], [ -121.876337773797047, 38.952479894139266, 0.0 ], [ -121.876335903420213, 38.950727241128192, 0.0 ], [ -121.87635768448358, 38.948983828200241, 0.0 ], [ -121.87637960799978, 38.947231405060577, 0.0 ], [ -121.876389269795695, 38.945478862453491, 0.0 ], [ -121.87638811637359, 38.94372621431264, 0.0 ], [ -121.876421712229899, 38.941964891824568, 0.0 ], [ -121.876522220963295, 38.93989333239351, 0.0 ], [ -121.880238187911672, 38.939893068083258, 0.0 ], [ -121.880998930188582, 38.939895874039713, 0.0 ], [ -121.880957253837721, 38.942544705034805, 0.0 ], [ -121.880955361646429, 38.943810731982758, 0.0 ], [ -121.880961659852332, 38.945243538527244, 0.0 ], [ -121.880954875616993, 38.946820396495895, 0.0 ], [ -121.880910403981275, 38.948500517305739, 0.0 ], [ -121.880912671662287, 38.950235154940664, 0.0 ], [ -121.880925908971506, 38.952005938834006, 0.0 ], [ -121.880853246706081, 38.954010182550334, 0.0 ] ] ] ] } },
{ "type": "Feature", "properties": { "Name": "076A1", "FolderPath": "FishFood2023Final.kmz/FishFood2023Final/RD108/Fields/individual fields", "SymbolID": 0, "AltMode": 0, "Base": 0.0, "Clamped": -1, "Extruded": 0, "Snippet": null, "PopupInfo": "<html xmlns:fo=\"http://www.w3.org/1999/XSL/Format\" xmlns:msxsl=\"urn:schemas-microsoft-com:xslt\">\n\n<head>\n\n<META http-equiv=\"Content-Type\" content=\"text/html\">\n\n<meta http-equiv=\"content-type\" content=\"text/html; charset=UTF-8\">\n\n</head>\n\n<body style=\"mar", "Shape_Leng": 2724.0146681199999, "Shape_Area": 441827.76855600002, "OBJECTID": null, "Type": null, "Owner": null, "Access": null, "Feature_ID": null, "layer": "FishFoodFields", "path": "D:/seths_msi/Documents/CalTrout Mapping Projects/CalTrout_imagery_2023/FishFoodFields.shp", "field_id": null, "joined_Name": "076A1" }, "geometry": { "type": "MultiPolygon", "coordinates": [ [ [ [ -121.860221556461283, 38.968574521320917, 0.0 ], [ -121.860238834172861, 38.967092392742103, 0.0 ], [ -121.860259224012992, 38.96523634079545, 0.0 ], [ -121.860268734360147, 38.962844030704559, 0.0 ], [ -121.860274974988542, 38.96128519997059, 0.0 ], [ -121.860958194504505, 38.961278367766504, 0.0 ], [ -121.863794855024594, 38.961301572896879, 0.0 ], [ -121.864616319422353, 38.961303067699895, 0.0 ], [ -121.866634691152242, 38.961306718713288, 0.0 ], [ -121.866624310500313, 38.963631440690307, 0.0 ], [ -121.866595262357308, 38.966221804244093, 0.0 ], [ -121.866577311277936, 38.967528214753379, 0.0 ], [ -121.866587325760932, 38.968528525993278, 0.0 ], [ -121.864716303200012, 38.96851622433968, 0.0 ], [ -121.863742370334492, 38.968509809332396, 0.0 ], [ -121.861527832241407, 38.968497189202623, 0.0 ], [ -121.861519680516551, 38.968600735613059, 0.0 ], [ -121.860221556461283, 38.968574521320917, 0.0 ] ] ] ] } },
{ "type": "Feature", "properties": { "Name": "076A1", "FolderPath": "FishFood2023Final.kmz/FishFood2023Final/RD108/Fields/individual fields", "SymbolID": 0, "AltMode": 0, "Base": 0.0, "Clamped": -1, "Extruded": 0, "Snippet": null, "PopupInfo": "<html xmlns:fo=\"http://www.w3.org/1999/XSL/Format\" xmlns:msxsl=\"urn:schemas-microsoft-com:xslt\">\n\n<head>\n\n<META http-equiv=\"Content-Type\" content=\"text/html\">\n\n<meta http-equiv=\"content-type\" content=\"text/html; charset=UTF-8\">\n\n</head>\n\n<body style=\"mar", "Shape_Leng": 2724.0146681199999, "Shape_Area": 441827.76855600002, "OBJECTID": null, "Type": null, "Owner": null, "Access": null, "Feature_ID": null, "layer": "FishFoodFields", "path": "D:/seths_msi/Documents/CalTrout Mapping Projects/CalTrout_imagery_2023/FishFoodFields.shp", "field_id": null, "joined_Name": "076A1" }, "geometry": { "type": "MultiPolygon", "coordinates": [ [ [ [ -121.860221556461283, 38.968574521320917, 0.0 ], [ -121.860238834172861, 38.967092392742103, 0.0 ], [ -121.860259224012992, 38.96523634079545, 0.0 ], [ -121.860268734360147, 38.962844030704559, 0.0 ], [ -121.860274974988542, 38.96128519997059, 0.0 ], [ -121.860958194504505, 38.961278367766504, 0.0 ], [ -121.863794855024594, 38.961301572896879, 0.0 ], [ -121.864616319422353, 38.961303067699895, 0.0 ], [ -121.866634691152242, 38.961306718713288, 0.0 ], [ -121.866624310500313, 38.963631440690307, 0.0 ], [ -121.866595262357308, 38.966221804244093, 0.0 ], [ -121.866577311277936, 38.967528214753379, 0.0 ], [ -121.866587325760932, 38.968528525993278, 0.0 ], [ -121.864716303200012, 38.96851622433968, 0.0 ], [ -121.863742370334492, 38.968509809332396, 0.0 ], [ -121.861527832241407, 38.968497189202623, 0.0 ], [ -121.861519680516551, 38.968600735613059, 0.0 ], [ -121.860221556461283, 38.968574521320917, 0.0 ] ] ] ] } },
{ "type": "Feature", "properties": { "Name": "076B", "FolderPath": "FishFood2023Final.kmz/FishFood2023Final/RD108/Fields/individual fields", "SymbolID": 0, "AltMode": 0, "Base": 0.0, "Clamped": -1, "Extruded": 0, "Snippet": null, "PopupInfo": "<html xmlns:fo=\"http://www.w3.org/1999/XSL/Format\" xmlns:msxsl=\"urn:schemas-microsoft-com:xslt\">\n\n<head>\n\n<META http-equiv=\"Content-Type\" content=\"text/html\">\n\n<meta http-equiv=\"content-type\" content=\"text/html; charset=UTF-8\">\n\n</head>\n\n<body style=\"mar", "Shape_Leng": 2602.2633358200001, "Shape_Area": 414549.36592499999, "OBJECTID": null, "Type": null, "Owner": null, "Access": null, "Feature_ID": null, "layer": "FishFoodFields", "path": "D:/seths_msi/Documents/CalTrout Mapping Projects/CalTrout_imagery_2023/FishFoodFields.shp", "field_id": null, "joined_Name": "076B" }, "geometry": { "type": "MultiPolygon", "coordinates": [ [ [ [ -121.866648870868829, 38.954309853233006, 0.0 ], [ -121.866635946202294, 38.955120712652082, 0.0 ], [ -121.866631111616641, 38.957278788250143, 0.0 ], [ -121.866648473009661, 38.959175763688087, 0.0 ], [ -121.866635617259334, 38.961112992058872, 0.0 ], [ -121.866435909819074, 38.96110654315774, 0.0 ], [ -121.862080642045626, 38.961095606311595, 0.0 ], [ -121.860365276496282, 38.961096852749264, 0.0 ], [ -121.860327226979294, 38.959780883551353, 0.0 ], [ -121.860303198297416, 38.95718549791038, 0.0 ], [ -121.860321699936478, 38.955446566285218, 0.0 ], [ -121.860358792557051, 38.954302539652069, 0.0 ], [ -121.860402423919538, 38.954235384651518, 0.0 ], [ -121.862125193259928, 38.95425673391788, 0.0 ], [ -121.866648870868829, 38.954309853233006, 0.0 ] ] ] ] } },
{ "type": "Feature", "properties": { "Name": "076CW", "FolderPath": "FishFood2023Final.kmz/FishFood2023Final/RD108/Fields/individual fields", "SymbolID": 0, "AltMode": 0, "Base": 0.0, "Clamped": -1, "Extruded": 0, "Snippet": null, "PopupInfo": "<html xmlns:fo=\"http://www.w3.org/1999/XSL/Format\" xmlns:msxsl=\"urn:schemas-microsoft-com:xslt\">\n\n<head>\n\n<META http-equiv=\"Content-Type\" content=\"text/html\">\n\n<meta http-equiv=\"content-type\" content=\"text/html; charset=UTF-8\">\n\n</head>\n\n<body style=\"mar", "Shape_Leng": 2718.4501167799999, "Shape_Area": 445867.14132900001, "OBJECTID": null, "Type": null, "Owner": null, "Access": null, "Feature_ID": null, "layer": "FishFoodFields", "path": "D:/seths_msi/Documents/CalTrout Mapping Projects/CalTrout_imagery_2023/FishFoodFields.shp", "field_id": null, "joined_Name": "076CW" }, "geometry": { "type": "MultiPolygon", "coordinates": [ [ [ [ -121.860403505066529, 38.954167812329949, 0.0 ], [ -121.86030261580656, 38.954162320661595, 0.0 ], [ -121.860234757654425, 38.95412110730998, 0.0 ], [ -121.860300550545688, 38.952941316537327, 0.0 ], [ -121.860292999652927, 38.951972565403381, 0.0 ], [ -121.860313357278187, 38.950927493595444, 0.0 ], [ -121.860353907225004, 38.949792510918876, 0.0 ], [ -121.860388541118027, 38.948666479496012, 0.0 ], [ -121.860409472501416, 38.9475403158511, 0.0 ], [ -121.860449793446591, 38.946869392728019, 0.0 ], [ -121.863630992548195, 38.946868933856521, 0.0 ], [ -121.866703529348896, 38.946898869139439, 0.0 ], [ -121.86669370600768, 38.948737011021819, 0.0 ], [ -121.866644182370322, 38.951074874309775, 0.0 ], [ -121.866651477231258, 38.953377245143777, 0.0 ], [ -121.866646487191204, 38.954233237020837, 0.0 ], [ -121.860403505066529, 38.954167812329949, 0.0 ] ] ] ] } },
{ "type": "Feature", "properties": { "Name": "078A", "FolderPath": "FishFood2023Final.kmz/FishFood2023Final/RD108/Fields/individual fields", "SymbolID": 0, "AltMode": 0, "Base": 0.0, "Clamped": -1, "Extruded": 0, "Snippet": null, "PopupInfo": "<html xmlns:fo=\"http://www.w3.org/1999/XSL/Format\" xmlns:msxsl=\"urn:schemas-microsoft-com:xslt\">\n\n<head>\n\n<META http-equiv=\"Content-Type\" content=\"text/html\">\n\n<meta http-equiv=\"content-type\" content=\"text/html; charset=UTF-8\">\n\n</head>\n\n<body style=\"mar", "Shape_Leng": 3261.0430108400001, "Shape_Area": 656576.47424400004, "OBJECTID": null, "Type": null, "Owner": null, "Access": null, "Feature_ID": null, "layer": "FishFoodFields", "path": "D:/seths_msi/Documents/CalTrout Mapping Projects/CalTrout_imagery_2023/FishFoodFields.shp", "field_id": null, "joined_Name": "078A" }, "geometry": { "type": "MultiPolygon", "coordinates": [ [ [ [ -121.885611423283152, 38.968824789249368, 0.0 ], [ -121.880878040696274, 38.968743345594426, 0.0 ], [ -121.877753420078619, 38.968753822209209, 0.0 ], [ -121.876329303294398, 38.968893273248433, 0.0 ], [ -121.876311707339383, 38.966721466409574, 0.0 ], [ -121.8763102739359, 38.964941788596761, 0.0 ], [ -121.876332353099741, 38.963180360569339, 0.0 ], [ -121.876321113895315, 38.961427621343205, 0.0 ], [ -121.880549693552396, 38.961423292109934, 0.0 ], [ -121.880731444577719, 38.961425039107048, 0.0 ], [ -121.881188705444174, 38.96142943480703, 0.0 ], [ -121.885657759496468, 38.961454263389868, 0.0 ], [ -121.885642344188199, 38.961517191776423, 0.0 ], [ -121.885611828500672, 38.963463270164745, 0.0 ], [ -121.88559626324475, 38.964823776891905, 0.0 ], [ -121.885622988363565, 38.966477544471758, 0.0 ], [ -121.885614156343962, 38.968144486800078, 0.0 ], [ -121.885611097054067, 38.968707643445185, 0.0 ], [ -121.885611423283152, 38.968824789249368, 0.0 ] ] ] ] } },
{ "type": "Feature", "properties": { "Name": "078B", "FolderPath": "FishFood2023Final.kmz/FishFood2023Final/RD108/Fields/individual fields", "SymbolID": 0, "AltMode": 0, "Base": 0.0, "Clamped": -1, "Extruded": 0, "Snippet": null, "PopupInfo": "<html xmlns:fo=\"http://www.w3.org/1999/XSL/Format\" xmlns:msxsl=\"urn:schemas-microsoft-com:xslt\">\n\n<head>\n\n<META http-equiv=\"Content-Type\" content=\"text/html\">\n\n<meta http-equiv=\"content-type\" content=\"text/html; charset=UTF-8\">\n\n</head>\n\n<body style=\"mar", "Shape_Leng": 2337.8172478800002, "Shape_Area": 301946.756176, "OBJECTID": null, "Type": null, "Owner": null, "Access": null, "Feature_ID": null, "layer": "FishFoodFields", "path": "D:/seths_msi/Documents/CalTrout Mapping Projects/CalTrout_imagery_2023/FishFoodFields.shp", "field_id": null, "joined_Name": "078B" }, "geometry": { "type": "MultiPolygon", "coordinates": [ [ [ [ -121.885596139511051, 38.957885328964615, 0.0 ], [ -121.88559558351254, 38.959254992242876, 0.0 ], [ -121.885564476803694, 38.961376776796861, 0.0 ], [ -121.882203456700978, 38.961349069510661, 0.0 ], [ -121.876503636452441, 38.961334767227449, 0.0 ], [ -121.876512538843699, 38.958992003675625, 0.0 ], [ -121.876526396275437, 38.957978403335574, 0.0 ], [ -121.876529555885895, 38.957915357265833, 0.0 ], [ -121.882197500476096, 38.957875283404505, 0.0 ], [ -121.885596139511051, 38.957885328964615, 0.0 ] ] ] ] } },
{ "type": "Feature", "properties": { "Name": "078C", "FolderPath": "FishFood2023Final.kmz/FishFood2023Final/RD108/Fields/individual fields", "SymbolID": 0, "AltMode": 0, "Base": 0.0, "Clamped": -1, "Extruded": 0, "Snippet": null, "PopupInfo": "<html xmlns:fo=\"http://www.w3.org/1999/XSL/Format\" xmlns:msxsl=\"urn:schemas-microsoft-com:xslt\">\n\n<head>\n\n<META http-equiv=\"Content-Type\" content=\"text/html\">\n\n<meta http-equiv=\"content-type\" content=\"text/html; charset=UTF-8\">\n\n</head>\n\n<body style=\"mar", "Shape_Leng": 2388.01606124, "Shape_Area": 315090.06190500001, "OBJECTID": null, "Type": null, "Owner": null, "Access": null, "Feature_ID": null, "layer": "FishFoodFields", "path": "D:/seths_msi/Documents/CalTrout Mapping Projects/CalTrout_imagery_2023/FishFoodFields.shp", "field_id": null, "joined_Name": "078C" }, "geometry": { "type": "MultiPolygon", "coordinates": [ [ [ [ -121.876318013938644, 38.957836722942481, 0.0 ], [ -121.876328683406228, 38.956021117523747, 0.0 ], [ -121.876338717226886, 38.954291106910887, 0.0 ], [ -121.878354352094178, 38.954265483324015, 0.0 ], [ -121.880501532672454, 38.954268120973559, 0.0 ], [ -121.884168133162419, 38.954289791244278, 0.0 ], [ -121.885604548459, 38.95431255653812, 0.0 ], [ -121.885596219558309, 38.955073903998326, 0.0 ], [ -121.885595969610549, 38.957804227787499, 0.0 ], [ -121.881204610660703, 38.957807177872894, 0.0 ], [ -121.876318013938644, 38.957836722942481, 0.0 ] ] ] ] } },
{ "type": "Feature", "properties": { "Name": "088", "FolderPath": "FishFood2023Final.kmz/FishFood2023Final/RD108/Fields/individual fields", "SymbolID": 0, "AltMode": 0, "Base": 0.0, "Clamped": -1, "Extruded": 0, "Snippet": null, "PopupInfo": "<html xmlns:fo=\"http://www.w3.org/1999/XSL/Format\" xmlns:msxsl=\"urn:schemas-microsoft-com:xslt\">\n\n<head>\n\n<META http-equiv=\"Content-Type\" content=\"text/html\">\n\n<meta http-equiv=\"content-type\" content=\"text/html; charset=UTF-8\">\n\n</head>\n\n<body style=\"mar", "Shape_Leng": 4556.6473714100002, "Shape_Area": 890334.61236699997, "OBJECTID": null, "Type": null, "Owner": null, "Access": null, "Feature_ID": null, "layer": "FishFoodFields", "path": "D:/seths_msi/Documents/CalTrout Mapping Projects/CalTrout_imagery_2023/FishFoodFields.shp", "field_id": null, "joined_Name": "088" }, "geometry": { "type": "MultiPolygon", "coordinates": [ [ [ [ -121.863416926457745, 38.969011245866433, 0.0 ], [ -121.864386653214169, 38.969137849670446, 0.0 ], [ -121.864967029972917, 38.969431857603865, 0.0 ], [ -121.865919837832578, 38.970031357844448, 0.0 ], [ -121.866489232305639, 38.971014587184271, 0.0 ], [ -121.866589978397016, 38.971844574167719, 0.0 ], [ -121.866557031250551, 38.973322045485482, 0.0 ], [ -121.866580293508363, 38.978827946468364, 0.0 ], [ -121.866594620245593, 38.982135091393623, 0.0 ], [ -121.86657600132196, 38.983301824891512, 0.0 ], [ -121.860718477156681, 38.983294207659085, 0.0 ], [ -121.857941547376313, 38.983271505209736, 0.0 ], [ -121.857751233968585, 38.98321557256412, 0.0 ], [ -121.857629838371054, 38.982867461218817, 0.0 ], [ -121.857629906068183, 38.98187626284566, 0.0 ], [ -121.857623481633013, 38.980884999845664, 0.0 ], [ -121.857642378305044, 38.979889479993055, 0.0 ], [ -121.857649009955722, 38.978893840791699, 0.0 ], [ -121.857687600271248, 38.977884996887902, 0.0 ], [ -121.857706711346211, 38.97687596300068, 0.0 ], [ -121.857754589363935, 38.976096989670616, 0.0 ], [ -121.859369463374932, 38.976085787475078, 0.0 ], [ -121.862296306391912, 38.976100908905977, 0.0 ], [ -121.862261247632375, 38.974911125925075, 0.0 ], [ -121.862252883158533, 38.973676546981984, 0.0 ], [ -121.862275533238105, 38.9724422719991, 0.0 ], [ -121.862292340339437, 38.971212445299564, 0.0 ], [ -121.862289671570281, 38.969982428454557, 0.0 ], [ -121.862339368507122, 38.969131381568246, 0.0 ], [ -121.862491708863075, 38.969033749006911, 0.0 ], [ -121.863416926457745, 38.969011245866433, 0.0 ] ] ] ] } },
{ "type": "Feature", "properties": { "Name": "089B", "FolderPath": "FishFood2023Final.kmz/FishFood2023Final/RD108/Fields/individual fields", "SymbolID": 0, "AltMode": 0, "Base": 0.0, "Clamped": -1, "Extruded": 0, "Snippet": null, "PopupInfo": "<html xmlns:fo=\"http://www.w3.org/1999/XSL/Format\" xmlns:msxsl=\"urn:schemas-microsoft-com:xslt\">\n\n<head>\n\n<META http-equiv=\"Content-Type\" content=\"text/html\">\n\n<meta http-equiv=\"content-type\" content=\"text/html; charset=UTF-8\">\n\n</head>\n\n<body style=\"mar", "Shape_Leng": 3475.4349118199998, "Shape_Area": 705256.72741299996, "OBJECTID": null, "Type": null, "Owner": null, "Access": null, "Feature_ID": null, "layer": "FishFoodFields", "path": "D:/seths_msi/Documents/CalTrout Mapping Projects/CalTrout_imagery_2023/FishFoodFields.shp", "field_id": null, "joined_Name": "089B" }, "geometry": { "type": "MultiPolygon", "coordinates": [ [ [ [ -121.848069438793445, 38.9758249452955, 0.0 ], [ -121.857184935826908, 38.97583648915225, 0.0 ], [ -121.857101468211894, 38.975928383257731, 0.0 ], [ -121.857127513179947, 38.976865774052428, 0.0 ], [ -121.857074809863121, 38.979334244690634, 0.0 ], [ -121.857035306463018, 38.981789327977644, 0.0 ], [ -121.857041923950632, 38.982992349541867, 0.0 ], [ -121.856951159971075, 38.983072554922678, 0.0 ], [ -121.856070415402939, 38.983099949102005, 0.0 ], [ -121.850846064640365, 38.98307102461753, 0.0 ], [ -121.84819879509466, 38.983062883736196, 0.0 ], [ -121.847993594702302, 38.98316898533448, 0.0 ], [ -121.846329231890039, 38.983107449144747, 0.0 ], [ -121.846317550091399, 38.982449538840591, 0.0 ], [ -121.846303179111914, 38.97964700958935, 0.0 ], [ -121.846338397048868, 38.978633633366698, 0.0 ], [ -121.846390933282535, 38.978553056464349, 0.0 ], [ -121.848049645903984, 38.978555962133939, 0.0 ], [ -121.848061925877246, 38.977398184290152, 0.0 ], [ -121.848069438793445, 38.9758249452955, 0.0 ] ] ] ] } },
{ "type": "Feature", "properties": { "Name": "089A", "FolderPath": "FishFood2023Final.kmz/FishFood2023Final/RD108/Fields/individual fields", "SymbolID": 0, "AltMode": 0, "Base": 0.0, "Clamped": -1, "Extruded": 0, "Snippet": null, "PopupInfo": "<html xmlns:fo=\"http://www.w3.org/1999/XSL/Format\" xmlns:msxsl=\"urn:schemas-microsoft-com:xslt\">\n\n<head>\n\n<META http-equiv=\"Content-Type\" content=\"text/html\">\n\n<meta http-equiv=\"content-type\" content=\"text/html; charset=UTF-8\">\n\n</head>\n\n<body style=\"mar", "Shape_Leng": 3859.79854613, "Shape_Area": 450504.20009400003, "OBJECTID": null, "Type": null, "Owner": null, "Access": null, "Feature_ID": null, "layer": "FishFoodFields", "path": "D:/seths_msi/Documents/CalTrout Mapping Projects/CalTrout_imagery_2023/FishFoodFields.shp", "field_id": null, "joined_Name": "089A" }, "geometry": { "type": "MultiPolygon", "coordinates": [ [ [ [ -121.857184935826908, 38.97583648915225, 0.0 ], [ -121.848069438793445, 38.9758249452955, 0.0 ], [ -121.848069456612947, 38.975821351880541, 0.0 ], [ -121.848080553320528, 38.973712910806093, 0.0 ], [ -121.849449749794502, 38.973721943964613, 0.0 ], [ -121.855003717899862, 38.973758670593227, 0.0 ], [ -121.857765416556077, 38.973763269038962, 0.0 ], [ -121.857831383061125, 38.972038325874991, 0.0 ], [ -121.857839641476843, 38.96914590119534, 0.0 ], [ -121.857975110279327, 38.969021077242488, 0.0 ], [ -121.859007441156209, 38.969022185825253, 0.0 ], [ -121.861740178883593, 38.969021899603447, 0.0 ], [ -121.86185638190598, 38.969108639659055, 0.0 ], [ -121.86186076534247, 38.972212946084191, 0.0 ], [ -121.861789688593049, 38.975478709601624, 0.0 ], [ -121.861493635363871, 38.975674054705806, 0.0 ], [ -121.857373231885305, 38.97562918483019, 0.0 ], [ -121.857184935826908, 38.97583648915225, 0.0 ] ] ] ] } },
{ "type": "Feature", "properties": { "Name": "090A", "FolderPath": "FishFood2023Final.kmz/FishFood2023Final/RD108/Fields/individual fields", "SymbolID": 0, "AltMode": 0, "Base": 0.0, "Clamped": -1, "Extruded": 0, "Snippet": null, "PopupInfo": "<html xmlns:fo=\"http://www.w3.org/1999/XSL/Format\" xmlns:msxsl=\"urn:schemas-microsoft-com:xslt\">\n\n<head>\n\n<META http-equiv=\"Content-Type\" content=\"text/html\">\n\n<meta http-equiv=\"content-type\" content=\"text/html; charset=UTF-8\">\n\n</head>\n\n<body style=\"mar", "Shape_Leng": 1885.7327447, "Shape_Area": 220149.87202800001, "OBJECTID": null, "Type": null, "Owner": null, "Access": null, "Feature_ID": null, "layer": "FishFoodFields", "path": "D:/seths_msi/Documents/CalTrout Mapping Projects/CalTrout_imagery_2023/FishFoodFields.shp", "field_id": null, "joined_Name": "090A" }, "geometry": { "type": "MultiPolygon", "coordinates": [ [ [ [ -121.846033809317447, 38.978373804121176, 0.0 ], [ -121.84603456431914, 38.979482152493631, 0.0 ], [ -121.846032937311051, 38.983090997139044, 0.0 ], [ -121.842768213242095, 38.982981997307725, 0.0 ], [ -121.84107515215041, 38.982911090547738, 0.0 ], [ -121.841113677830606, 38.981699510481725, 0.0 ], [ -121.841110410765651, 38.979599942442022, 0.0 ], [ -121.841130988376804, 38.978338623820953, 0.0 ], [ -121.846033809317447, 38.978373804121176, 0.0 ] ] ] ] } },
{ "type": "Feature", "properties": { "Name": "091A", "FolderPath": "FishFood2023Final.kmz/FishFood2023Final/RD108/Fields/individual fields", "SymbolID": 0, "AltMode": 0, "Base": 0.0, "Clamped": -1, "Extruded": 0, "Snippet": null, "PopupInfo": "<html xmlns:fo=\"http://www.w3.org/1999/XSL/Format\" xmlns:msxsl=\"urn:schemas-microsoft-com:xslt\">\n\n<head>\n\n<META http-equiv=\"Content-Type\" content=\"text/html\">\n\n<meta http-equiv=\"content-type\" content=\"text/html; charset=UTF-8\">\n\n</head>\n\n<body style=\"mar", "Shape_Leng": 2327.3697866100001, "Shape_Area": 303178.71227100003, "OBJECTID": null, "Type": null, "Owner": null, "Access": null, "Feature_ID": null, "layer": "FishFoodFields", "path": "D:/seths_msi/Documents/CalTrout Mapping Projects/CalTrout_imagery_2023/FishFoodFields.shp", "field_id": null, "joined_Name": "091A" }, "geometry": { "type": "MultiPolygon", "coordinates": [ [ [ [ -121.848545200886093, 38.990536332383172, 0.0 ], [ -121.848547546372131, 38.990347128371354, 0.0 ], [ -121.848308003104123, 38.990344757672496, 0.0 ], [ -121.848306202150482, 38.988898494945488, 0.0 ], [ -121.848334914380317, 38.987839999456703, 0.0 ], [ -121.848383281298581, 38.984812822271564, 0.0 ], [ -121.848389797332644, 38.983609932777973, 0.0 ], [ -121.850151438891402, 38.983591302070501, 0.0 ], [ -121.852955430671685, 38.983591930394923, 0.0 ], [ -121.852904483840561, 38.985271960411758, 0.0 ], [ -121.852880980413829, 38.987263135534008, 0.0 ], [ -121.852840158892818, 38.989254138810395, 0.0 ], [ -121.852794376123953, 38.990569275511646, 0.0 ], [ -121.851705311776655, 38.990576559317908, 0.0 ], [ -121.849761464374211, 38.990561874276551, 0.0 ], [ -121.848545200886093, 38.990536332383172, 0.0 ] ] ] ] } },
{ "type": "Feature", "properties": { "Name": "091B", "FolderPath": "FishFood2023Final.kmz/FishFood2023Final/RD108/Fields/individual fields", "SymbolID": 0, "AltMode": 0, "Base": 0.0, "Clamped": -1, "Extruded": 0, "Snippet": null, "PopupInfo": "<html xmlns:fo=\"http://www.w3.org/1999/XSL/Format\" xmlns:msxsl=\"urn:schemas-microsoft-com:xslt\">\n\n<head>\n\n<META http-equiv=\"Content-Type\" content=\"text/html\">\n\n<meta http-equiv=\"content-type\" content=\"text/html; charset=UTF-8\">\n\n</head>\n\n<body style=\"mar", "Shape_Leng": 3341.61952075, "Shape_Area": 619447.77139699995, "OBJECTID": null, "Type": null, "Owner": null, "Access": null, "Feature_ID": null, "layer": "FishFoodFields", "path": "D:/seths_msi/Documents/CalTrout Mapping Projects/CalTrout_imagery_2023/FishFoodFields.shp", "field_id": null, "joined_Name": "091B" }, "geometry": { "type": "MultiPolygon", "coordinates": [ [ [ [ -121.842753240676231, 38.993466000244062, 0.0 ], [ -121.842727424469402, 38.993411678279948, 0.0 ], [ -121.842400722015043, 38.992601957008304, 0.0 ], [ -121.842138891406364, 38.99179738588068, 0.0 ], [ -121.841866863888583, 38.991087326392488, 0.0 ], [ -121.841706318011632, 38.990621669635125, 0.0 ], [ -121.841590601058741, 38.990327663749298, 0.0 ], [ -121.841476662614127, 38.989393905365688, 0.0 ], [ -121.841370284665857, 38.988041217224726, 0.0 ], [ -121.841337276269286, 38.987189360049264, 0.0 ], [ -121.841268845347628, 38.986341657351723, 0.0 ], [ -121.840986085451178, 38.983284156693912, 0.0 ], [ -121.84104072219921, 38.983208107775454, 0.0 ], [ -121.841199745328225, 38.983146613921726, 0.0 ], [ -121.844707957508831, 38.983280600000263, 0.0 ], [ -121.847727260916471, 38.983396126813361, 0.0 ], [ -121.847908755023909, 38.98386198281225, 0.0 ], [ -121.84785232848273, 38.985650085955335, 0.0 ], [ -121.847852621231908, 38.987722591315446, 0.0 ], [ -121.847834535727458, 38.989682278909974, 0.0 ], [ -121.847640529369798, 38.98998672836764, 0.0 ], [ -121.847626432139506, 38.990455154221557, 0.0 ], [ -121.847983512779734, 38.990463195169959, 0.0 ], [ -121.847890016732265, 38.993512450164062, 0.0 ], [ -121.84584875565028, 38.993492229278644, 0.0 ], [ -121.842753240676231, 38.993466000244062, 0.0 ] ] ] ] } },
{ "type": "Feature", "properties": { "Name": "093A", "FolderPath": "FishFood2023Final.kmz/FishFood2023Final/RD108/Fields/individual fields", "SymbolID": 0, "AltMode": 0, "Base": 0.0, "Clamped": -1, "Extruded": 0, "Snippet": null, "PopupInfo": "<html xmlns:fo=\"http://www.w3.org/1999/XSL/Format\" xmlns:msxsl=\"urn:schemas-microsoft-com:xslt\">\n\n<head>\n\n<META http-equiv=\"Content-Type\" content=\"text/html\">\n\n<meta http-equiv=\"content-type\" content=\"text/html; charset=UTF-8\">\n\n</head>\n\n<body style=\"mar", "Shape_Leng": 2257.6308081400002, "Shape_Area": 282719.713881, "OBJECTID": null, "Type": null, "Owner": null, "Access": null, "Feature_ID": null, "layer": "FishFoodFields", "path": "D:/seths_msi/Documents/CalTrout Mapping Projects/CalTrout_imagery_2023/FishFoodFields.shp", "field_id": null, "joined_Name": "093A" }, "geometry": { "type": "MultiPolygon", "coordinates": [ [ [ [ -121.848516448900241, 39.000051528005194, 0.0 ], [ -121.848510447189639, 38.999042251253393, 0.0 ], [ -121.84847928026791, 38.997938111579877, 0.0 ], [ -121.84962885350285, 38.99794497434447, 0.0 ], [ -121.850070105514774, 38.99797186100529, 0.0 ], [ -121.852363968182729, 38.998089115437978, 0.0 ], [ -121.852656798884908, 38.998055958098433, 0.0 ], [ -121.852853284148523, 38.998089434146259, 0.0 ], [ -121.85282811281958, 39.000049051096688, 0.0 ], [ -121.852835914522231, 39.000549234333235, 0.0 ], [ -121.85279652154999, 39.002184331783702, 0.0 ], [ -121.852727834259895, 39.004873418867312, 0.0 ], [ -121.849320560950417, 39.004857804400899, 0.0 ], [ -121.848772170395733, 39.004847876695962, 0.0 ], [ -121.848641265014706, 39.004819548275044, 0.0 ], [ -121.848507335614684, 39.004755147790554, 0.0 ], [ -121.848504190388127, 39.004592919327642, 0.0 ], [ -121.8485270630011, 39.003092824186602, 0.0 ], [ -121.848516410226154, 39.001790638242568, 0.0 ], [ -121.848516448900241, 39.000051528005194, 0.0 ] ] ] ] } },
{ "type": "Feature", "properties": { "Name": "093B", "FolderPath": "FishFood2023Final.kmz/FishFood2023Final/RD108/Fields/individual fields", "SymbolID": 0, "AltMode": 0, "Base": 0.0, "Clamped": -1, "Extruded": 0, "Snippet": null, "PopupInfo": "<html xmlns:fo=\"http://www.w3.org/1999/XSL/Format\" xmlns:msxsl=\"urn:schemas-microsoft-com:xslt\">\n\n<head>\n\n<META http-equiv=\"Content-Type\" content=\"text/html\">\n\n<meta http-equiv=\"content-type\" content=\"text/html; charset=UTF-8\">\n\n</head>\n\n<body style=\"mar", "Shape_Leng": 2235.07161468, "Shape_Area": 276754.50083500001, "OBJECTID": null, "Type": null, "Owner": null, "Access": null, "Feature_ID": null, "layer": "FishFoodFields", "path": "D:/seths_msi/Documents/CalTrout Mapping Projects/CalTrout_imagery_2023/FishFoodFields.shp", "field_id": null, "joined_Name": "093B" }, "geometry": { "type": "MultiPolygon", "coordinates": [ [ [ [ -121.857228537921955, 39.000047284283404, 0.0 ], [ -121.857200089003342, 39.001412162650269, 0.0 ], [ -121.857197646196568, 39.002326748434932, 0.0 ], [ -121.857162340381763, 39.003669033464767, 0.0 ], [ -121.857117087007211, 39.004821987588855, 0.0 ], [ -121.85604158688335, 39.00482493903732, 0.0 ], [ -121.852871598109772, 39.00482077042026, 0.0 ], [ -121.852884389034344, 39.003536839101315, 0.0 ], [ -121.852916229451964, 39.002280125937865, 0.0 ], [ -121.852948318404756, 39.001320777143228, 0.0 ], [ -121.852952950707461, 39.000050281312156, 0.0 ], [ -121.852987507599337, 38.998045703495471, 0.0 ], [ -121.854192356536402, 38.998071086700534, 0.0 ], [ -121.857269028594885, 38.99811484875643, 0.0 ], [ -121.857228537921955, 39.000047284283404, 0.0 ] ] ] ] } },
{ "type": "Feature", "properties": { "Name": "093C", "FolderPath": "FishFood2023Final.kmz/FishFood2023Final/RD108/Fields/individual fields", "SymbolID": 0, "AltMode": 0, "Base": 0.0, "Clamped": -1, "Extruded": 0, "Snippet": null, "PopupInfo": "<html xmlns:fo=\"http://www.w3.org/1999/XSL/Format\" xmlns:msxsl=\"urn:schemas-microsoft-com:xslt\">\n\n<head>\n\n<META http-equiv=\"Content-Type\" content=\"text/html\">\n\n<meta http-equiv=\"content-type\" content=\"text/html; charset=UTF-8\">\n\n</head>\n\n<body style=\"mar", "Shape_Leng": 3066.7596737200001, "Shape_Area": 587214.59199500002, "OBJECTID": null, "Type": null, "Owner": null, "Access": null, "Feature_ID": null, "layer": "FishFoodFields", "path": "D:/seths_msi/Documents/CalTrout Mapping Projects/CalTrout_imagery_2023/FishFoodFields.shp", "field_id": null, "joined_Name": "093C" }, "geometry": { "type": "MultiPolygon", "coordinates": [ [ [ [ -121.857503546023025, 39.000045479562168, 0.0 ], [ -121.857545472443547, 38.998113057960246, 0.0 ], [ -121.859259269443228, 38.99812986698651, 0.0 ], [ -121.861965483068502, 38.998142842932999, 0.0 ], [ -121.862069466774614, 38.998139353546755, 0.0 ], [ -121.863878589030776, 38.998152523476236, 0.0 ], [ -121.866612587254096, 38.998188188744756, 0.0 ], [ -121.866661657249168, 38.998188666353641, 0.0 ], [ -121.86664547479073, 38.999202233633468, 0.0 ], [ -121.86661326140441, 39.000044438058787, 0.0 ], [ -121.866521970767536, 39.002147604355962, 0.0 ], [ -121.86648243942679, 39.003494353989318, 0.0 ], [ -121.866479644250148, 39.004936076443151, 0.0 ], [ -121.862569066851066, 39.004888913766308, 0.0 ], [ -121.861902965971495, 39.004882401021661, 0.0 ], [ -121.860938961184516, 39.00486396058345, 0.0 ], [ -121.857431806153812, 39.004820572174708, 0.0 ], [ -121.857461583739735, 39.002969117530832, 0.0 ], [ -121.857503546023025, 39.000045479562168, 0.0 ] ] ] ] } },
{ "type": "Feature", "properties": { "Name": "093D", "FolderPath": "FishFood2023Final.kmz/FishFood2023Final/RD108/Fields/individual fields", "SymbolID": 0, "AltMode": 0, "Base": 0.0, "Clamped": -1, "Extruded": 0, "Snippet": null, "PopupInfo": "<html xmlns:fo=\"http://www.w3.org/1999/XSL/Format\" xmlns:msxsl=\"urn:schemas-microsoft-com:xslt\">\n\n<head>\n\n<META http-equiv=\"Content-Type\" content=\"text/html\">\n\n<meta http-equiv=\"content-type\" content=\"text/html; charset=UTF-8\">\n\n</head>\n\n<body style=\"mar", "Shape_Leng": 3899.7000712600002, "Shape_Area": 612449.90661399998, "OBJECTID": null, "Type": null, "Owner": null, "Access": null, "Feature_ID": null, "layer": "FishFoodFields", "path": "D:/seths_msi/Documents/CalTrout Mapping Projects/CalTrout_imagery_2023/FishFoodFields.shp", "field_id": null, "joined_Name": "093D" }, "geometry": { "type": "MultiPolygon", "coordinates": [ [ [ [ -121.848594607506854, 38.99425380842932, 0.0 ], [ -121.853875616853088, 38.994310433003108, 0.0 ], [ -121.860077929054228, 38.994339799868392, 0.0 ], [ -121.866631294722879, 38.994394784293021, 0.0 ], [ -121.866645642903265, 38.99553029811257, 0.0 ], [ -121.866635738033082, 38.997913581179873, 0.0 ], [ -121.866505705947063, 38.997921325250985, 0.0 ], [ -121.861170502701427, 38.997896278822218, 0.0 ], [ -121.855098707639513, 38.997854732025324, 0.0 ], [ -121.852460053081003, 38.99781523111659, 0.0 ], [ -121.852255473075587, 38.997880795555808, 0.0 ], [ -121.850184660520469, 38.997761238409019, 0.0 ], [ -121.848608565273764, 38.997709613990587, 0.0 ], [ -121.848610734063243, 38.996596793021858, 0.0 ], [ -121.848594607506854, 38.99425380842932, 0.0 ] ] ] ] } },
{ "type": "Feature", "properties": { "Name": "093E", "FolderPath": "FishFood2023Final.kmz/FishFood2023Final/RD108/Fields/individual fields", "SymbolID": 0, "AltMode": 0, "Base": 0.0, "Clamped": -1, "Extruded": 0, "Snippet": null, "PopupInfo": "<html xmlns:fo=\"http://www.w3.org/1999/XSL/Format\" xmlns:msxsl=\"urn:schemas-microsoft-com:xslt\">\n\n<head>\n\n<META http-equiv=\"Content-Type\" content=\"text/html\">\n\n<meta http-equiv=\"content-type\" content=\"text/html; charset=UTF-8\">\n\n</head>\n\n<body style=\"mar", "Shape_Leng": 3891.2439951800002, "Shape_Area": 607990.27228599996, "OBJECTID": null, "Type": null, "Owner": null, "Access": null, "Feature_ID": null, "layer": "FishFoodFields", "path": "D:/seths_msi/Documents/CalTrout Mapping Projects/CalTrout_imagery_2023/FishFoodFields.shp", "field_id": null, "joined_Name": "093E" }, "geometry": { "type": "MultiPolygon", "coordinates": [ [ [ [ -121.866636198407889, 38.994313734778359, 0.0 ], [ -121.862164830196818, 38.994216045614316, 0.0 ], [ -121.856675203562887, 38.994207307166739, 0.0 ], [ -121.848589866643053, 38.99414562894038, 0.0 ], [ -121.848620093464177, 38.990902013833782, 0.0 ], [ -121.848903694780049, 38.990679546593228, 0.0 ], [ -121.851831775331618, 38.990699454121895, 0.0 ], [ -121.857718899749216, 38.990698803250744, 0.0 ], [ -121.863613177038346, 38.990702429479271, 0.0 ], [ -121.866662703549494, 38.990754686939887, 0.0 ], [ -121.866661314525089, 38.99174587348557, 0.0 ], [ -121.866636198407889, 38.994313734778359, 0.0 ] ] ] ] } },
{ "type": "Feature", "properties": { "Name": "094B", "FolderPath": "FishFood2023Final.kmz/FishFood2023Final/RD108/Fields/individual fields", "SymbolID": 0, "AltMode": 0, "Base": 0.0, "Clamped": -1, "Extruded": 0, "Snippet": null, "PopupInfo": "<html xmlns:fo=\"http://www.w3.org/1999/XSL/Format\" xmlns:msxsl=\"urn:schemas-microsoft-com:xslt\">\n\n<head>\n\n<META http-equiv=\"Content-Type\" content=\"text/html\">\n\n<meta http-equiv=\"content-type\" content=\"text/html; charset=UTF-8\">\n\n</head>\n\n<body style=\"mar", "Shape_Leng": 4678.0363243199999, "Shape_Area": 1185672.4080399999, "OBJECTID": null, "Type": null, "Owner": null, "Access": null, "Feature_ID": null, "layer": "FishFoodFields", "path": "D:/seths_msi/Documents/CalTrout Mapping Projects/CalTrout_imagery_2023/FishFoodFields.shp", "field_id": null, "joined_Name": "094B" }, "geometry": { "type": "MultiPolygon", "coordinates": [ [ [ [ -121.885626140264918, 38.997682455032027, 0.0 ], [ -121.885626776244152, 38.997641912497585, 0.0 ], [ -121.885698213998978, 38.997642595750165, 0.0 ], [ -121.885732939976364, 38.995660527296145, 0.0 ], [ -121.885774298793294, 38.994129067414022, 0.0 ], [ -121.885628274472111, 38.993731188372323, 0.0 ], [ -121.885653208974446, 38.992510447419363, 0.0 ], [ -121.885660498023, 38.990942616412937, 0.0 ], [ -121.885642989790625, 38.989437624355986, 0.0 ], [ -121.885648354738066, 38.987946366917875, 0.0 ], [ -121.885676684765059, 38.98540555364832, 0.0 ], [ -121.88569497384897, 38.983504421593281, 0.0 ], [ -121.88569603436251, 38.983436850847539, 0.0 ], [ -121.88800548988857, 38.983454429189315, 0.0 ], [ -121.890164741544964, 38.983479540572546, 0.0 ], [ -121.890165885796577, 38.983637242614009, 0.0 ], [ -121.890166359697574, 38.983745378533371, 0.0 ], [ -121.890217108260401, 38.983637730737406, 0.0 ], [ -121.890223901280592, 38.983480103291207, 0.0 ], [ -121.892682633092406, 38.983503518817287, 0.0 ], [ -121.894273381075266, 38.983523144756077, 0.0 ], [ -121.894353313289713, 38.983672584213629, 0.0 ], [ -121.894387972941388, 38.985200268320767, 0.0 ], [ -121.894368702847316, 38.98680853931377, 0.0 ], [ -121.894396820757834, 38.988385721262425, 0.0 ], [ -121.894389111278727, 38.990039155154228, 0.0 ], [ -121.89439215494906, 38.991697196902798, 0.0 ], [ -121.894384302979773, 38.993359638648741, 0.0 ], [ -121.894386991990956, 38.995040204556211, 0.0 ], [ -121.894359466750458, 38.99643663685837, 0.0 ], [ -121.894128422659904, 38.996952570131938, 0.0 ], [ -121.893794074202432, 38.997706310601998, 0.0 ], [ -121.8909643900475, 38.997697401504915, 0.0 ], [ -121.885626140264918, 38.997682455032027, 0.0 ] ] ] ] } },
{ "type": "Feature", "properties": { "Name": "096AW2", "FolderPath": "FishFood2023Final.kmz/FishFood2023Final/RD108/Fields/individual fields", "SymbolID": 0, "AltMode": 0, "Base": 0.0, "Clamped": -1, "Extruded": 0, "Snippet": null, "PopupInfo": "<html xmlns:fo=\"http://www.w3.org/1999/XSL/Format\" xmlns:msxsl=\"urn:schemas-microsoft-com:xslt\">\n\n<head>\n\n<META http-equiv=\"Content-Type\" content=\"text/html\">\n\n<meta http-equiv=\"content-type\" content=\"text/html; charset=UTF-8\">\n\n</head>\n\n<body style=\"mar", "Shape_Leng": 3209.22497247, "Shape_Area": 486509.52646600001, "OBJECTID": null, "Type": null, "Owner": null, "Access": null, "Feature_ID": null, "layer": "FishFoodFields", "path": "D:/seths_msi/Documents/CalTrout Mapping Projects/CalTrout_imagery_2023/FishFoodFields.shp", "field_id": null, "joined_Name": "096AW2" }, "geometry": { "type": "MultiPolygon", "coordinates": [ [ [ [ -121.913631516626126, 38.987021589946195, 0.0 ], [ -121.913622795002482, 38.987634116778899, 0.0 ], [ -121.913611871508493, 38.991035652811512, 0.0 ], [ -121.913600938536788, 38.99443718683235, 0.0 ], [ -121.913571725287866, 38.99780701193022, 0.0 ], [ -121.908857321233356, 38.997771917945371, 0.0 ], [ -121.908917284775995, 38.995749523131337, 0.0 ], [ -121.908900592448433, 38.993924648714376, 0.0 ], [ -121.908923273053617, 38.990383557593574, 0.0 ], [ -121.908942657814677, 38.987666933138456, 0.0 ], [ -121.90894614455884, 38.98697776682868, 0.0 ], [ -121.913631516626126, 38.987021589946195, 0.0 ] ] ] ] } },
{ "type": "Feature", "properties": { "Name": "096AW1", "FolderPath": "FishFood2023Final.kmz/FishFood2023Final/RD108/Fields/individual fields", "SymbolID": 0, "AltMode": 0, "Base": 0.0, "Clamped": -1, "Extruded": 0, "Snippet": null, "PopupInfo": "<html xmlns:fo=\"http://www.w3.org/1999/XSL/Format\" xmlns:msxsl=\"urn:schemas-microsoft-com:xslt\">\n\n<head>\n\n<META http-equiv=\"Content-Type\" content=\"text/html\">\n\n<meta http-equiv=\"content-type\" content=\"text/html; charset=UTF-8\">\n\n</head>\n\n<body style=\"mar", "Shape_Leng": 3184.93677682, "Shape_Area": 483686.97168900003, "OBJECTID": null, "Type": null, "Owner": null, "Access": null, "Feature_ID": null, "layer": "FishFoodFields", "path": "D:/seths_msi/Documents/CalTrout Mapping Projects/CalTrout_imagery_2023/FishFoodFields.shp", "field_id": null, "joined_Name": "096AW1" }, "geometry": { "type": "MultiPolygon", "coordinates": [ [ [ [ -121.91115772394609, 38.976297807859325, 0.0 ], [ -121.913716292619242, 38.976335226101909, 0.0 ], [ -121.913661617257418, 38.981984599861455, 0.0 ], [ -121.913671025609503, 38.984246440939962, 0.0 ], [ -121.913631516626126, 38.987021589946195, 0.0 ], [ -121.90894614455884, 38.98697776682868, 0.0 ], [ -121.908951867907845, 38.985846806730436, 0.0 ], [ -121.908969928930787, 38.983215773608983, 0.0 ], [ -121.908962945336214, 38.980570988584056, 0.0 ], [ -121.908986086874975, 38.976998354322205, 0.0 ], [ -121.908990112682503, 38.976313558583279, 0.0 ], [ -121.91115772394609, 38.976297807859325, 0.0 ] ] ] ] } },
{ "type": "Feature", "properties": { "Name": "100A", "FolderPath": "FishFood2023Final.kmz/FishFood2023Final/RD108/Fields/individual fields", "SymbolID": 0, "AltMode": 0, "Base": 0.0, "Clamped": -1, "Extruded": 0, "Snippet": null, "PopupInfo": "<html xmlns:fo=\"http://www.w3.org/1999/XSL/Format\" xmlns:msxsl=\"urn:schemas-microsoft-com:xslt\">\n\n<head>\n\n<META http-equiv=\"Content-Type\" content=\"text/html\">\n\n<meta http-equiv=\"content-type\" content=\"text/html; charset=UTF-8\">\n\n</head>\n\n<body style=\"mar", "Shape_Leng": 3598.97959343, "Shape_Area": 767257.228596, "OBJECTID": null, "Type": null, "Owner": null, "Access": null, "Feature_ID": null, "layer": "FishFoodFields", "path": "D:/seths_msi/Documents/CalTrout Mapping Projects/CalTrout_imagery_2023/FishFoodFields.shp", "field_id": null, "joined_Name": "100A" }, "geometry": { "type": "MultiPolygon", "coordinates": [ [ [ [ -121.94568267252869, 39.033947792292366, 0.0 ], [ -121.950005129139271, 39.03399137879849, 0.0 ], [ -121.952024456939739, 39.034014088011787, 0.0 ], [ -121.952041058335922, 39.0350414781579, 0.0 ], [ -121.952031819065056, 39.036302919783999, 0.0 ], [ -121.952010170071262, 39.037573258818696, 0.0 ], [ -121.952020292346432, 39.038843884863539, 0.0 ], [ -121.952022140741207, 39.039452135523618, 0.0 ], [ -121.950791543726709, 39.039945656666887, 0.0 ], [ -121.948680317963579, 39.040850216873778, 0.0 ], [ -121.947273195601909, 39.041459247337208, 0.0 ], [ -121.944387009042075, 39.042654074618781, 0.0 ], [ -121.941726570833183, 39.043765282338704, 0.0 ], [ -121.941531358562116, 39.043538235691472, 0.0 ], [ -121.941536370120474, 39.042330824760455, 0.0 ], [ -121.941577973758754, 39.041042646018234, 0.0 ], [ -121.941600215336692, 39.039745282099254, 0.0 ], [ -121.941623176464049, 39.038447923521133, 0.0 ], [ -121.941626574136691, 39.03715489261743, 0.0 ], [ -121.941646979641064, 39.036222452266848, 0.0 ], [ -121.941650004884224, 39.035244799149822, 0.0 ], [ -121.94168396017227, 39.034033141877366, 0.0 ], [ -121.94183042247883, 39.033944366328136, 0.0 ], [ -121.943393783926894, 39.033940548157766, 0.0 ], [ -121.94568267252869, 39.033947792292366, 0.0 ] ] ] ] } },
{ "type": "Feature", "properties": { "Name": "100B", "FolderPath": "FishFood2023Final.kmz/FishFood2023Final/RD108/Fields/individual fields", "SymbolID": 0, "AltMode": 0, "Base": 0.0, "Clamped": -1, "Extruded": 0, "Snippet": null, "PopupInfo": "<html xmlns:fo=\"http://www.w3.org/1999/XSL/Format\" xmlns:msxsl=\"urn:schemas-microsoft-com:xslt\">\n\n<head>\n\n<META http-equiv=\"Content-Type\" content=\"text/html\">\n\n<meta http-equiv=\"content-type\" content=\"text/html; charset=UTF-8\">\n\n</head>\n\n<body style=\"mar", "Shape_Leng": 3601.2648552800001, "Shape_Area": 842752.60739599995, "OBJECTID": null, "Type": null, "Owner": null, "Access": null, "Feature_ID": null, "layer": "FishFoodFields", "path": "D:/seths_msi/Documents/CalTrout Mapping Projects/CalTrout_imagery_2023/FishFoodFields.shp", "field_id": null, "joined_Name": "100B" }, "geometry": { "type": "MultiPolygon", "coordinates": [ [ [ [ -121.948322258018663, 39.024077712198668, 0.0 ], [ -121.948759053185569, 39.024126713639092, 0.0 ], [ -121.949236418323395, 39.024117507406707, 0.0 ], [ -121.950568950105023, 39.024134038974495, 0.0 ], [ -121.950809051028941, 39.024253344648713, 0.0 ], [ -121.951932279241362, 39.024412147551018, 0.0 ], [ -121.951960450531587, 39.025340524969046, 0.0 ], [ -121.9519720451475, 39.026462484408768, 0.0 ], [ -121.95197130021576, 39.027588841871768, 0.0 ], [ -121.951977121263766, 39.028710750819648, 0.0 ], [ -121.95198943856694, 39.029832718829958, 0.0 ], [ -121.951995190438481, 39.030959132236163, 0.0 ], [ -121.952000286645344, 39.03208103404473, 0.0 ], [ -121.952006105762663, 39.033202942140171, 0.0 ], [ -121.952001867346624, 39.033734546166727, 0.0 ], [ -121.943731950397307, 39.033682303417514, 0.0 ], [ -121.941753070891721, 39.033659819451032, 0.0 ], [ -121.94173880082603, 39.031226748231589, 0.0 ], [ -121.94177609149807, 39.028289534629984, 0.0 ], [ -121.941790243674689, 39.027776042785092, 0.0 ], [ -121.94249268608084, 39.027345400207302, 0.0 ], [ -121.942901519718788, 39.027042744063252, 0.0 ], [ -121.943264467200351, 39.026766701928047, 0.0 ], [ -121.944957606298587, 39.025452957488504, 0.0 ], [ -121.94605446828632, 39.024859165517199, 0.0 ], [ -121.946618211068056, 39.024575921288601, 0.0 ], [ -121.947667070216298, 39.024247502257836, 0.0 ], [ -121.948322258018663, 39.024077712198668, 0.0 ] ] ] ] } },
{ "type": "Feature", "properties": { "Name": "100C", "FolderPath": "FishFood2023Final.kmz/FishFood2023Final/RD108/Fields/individual fields", "SymbolID": 0, "AltMode": 0, "Base": 0.0, "Clamped": -1, "Extruded": 0, "Snippet": null, "PopupInfo": "<html xmlns:fo=\"http://www.w3.org/1999/XSL/Format\" xmlns:msxsl=\"urn:schemas-microsoft-com:xslt\">\n\n<head>\n\n<META http-equiv=\"Content-Type\" content=\"text/html\">\n\n<meta http-equiv=\"content-type\" content=\"text/html; charset=UTF-8\">\n\n</head>\n\n<body style=\"mar", "Shape_Leng": 1771.9026063, "Shape_Area": 123489.033948, "OBJECTID": null, "Type": null, "Owner": null, "Access": null, "Feature_ID": null, "layer": "FishFoodFields", "path": "D:/seths_msi/Documents/CalTrout Mapping Projects/CalTrout_imagery_2023/FishFoodFields.shp", "field_id": null, "joined_Name": "100C" }, "geometry": { "type": "MultiPolygon", "coordinates": [ [ [ [ -121.941574440476785, 39.027819136075493, 0.0 ], [ -121.941573550146202, 39.027733522668015, 0.0 ], [ -121.941548438223066, 39.026318584138949, 0.0 ], [ -121.941551411089719, 39.02548960677295, 0.0 ], [ -121.941541037459615, 39.024732597058332, 0.0 ], [ -121.94154025111915, 39.02415589240281, 0.0 ], [ -121.941527274349767, 39.023718745745803, 0.0 ], [ -121.944878252601413, 39.023699617484013, 0.0 ], [ -121.947514491614967, 39.02372799482788, 0.0 ], [ -121.948262953526324, 39.0239870665608, 0.0 ], [ -121.948117242935098, 39.024075859955282, 0.0 ], [ -121.947591872860571, 39.024206273408247, 0.0 ], [ -121.946595391143916, 39.024508133602346, 0.0 ], [ -121.946012023530713, 39.024800210494732, 0.0 ], [ -121.944912141702446, 39.025402983954912, 0.0 ], [ -121.943178375004749, 39.026729877041383, 0.0 ], [ -121.942821657491493, 39.027023995561791, 0.0 ], [ -121.942439011102195, 39.02731337417692, 0.0 ], [ -121.941574440476785, 39.027819136075493, 0.0 ] ] ] ] } },
{ "type": "Feature", "properties": { "Name": "100DE", "FolderPath": "FishFood2023Final.kmz/FishFood2023Final/RD108/Fields/individual fields", "SymbolID": 0, "AltMode": 0, "Base": 0.0, "Clamped": -1, "Extruded": 0, "Snippet": null, "PopupInfo": "<html xmlns:fo=\"http://www.w3.org/1999/XSL/Format\" xmlns:msxsl=\"urn:schemas-microsoft-com:xslt\">\n\n<head>\n\n<META http-equiv=\"Content-Type\" content=\"text/html\">\n\n<meta http-equiv=\"content-type\" content=\"text/html; charset=UTF-8\">\n\n</head>\n\n<body style=\"mar", "Shape_Leng": 4670.85471039, "Shape_Area": 1215489.5728199999, "OBJECTID": null, "Type": null, "Owner": null, "Access": null, "Feature_ID": null, "layer": "FishFoodFields", "path": "D:/seths_msi/Documents/CalTrout Mapping Projects/CalTrout_imagery_2023/FishFoodFields.shp", "field_id": null, "joined_Name": "100DE" }, "geometry": { "type": "MultiPolygon", "coordinates": [ [ [ [ -121.945534378143392, 39.012770821075684, 0.0 ], [ -121.945447765129458, 39.012770036314159, 0.0 ], [ -121.94164968953686, 39.012744566651804, 0.0 ], [ -121.941637227472356, 39.011158530980239, 0.0 ], [ -121.94161420375238, 39.008198233741545, 0.0 ], [ -121.941588009350824, 39.005499220629623, 0.0 ], [ -121.941563305918422, 39.002651539649271, 0.0 ], [ -121.941552885315261, 39.000056295862628, 0.0 ], [ -121.941480721026039, 39.000055638414352, 0.0 ], [ -121.941441751665593, 39.000055284827653, 0.0 ], [ -121.941437128532101, 38.998672057151573, 0.0 ], [ -121.941453727437803, 38.998672206860611, 0.0 ], [ -121.941549770435344, 38.998668575445521, 0.0 ], [ -121.941569253581221, 38.998668752206754, 0.0 ], [ -121.945480526602211, 38.998699755095814, 0.0 ], [ -121.945524546737175, 38.998700154783492, 0.0 ], [ -121.945570007861178, 38.998700566577334, 0.0 ], [ -121.949900430478792, 38.998694669967492, 0.0 ], [ -121.95064378172242, 38.999233022543201, 0.0 ], [ -121.950638205538283, 38.999512314638096, 0.0 ], [ -121.950649627497981, 39.000057581675172, 0.0 ], [ -121.950579522939549, 39.002800780387389, 0.0 ], [ -121.950570020234295, 39.004030687565788, 0.0 ], [ -121.950560264528079, 39.00488663890156, 0.0 ], [ -121.950544463003453, 39.006738241927273, 0.0 ], [ -121.95054727101369, 39.00742760367919, 0.0 ], [ -121.95055843177866, 39.009603843580869, 0.0 ], [ -121.950577511284507, 39.011244003524737, 0.0 ], [ -121.950600696481374, 39.012703982255886, 0.0 ], [ -121.950601008173521, 39.012780577831428, 0.0 ], [ -121.950517282138151, 39.012779823706865, 0.0 ], [ -121.945534378143392, 39.012770821075684, 0.0 ] ] ] ] } },
{ "type": "Feature", "properties": { "Name": "100G", "FolderPath": "FishFood2023Final.kmz/FishFood2023Final/RD108/Fields/individual fields", "SymbolID": 0, "AltMode": 0, "Base": 0.0, "Clamped": -1, "Extruded": 0, "Snippet": null, "PopupInfo": "<html xmlns:fo=\"http://www.w3.org/1999/XSL/Format\" xmlns:msxsl=\"urn:schemas-microsoft-com:xslt\">\n\n<head>\n\n<META http-equiv=\"Content-Type\" content=\"text/html\">\n\n<meta http-equiv=\"content-type\" content=\"text/html; charset=UTF-8\">\n\n</head>\n\n<body style=\"mar", "Shape_Leng": 2600.50233845, "Shape_Area": 387609.25024999998, "OBJECTID": null, "Type": null, "Owner": null, "Access": null, "Feature_ID": null, "layer": "FishFoodFields", "path": "D:/seths_msi/Documents/CalTrout Mapping Projects/CalTrout_imagery_2023/FishFoodFields.shp", "field_id": null, "joined_Name": "100G" }, "geometry": { "type": "MultiPolygon", "coordinates": [ [ [ [ -121.960467175336206, 39.025475398404588, 0.0 ], [ -121.956760170940754, 39.024757395383411, 0.0 ], [ -121.953928143300132, 39.024195821882998, 0.0 ], [ -121.950932894154192, 39.023592160574658, 0.0 ], [ -121.950928718208814, 39.023483991865916, 0.0 ], [ -121.950954281462273, 39.022682253138491, 0.0 ], [ -121.950963174179407, 39.021884867172105, 0.0 ], [ -121.950976243588997, 39.021195650756169, 0.0 ], [ -121.950985566311346, 39.020222556479744, 0.0 ], [ -121.954253039355009, 39.020224932732503, 0.0 ], [ -121.958042801601394, 39.020254422351108, 0.0 ], [ -121.960212345377855, 39.020296356245595, 0.0 ], [ -121.960228957381361, 39.02032726792833, 0.0 ], [ -121.960275598723172, 39.020414064161677, 0.0 ], [ -121.960314276502714, 39.021815605305804, 0.0 ], [ -121.960369488832043, 39.023271358650398, 0.0 ], [ -121.960447804993663, 39.02472732024043, 0.0 ], [ -121.960467175336206, 39.025475398404588, 0.0 ] ] ] ] } },
{ "type": "Feature", "properties": { "Name": "100M1", "FolderPath": "FishFood2023Final.kmz/FishFood2023Final/RD108/Fields/individual fields", "SymbolID": 0, "AltMode": 0, "Base": 0.0, "Clamped": -1, "Extruded": 0, "Snippet": null, "PopupInfo": "<html xmlns:fo=\"http://www.w3.org/1999/XSL/Format\" xmlns:msxsl=\"urn:schemas-microsoft-com:xslt\">\n\n<head>\n\n<META http-equiv=\"Content-Type\" content=\"text/html\">\n\n<meta http-equiv=\"content-type\" content=\"text/html; charset=UTF-8\">\n\n</head>\n\n<body style=\"mar", "Shape_Leng": 2843.4864691299999, "Shape_Area": 495254.30173299997, "OBJECTID": null, "Type": null, "Owner": null, "Access": null, "Feature_ID": null, "layer": "FishFoodFields", "path": "D:/seths_msi/Documents/CalTrout Mapping Projects/CalTrout_imagery_2023/FishFoodFields.shp", "field_id": null, "joined_Name": "100M1" }, "geometry": { "type": "MultiPolygon", "coordinates": [ [ [ [ -121.960332148674993, 39.022286845003492, 0.0 ], [ -121.969265289731453, 39.022224425778333, 0.0 ], [ -121.969350143911598, 39.024711894136928, 0.0 ], [ -121.969358099724914, 39.026302389201696, 0.0 ], [ -121.969399953278227, 39.027248904304045, 0.0 ], [ -121.969485862682433, 39.027249665141753, 0.0 ], [ -121.969124599285749, 39.02776459146007, 0.0 ], [ -121.968137837263086, 39.02913901889189, 0.0 ], [ -121.967964510612902, 39.029290667104924, 0.0 ], [ -121.967624342279066, 39.029197540396154, 0.0 ], [ -121.967341930992816, 39.029154485493379, 0.0 ], [ -121.967165710831821, 39.029107867473762, 0.0 ], [ -121.966688895239272, 39.0284818822104, 0.0 ], [ -121.966480059200862, 39.02839442378108, 0.0 ], [ -121.964917288969858, 39.028056487825602, 0.0 ], [ -121.963829205016438, 39.027821184129934, 0.0 ], [ -121.960515162060531, 39.027079767105803, 0.0 ], [ -121.96051509999289, 39.027034711528508, 0.0 ], [ -121.960514451856127, 39.02693108099777, 0.0 ], [ -121.960512703096995, 39.026606673729141, 0.0 ], [ -121.960469333248355, 39.02557453781322, 0.0 ], [ -121.960467175336206, 39.025475398404588, 0.0 ], [ -121.960447804993663, 39.02472732024043, 0.0 ], [ -121.960369488832043, 39.023271358650398, 0.0 ], [ -121.960332148674993, 39.022286845003492, 0.0 ] ] ] ] } },
{ "type": "Feature", "properties": { "Name": "100N", "FolderPath": "FishFood2023Final.kmz/FishFood2023Final/RD108/Fields/individual fields", "SymbolID": 0, "AltMode": 0, "Base": 0.0, "Clamped": -1, "Extruded": 0, "Snippet": null, "PopupInfo": "<html xmlns:fo=\"http://www.w3.org/1999/XSL/Format\" xmlns:msxsl=\"urn:schemas-microsoft-com:xslt\">\n\n<head>\n\n<META http-equiv=\"Content-Type\" content=\"text/html\">\n\n<meta http-equiv=\"content-type\" content=\"text/html; charset=UTF-8\">\n\n</head>\n\n<body style=\"mar", "Shape_Leng": 2660.7754912, "Shape_Area": 432378.32512300002, "OBJECTID": null, "Type": null, "Owner": null, "Access": null, "Feature_ID": null, "layer": "FishFoodFields", "path": "D:/seths_msi/Documents/CalTrout Mapping Projects/CalTrout_imagery_2023/FishFoodFields.shp", "field_id": null, "joined_Name": "100N" }, "geometry": { "type": "MultiPolygon", "coordinates": [ [ [ [ -121.964191988886256, 39.034231158726328, 0.0 ], [ -121.960314173403475, 39.034246137395996, 0.0 ], [ -121.960349249021348, 39.033084044338132, 0.0 ], [ -121.960365577778788, 39.031574866837886, 0.0 ], [ -121.960369565727689, 39.030070084456938, 0.0 ], [ -121.96033870243167, 39.028578504859034, 0.0 ], [ -121.960348065991795, 39.027150361382958, 0.0 ], [ -121.96637419788712, 39.028474581170862, 0.0 ], [ -121.96660771153185, 39.028553248322758, 0.0 ], [ -121.966957792768596, 39.029056462049176, 0.0 ], [ -121.967197220550105, 39.029373968446443, 0.0 ], [ -121.967230235775318, 39.029586016700399, 0.0 ], [ -121.968007151475803, 39.030827401781764, 0.0 ], [ -121.968201308263815, 39.031279668758657, 0.0 ], [ -121.968458463591929, 39.031421617477427, 0.0 ], [ -121.968795960561394, 39.031699439210115, 0.0 ], [ -121.969181108866991, 39.031977684714946, 0.0 ], [ -121.969098757728574, 39.032377940171735, 0.0 ], [ -121.96887272198073, 39.032529123739607, 0.0 ], [ -121.968338598572231, 39.032763176792876, 0.0 ], [ -121.967071080249028, 39.033229509998343, 0.0 ], [ -121.967034587390302, 39.033305778503681, 0.0 ], [ -121.96677473851021, 39.033348526492453, 0.0 ], [ -121.966289829435823, 39.033425317155853, 0.0 ], [ -121.965852570205314, 39.033502530095731, 0.0 ], [ -121.965674766076859, 39.033613586432729, 0.0 ], [ -121.965472739443442, 39.033701899252911, 0.0 ], [ -121.964962817855053, 39.03390912017629, 0.0 ], [ -121.964191988886256, 39.034231158726328, 0.0 ] ] ] ] } },
{ "type": "Feature", "properties": { "Name": "102D", "FolderPath": "FishFood2023Final.kmz/FishFood2023Final/RD108/Fields/individual fields", "SymbolID": 0, "AltMode": 0, "Base": 0.0, "Clamped": -1, "Extruded": 0, "Snippet": null, "PopupInfo": "<html xmlns:fo=\"http://www.w3.org/1999/XSL/Format\" xmlns:msxsl=\"urn:schemas-microsoft-com:xslt\">\n\n<head>\n\n<META http-equiv=\"Content-Type\" content=\"text/html\">\n\n<meta http-equiv=\"content-type\" content=\"text/html; charset=UTF-8\">\n\n</head>\n\n<body style=\"mar", "Shape_Leng": 3984.4194926700002, "Shape_Area": 670379.91524400003, "OBJECTID": null, "Type": null, "Owner": null, "Access": null, "Feature_ID": null, "layer": "FishFoodFields", "path": "D:/seths_msi/Documents/CalTrout Mapping Projects/CalTrout_imagery_2023/FishFoodFields.shp", "field_id": null, "joined_Name": "102D" }, "geometry": { "type": "MultiPolygon", "coordinates": [ [ [ [ -121.913838297560261, 39.000053226810557, 0.0 ], [ -121.913857209998397, 38.998440443304631, 0.0 ], [ -121.918814335358562, 38.998558691490608, 0.0 ], [ -121.918737424753729, 39.000053792835537, 0.0 ], [ -121.918714221026619, 39.00432926996853, 0.0 ], [ -121.918671387831409, 39.009609275770586, 0.0 ], [ -121.918668876589649, 39.012524286806368, 0.0 ], [ -121.918043110824513, 39.012518470942581, 0.0 ], [ -121.917854254271035, 39.012642867730349, 0.0 ], [ -121.917829715016367, 39.012642639183234, 0.0 ], [ -121.913735101975007, 39.012608996416311, 0.0 ], [ -121.913731711454531, 39.008252182758376, 0.0 ], [ -121.91375107383962, 39.003634261200148, 0.0 ], [ -121.913838297560261, 39.000053226810557, 0.0 ] ] ] ] } },
{ "type": "Feature", "properties": { "Name": "102G", "FolderPath": "FishFood2023Final.kmz/FishFood2023Final/RD108/Fields/individual fields", "SymbolID": 0, "AltMode": 0, "Base": 0.0, "Clamped": -1, "Extruded": 0, "Snippet": null, "PopupInfo": "<html xmlns:fo=\"http://www.w3.org/1999/XSL/Format\" xmlns:msxsl=\"urn:schemas-microsoft-com:xslt\">\n\n<head>\n\n<META http-equiv=\"Content-Type\" content=\"text/html\">\n\n<meta http-equiv=\"content-type\" content=\"text/html; charset=UTF-8\">\n\n</head>\n\n<body style=\"mar", "Shape_Leng": 3920.1436370599999, "Shape_Area": 657594.39550800005, "OBJECTID": null, "Type": null, "Owner": null, "Access": null, "Feature_ID": null, "layer": "FishFoodFields", "path": "D:/seths_msi/Documents/CalTrout Mapping Projects/CalTrout_imagery_2023/FishFoodFields.shp", "field_id": null, "joined_Name": "102G" }, "geometry": { "type": "MultiPolygon", "coordinates": [ [ [ [ -121.926844262854289, 39.012599964878824, 0.0 ], [ -121.926712180832752, 39.012598746996687, 0.0 ], [ -121.926747296198272, 39.011373584859456, 0.0 ], [ -121.926778636141734, 39.009729380265824, 0.0 ], [ -121.926747497411796, 39.008111630746946, 0.0 ], [ -121.926778152229247, 39.006512474029059, 0.0 ], [ -121.926808084301214, 39.004913309322269, 0.0 ], [ -121.926813926345673, 39.003331943707828, 0.0 ], [ -121.926818842609805, 39.001764085693978, 0.0 ], [ -121.926900915935377, 39.000057269732096, 0.0 ], [ -121.92704819852554, 39.00005412157789, 0.0 ], [ -121.927031054399109, 38.998801441225545, 0.0 ], [ -121.928975825852234, 38.9988193554044, 0.0 ], [ -121.931791574073031, 38.998894794901496, 0.0 ], [ -121.931895489164262, 38.998895748133165, 0.0 ], [ -121.931882389946807, 39.000053539089571, 0.0 ], [ -121.931794174484281, 39.00265688993651, 0.0 ], [ -121.931788308223759, 39.004247267317282, 0.0 ], [ -121.931780995489603, 39.005981804633286, 0.0 ], [ -121.931761478630392, 39.007711723284487, 0.0 ], [ -121.931728901744464, 39.009446029143554, 0.0 ], [ -121.931709178546626, 39.011189461407916, 0.0 ], [ -121.931692683233933, 39.012622047425296, 0.0 ], [ -121.9304317639874, 39.012610465118875, 0.0 ], [ -121.926844262854289, 39.012599964878824, 0.0 ] ] ] ] } },
{ "type": "Feature", "properties": { "Name": "102J", "FolderPath": "FishFood2023Final.kmz/FishFood2023Final/RD108/Fields/individual fields", "SymbolID": 0, "AltMode": 0, "Base": 0.0, "Clamped": -1, "Extruded": 0, "Snippet": null, "PopupInfo": "<html xmlns:fo=\"http://www.w3.org/1999/XSL/Format\" xmlns:msxsl=\"urn:schemas-microsoft-com:xslt\">\n\n<head>\n\n<META http-equiv=\"Content-Type\" content=\"text/html\">\n\n<meta http-equiv=\"content-type\" content=\"text/html; charset=UTF-8\">\n\n</head>\n\n<body style=\"mar", "Shape_Leng": 2551.5276723400002, "Shape_Area": 359639.52465500002, "OBJECTID": null, "Type": null, "Owner": null, "Access": null, "Feature_ID": null, "layer": "FishFoodFields", "path": "D:/seths_msi/Documents/CalTrout Mapping Projects/CalTrout_imagery_2023/FishFoodFields.shp", "field_id": null, "joined_Name": "102J" }, "geometry": { "type": "MultiPolygon", "coordinates": [ [ [ [ -121.931444478345711, 39.012998227436853, 0.0 ], [ -121.931558156170453, 39.013071358561312, 0.0 ], [ -121.931634513120542, 39.013801943224109, 0.0 ], [ -121.93166406420076, 39.015676485949484, 0.0 ], [ -121.931641153802687, 39.019406794731971, 0.0 ], [ -121.931653797142715, 39.020821624560561, 0.0 ], [ -121.929169132405548, 39.020803292663516, 0.0 ], [ -121.92686314789529, 39.020809083816047, 0.0 ], [ -121.926848801454852, 39.019083361598035, 0.0 ], [ -121.926852014870278, 39.015956603461589, 0.0 ], [ -121.92684233169048, 39.01301444977058, 0.0 ], [ -121.928652999186028, 39.012999594369617, 0.0 ], [ -121.931444478345711, 39.012998227436853, 0.0 ] ] ] ] } },
{ "type": "Feature", "properties": { "Name": "106H6", "FolderPath": "FishFood2023Final.kmz/FishFood2023Final/RD108/Fields/individual fields", "SymbolID": 0, "AltMode": 0, "Base": 0.0, "Clamped": -1, "Extruded": 0, "Snippet": null, "PopupInfo": "<html xmlns:fo=\"http://www.w3.org/1999/XSL/Format\" xmlns:msxsl=\"urn:schemas-microsoft-com:xslt\">\n\n<head>\n\n<META http-equiv=\"Content-Type\" content=\"text/html\">\n\n<meta http-equiv=\"content-type\" content=\"text/html; charset=UTF-8\">\n\n</head>\n\n<body style=\"mar", "Shape_Leng": 1487.1352354400001, "Shape_Area": 137763.21496499999, "OBJECTID": null, "Type": null, "Owner": null, "Access": null, "Feature_ID": null, "layer": "FishFoodFields", "path": "D:/seths_msi/Documents/CalTrout Mapping Projects/CalTrout_imagery_2023/FishFoodFields.shp", "field_id": null, "joined_Name": "106H6" }, "geometry": { "type": "MultiPolygon", "coordinates": [ [ [ [ -121.908693807407417, 39.015977282771416, 0.0 ], [ -121.908728789410645, 39.019165272027045, 0.0 ], [ -121.904159686326935, 39.019113189681697, 0.0 ], [ -121.904144723903386, 39.01736245563005, 0.0 ], [ -121.904161551471432, 39.01600242614294, 0.0 ], [ -121.905558892941485, 39.016003307958428, 0.0 ], [ -121.908693807407417, 39.015977282771416, 0.0 ] ] ] ] } },
{ "type": "Feature", "properties": { "Name": "106H3", "FolderPath": "FishFood2023Final.kmz/FishFood2023Final/RD108/Fields/individual fields", "SymbolID": 0, "AltMode": 0, "Base": 0.0, "Clamped": -1, "Extruded": 0, "Snippet": null, "PopupInfo": "<html xmlns:fo=\"http://www.w3.org/1999/XSL/Format\" xmlns:msxsl=\"urn:schemas-microsoft-com:xslt\">\n\n<head>\n\n<META http-equiv=\"Content-Type\" content=\"text/html\">\n\n<meta http-equiv=\"content-type\" content=\"text/html; charset=UTF-8\">\n\n</head>\n\n<body style=\"mar", "Shape_Leng": 1932.5936588300001, "Shape_Area": 227100.67226799999, "OBJECTID": null, "Type": null, "Owner": null, "Access": null, "Feature_ID": null, "layer": "FishFoodFields", "path": "D:/seths_msi/Documents/CalTrout Mapping Projects/CalTrout_imagery_2023/FishFoodFields.shp", "field_id": null, "joined_Name": "106H3" }, "geometry": { "type": "MultiPolygon", "coordinates": [ [ [ [ -121.913479641483775, 39.029300366705243, 0.0 ], [ -121.908753748412721, 39.029358659097063, 0.0 ], [ -121.908690137597148, 39.026880136884969, 0.0 ], [ -121.908709246190895, 39.024333156250457, 0.0 ], [ -121.913439607107932, 39.024293994445209, 0.0 ], [ -121.913408670095052, 39.027054946587583, 0.0 ], [ -121.913417192463626, 39.027866007464219, 0.0 ], [ -121.91342059458043, 39.028681525118699, 0.0 ], [ -121.913424701678935, 39.029073538017194, 0.0 ], [ -121.913424756059328, 39.029078361196561, 0.0 ], [ -121.913479641483775, 39.029300366705243, 0.0 ] ] ] ] } },
{ "type": "Feature", "properties": { "Name": "106H4", "FolderPath": "FishFood2023Final.kmz/FishFood2023Final/RD108/Fields/individual fields", "SymbolID": 0, "AltMode": 0, "Base": 0.0, "Clamped": -1, "Extruded": 0, "Snippet": null, "PopupInfo": "<html xmlns:fo=\"http://www.w3.org/1999/XSL/Format\" xmlns:msxsl=\"urn:schemas-microsoft-com:xslt\">\n\n<head>\n\n<META http-equiv=\"Content-Type\" content=\"text/html\">\n\n<meta http-equiv=\"content-type\" content=\"text/html; charset=UTF-8\">\n\n</head>\n\n<body style=\"mar", "Shape_Leng": 1927.4087626200001, "Shape_Area": 228923.9544, "OBJECTID": null, "Type": null, "Owner": null, "Access": null, "Feature_ID": null, "layer": "FishFoodFields", "path": "D:/seths_msi/Documents/CalTrout Mapping Projects/CalTrout_imagery_2023/FishFoodFields.shp", "field_id": null, "joined_Name": "106H4" }, "geometry": { "type": "MultiPolygon", "coordinates": [ [ [ [ -121.908761338527, 39.024295520868897, 0.0 ], [ -121.908761965361634, 39.019269643051899, 0.0 ], [ -121.913463579653708, 39.019242413225982, 0.0 ], [ -121.913563723865792, 39.021030584166859, 0.0 ], [ -121.91346404082833, 39.024244030891239, 0.0 ], [ -121.908761338527, 39.024295520868897, 0.0 ] ] ] ] } },
{ "type": "Feature", "properties": { "Name": "106H2", "FolderPath": "FishFood2023Final.kmz/FishFood2023Final/RD108/Fields/individual fields", "SymbolID": 0, "AltMode": 0, "Base": 0.0, "Clamped": -1, "Extruded": 0, "Snippet": null, "PopupInfo": "<html xmlns:fo=\"http://www.w3.org/1999/XSL/Format\" xmlns:msxsl=\"urn:schemas-microsoft-com:xslt\">\n\n<head>\n\n<META http-equiv=\"Content-Type\" content=\"text/html\">\n\n<meta http-equiv=\"content-type\" content=\"text/html; charset=UTF-8\">\n\n</head>\n\n<body style=\"mar", "Shape_Leng": 2251.9253452100002, "Shape_Area": 296660.82136399997, "OBJECTID": null, "Type": null, "Owner": null, "Access": null, "Feature_ID": null, "layer": "FishFoodFields", "path": "D:/seths_msi/Documents/CalTrout Mapping Projects/CalTrout_imagery_2023/FishFoodFields.shp", "field_id": null, "joined_Name": "106H2" }, "geometry": { "type": "MultiPolygon", "coordinates": [ [ [ [ -121.908728789410645, 39.019165272027045, 0.0 ], [ -121.908693807407417, 39.015977282771416, 0.0 ], [ -121.908774250082374, 39.01269533358429, 0.0 ], [ -121.913537368495881, 39.012743348970268, 0.0 ], [ -121.913474441648034, 39.019061264688652, 0.0 ], [ -121.913410951199936, 39.019184630229127, 0.0 ], [ -121.908728789410645, 39.019165272027045, 0.0 ] ] ] ] } },
{ "type": "Feature", "properties": { "Name": "106H2", "FolderPath": "FishFood2023Final.kmz/FishFood2023Final/RD108/Fields/individual fields", "SymbolID": 0, "AltMode": 0, "Base": 0.0, "Clamped": -1, "Extruded": 0, "Snippet": null, "PopupInfo": "<html xmlns:fo=\"http://www.w3.org/1999/XSL/Format\" xmlns:msxsl=\"urn:schemas-microsoft-com:xslt\">\n\n<head>\n\n<META http-equiv=\"Content-Type\" content=\"text/html\">\n\n<meta http-equiv=\"content-type\" content=\"text/html; charset=UTF-8\">\n\n</head>\n\n<body style=\"mar", "Shape_Leng": 1519.69101531, "Shape_Area": 143994.75784599999, "OBJECTID": null, "Type": null, "Owner": null, "Access": null, "Feature_ID": null, "layer": "FishFoodFields", "path": "D:/seths_msi/Documents/CalTrout Mapping Projects/CalTrout_imagery_2023/FishFoodFields.shp", "field_id": null, "joined_Name": "106H2" }, "geometry": { "type": "MultiPolygon", "coordinates": [ [ [ [ -121.908710809704985, 39.012695439363, 0.0 ], [ -121.908693807407417, 39.015977282771416, 0.0 ], [ -121.905558892941485, 39.016003307958428, 0.0 ], [ -121.904161551471432, 39.01600242614294, 0.0 ], [ -121.904168108365226, 39.01407583573635, 0.0 ], [ -121.904137904450693, 39.012695099761906, 0.0 ], [ -121.908710809704985, 39.012695439363, 0.0 ] ] ] ] } },
{ "type": "Feature", "properties": { "Name": "110F", "FolderPath": "FishFood2023Final.kmz/FishFood2023Final/RD108/Fields/individual fields", "SymbolID": 0, "AltMode": 0, "Base": 0.0, "Clamped": -1, "Extruded": 0, "Snippet": null, "PopupInfo": "<html xmlns:fo=\"http://www.w3.org/1999/XSL/Format\" xmlns:msxsl=\"urn:schemas-microsoft-com:xslt\">\n\n<head>\n\n<META http-equiv=\"Content-Type\" content=\"text/html\">\n\n<meta http-equiv=\"content-type\" content=\"text/html; charset=UTF-8\">\n\n</head>\n\n<body style=\"mar", "Shape_Leng": 2978.1259555000001, "Shape_Area": 425952.86741100001, "OBJECTID": null, "Type": null, "Owner": null, "Access": null, "Feature_ID": null, "layer": "FishFoodFields", "path": "D:/seths_msi/Documents/CalTrout Mapping Projects/CalTrout_imagery_2023/FishFoodFields.shp", "field_id": null, "joined_Name": "110F" }, "geometry": { "type": "MultiPolygon", "coordinates": [ [ [ [ -121.890412016517203, 39.012406986768532, 0.0 ], [ -121.890347782647126, 39.01240637395631, 0.0 ], [ -121.889062994611265, 39.01239862373145, 0.0 ], [ -121.885847594615299, 39.012367885255678, 0.0 ], [ -121.885873318381499, 39.010728143975051, 0.0 ], [ -121.885914027041792, 39.009237224805879, 0.0 ], [ -121.885943751082053, 39.007710157294753, 0.0 ], [ -121.886009770220923, 39.006169920398982, 0.0 ], [ -121.88602736429111, 39.004633723448286, 0.0 ], [ -121.886057803278959, 39.003106660649074, 0.0 ], [ -121.886073098101832, 39.002453515865689, 0.0 ], [ -121.890487431173867, 39.002495681748684, 0.0 ], [ -121.890424099386763, 39.005626378836958, 0.0 ], [ -121.890412016517203, 39.012406986768532, 0.0 ] ] ] ] } },
{ "type": "Feature", "properties": { "Name": "110G", "FolderPath": "FishFood2023Final.kmz/FishFood2023Final/RD108/Fields/individual fields", "SymbolID": 0, "AltMode": 0, "Base": 0.0, "Clamped": -1, "Extruded": 0, "Snippet": null, "PopupInfo": "<html xmlns:fo=\"http://www.w3.org/1999/XSL/Format\" xmlns:msxsl=\"urn:schemas-microsoft-com:xslt\">\n\n<head>\n\n<META http-equiv=\"Content-Type\" content=\"text/html\">\n\n<meta http-equiv=\"content-type\" content=\"text/html; charset=UTF-8\">\n\n</head>\n\n<body style=\"mar", "Shape_Leng": 2211.3330523599998, "Shape_Area": 294519.90105599997, "OBJECTID": null, "Type": null, "Owner": null, "Access": null, "Feature_ID": null, "layer": "FishFoodFields", "path": "D:/seths_msi/Documents/CalTrout Mapping Projects/CalTrout_imagery_2023/FishFoodFields.shp", "field_id": null, "joined_Name": "110G" }, "geometry": { "type": "MultiPolygon", "coordinates": [ [ [ [ -121.893803094400496, 39.000044731396407, 0.0 ], [ -121.893236263561391, 39.001683838004176, 0.0 ], [ -121.892087024026637, 39.002299165130033, 0.0 ], [ -121.890186922165114, 39.00228106035884, 0.0 ], [ -121.88714431431471, 39.002261017277597, 0.0 ], [ -121.88600713775719, 39.002241126727021, 0.0 ], [ -121.886004079890398, 39.000042427685344, 0.0 ], [ -121.886075349375531, 38.998398617780936, 0.0 ], [ -121.886176133124906, 38.998322991033064, 0.0 ], [ -121.88967669077509, 38.998261824163755, 0.0 ], [ -121.894606999883507, 38.998290733913677, 0.0 ], [ -121.894147785694955, 38.999322626905403, 0.0 ], [ -121.893803094400496, 39.000044731396407, 0.0 ] ] ] ] } },
{ "type": "Feature", "properties": { "Name": "110J", "FolderPath": "FishFood2023Final.kmz/FishFood2023Final/RD108/Fields/individual fields", "SymbolID": 0, "AltMode": 0, "Base": 0.0, "Clamped": -1, "Extruded": 0, "Snippet": null, "PopupInfo": "<html xmlns:fo=\"http://www.w3.org/1999/XSL/Format\" xmlns:msxsl=\"urn:schemas-microsoft-com:xslt\">\n\n<head>\n\n<META http-equiv=\"Content-Type\" content=\"text/html\">\n\n<meta http-equiv=\"content-type\" content=\"text/html; charset=UTF-8\">\n\n</head>\n\n<body style=\"mar", "Shape_Leng": 4237.8090262400001, "Shape_Area": 868602.83034300001, "OBJECTID": null, "Type": null, "Owner": null, "Access": null, "Feature_ID": null, "layer": "FishFoodFields", "path": "D:/seths_msi/Documents/CalTrout Mapping Projects/CalTrout_imagery_2023/FishFoodFields.shp", "field_id": null, "joined_Name": "110J" }, "geometry": { "type": "MultiPolygon", "coordinates": [ [ [ [ -121.894129269023111, 39.000047830957634, 0.0 ], [ -121.894829405702666, 38.998468559251364, 0.0 ], [ -121.89800873266735, 38.998458157627539, 0.0 ], [ -121.898080287110517, 38.998544438988226, 0.0 ], [ -121.898006410013352, 39.000048564157538, 0.0 ], [ -121.897992586828948, 39.005500050506285, 0.0 ], [ -121.897924884118993, 39.012469362879912, 0.0 ], [ -121.897478769378168, 39.012469642903767, 0.0 ], [ -121.890506566961548, 39.012407887895897, 0.0 ], [ -121.890513788535884, 39.010975219952719, 0.0 ], [ -121.890534104242221, 39.009443556238786, 0.0 ], [ -121.890532126928633, 39.007398056350816, 0.0 ], [ -121.890557815139587, 39.006307978763836, 0.0 ], [ -121.890556227195702, 39.004699512985368, 0.0 ], [ -121.890611281958641, 39.003069057951159, 0.0 ], [ -121.890605059448617, 39.002496804016538, 0.0 ], [ -121.891471832645493, 39.002500556932368, 0.0 ], [ -121.892216506020631, 39.002512153227492, 0.0 ], [ -121.893514135399855, 39.001776590174309, 0.0 ], [ -121.894129269023111, 39.000047830957634, 0.0 ] ] ] ] } },
{ "type": "Feature", "properties": { "Name": "110K", "FolderPath": "FishFood2023Final.kmz/FishFood2023Final/RD108/Fields/individual fields", "SymbolID": 0, "AltMode": 0, "Base": 0.0, "Clamped": -1, "Extruded": 0, "Snippet": null, "PopupInfo": "<html xmlns:fo=\"http://www.w3.org/1999/XSL/Format\" xmlns:msxsl=\"urn:schemas-microsoft-com:xslt\">\n\n<head>\n\n<META http-equiv=\"Content-Type\" content=\"text/html\">\n\n<meta http-equiv=\"content-type\" content=\"text/html; charset=UTF-8\">\n\n</head>\n\n<body style=\"mar", "Shape_Leng": 4319.86408252, "Shape_Area": 932902.18571300001, "OBJECTID": null, "Type": null, "Owner": null, "Access": null, "Feature_ID": null, "layer": "FishFoodFields", "path": "D:/seths_msi/Documents/CalTrout Mapping Projects/CalTrout_imagery_2023/FishFoodFields.shp", "field_id": null, "joined_Name": "110K" }, "geometry": { "type": "MultiPolygon", "coordinates": [ [ [ [ -121.89844306423835, 39.000048192395553, 0.0 ], [ -121.898459492059303, 38.999268902566847, 0.0 ], [ -121.89846590716337, 38.998530066734624, 0.0 ], [ -121.898600222309511, 38.998432217359415, 0.0 ], [ -121.903937962586525, 38.998437556272457, 0.0 ], [ -121.90426022594184, 39.000049042815583, 0.0 ], [ -121.904467883328408, 39.001326046416416, 0.0 ], [ -121.904618972279962, 39.002246583489651, 0.0 ], [ -121.904868193056629, 39.003496944115447, 0.0 ], [ -121.905120820605674, 39.00499513677461, 0.0 ], [ -121.90547320421328, 39.006859208325452, 0.0 ], [ -121.905751711431066, 39.008272038129888, 0.0 ], [ -121.906042608652058, 39.009630917200525, 0.0 ], [ -121.906189345855879, 39.010461303093088, 0.0 ], [ -121.906573692752147, 39.012456328118077, 0.0 ], [ -121.898237472517863, 39.012467817379644, 0.0 ], [ -121.898269546970397, 39.010400112560916, 0.0 ], [ -121.898289376408925, 39.007399662381559, 0.0 ], [ -121.898300570570669, 39.002907816514998, 0.0 ], [ -121.898371856460088, 39.000637735526951, 0.0 ], [ -121.89844306423835, 39.000048192395553, 0.0 ] ] ] ] } },
{ "type": "Feature", "properties": { "Name": "110L", "FolderPath": "FishFood2023Final.kmz/FishFood2023Final/RD108/Fields/individual fields", "SymbolID": 0, "AltMode": 0, "Base": 0.0, "Clamped": -1, "Extruded": 0, "Snippet": null, "PopupInfo": "<html xmlns:fo=\"http://www.w3.org/1999/XSL/Format\" xmlns:msxsl=\"urn:schemas-microsoft-com:xslt\">\n\n<head>\n\n<META http-equiv=\"Content-Type\" content=\"text/html\">\n\n<meta http-equiv=\"content-type\" content=\"text/html; charset=UTF-8\">\n\n</head>\n\n<body style=\"mar", "Shape_Leng": 4566.2933973600002, "Shape_Area": 1079778.09981, "OBJECTID": null, "Type": null, "Owner": null, "Access": null, "Feature_ID": null, "layer": "FishFoodFields", "path": "D:/seths_msi/Documents/CalTrout Mapping Projects/CalTrout_imagery_2023/FishFoodFields.shp", "field_id": null, "joined_Name": "110L" }, "geometry": { "type": "MultiPolygon", "coordinates": [ [ [ [ -121.904662966791008, 39.000048329232357, 0.0 ], [ -121.904442791838278, 38.998211730578902, 0.0 ], [ -121.907191856910956, 38.998190120433733, 0.0 ], [ -121.911498630688257, 38.998229228780069, 0.0 ], [ -121.913621467669188, 38.998254658700688, 0.0 ], [ -121.913455765618366, 39.000054162100156, 0.0 ], [ -121.913419391151038, 39.002432709552153, 0.0 ], [ -121.913419966953697, 39.008199713523275, 0.0 ], [ -121.913412507595979, 39.012651040644293, 0.0 ], [ -121.908701755327087, 39.012643005284822, 0.0 ], [ -121.906950979038726, 39.012613058071878, 0.0 ], [ -121.906894665307348, 39.012472859986055, 0.0 ], [ -121.906647361511816, 39.010812527381155, 0.0 ], [ -121.906380986445896, 39.009453879898011, 0.0 ], [ -121.906125099937782, 39.008117857402063, 0.0 ], [ -121.905892385571846, 39.006777547729051, 0.0 ], [ -121.905648062801447, 39.005441632140887, 0.0 ], [ -121.905415367364355, 39.004101320286651, 0.0 ], [ -121.905147246391607, 39.002765178952878, 0.0 ], [ -121.904902325789067, 39.00146980408153, 0.0 ], [ -121.904662966791008, 39.000048329232357, 0.0 ] ] ] ] } },
{ "type": "Feature", "properties": { "Name": "111A", "FolderPath": "FishFood2023Final.kmz/FishFood2023Final/RD108/Fields/individual fields", "SymbolID": 0, "AltMode": 0, "Base": 0.0, "Clamped": -1, "Extruded": 0, "Snippet": null, "PopupInfo": "<html xmlns:fo=\"http://www.w3.org/1999/XSL/Format\" xmlns:msxsl=\"urn:schemas-microsoft-com:xslt\">\n\n<head>\n\n<META http-equiv=\"Content-Type\" content=\"text/html\">\n\n<meta http-equiv=\"content-type\" content=\"text/html; charset=UTF-8\">\n\n</head>\n\n<body style=\"mar", "Shape_Leng": 1750.6394957299999, "Shape_Area": 185085.17000300001, "OBJECTID": null, "Type": null, "Owner": null, "Access": null, "Feature_ID": null, "layer": "FishFoodFields", "path": "D:/seths_msi/Documents/CalTrout Mapping Projects/CalTrout_imagery_2023/FishFoodFields.shp", "field_id": null, "joined_Name": "111A" }, "geometry": { "type": "MultiPolygon", "coordinates": [ [ [ [ -121.874761700345957, 39.043222683321432, 0.0 ], [ -121.874503925600308, 39.043220192329841, 0.0 ], [ -121.87433172313122, 39.043286106898172, 0.0 ], [ -121.874274309914711, 39.043673018974076, 0.0 ], [ -121.874251904307542, 39.043992688777912, 0.0 ], [ -121.874248259868267, 39.044222430404076, 0.0 ], [ -121.874142930945368, 39.044352070251215, 0.0 ], [ -121.873848931782831, 39.044538453905474, 0.0 ], [ -121.873692905476659, 39.04463155827316, 0.0 ], [ -121.873708804855298, 39.04472182106808, 0.0 ], [ -121.873741668968165, 39.044789720381949, 0.0 ], [ -121.873706872090509, 39.044843448981041, 0.0 ], [ -121.873585291953475, 39.044950404043519, 0.0 ], [ -121.873532165175007, 39.045067030211342, 0.0 ], [ -121.873509898758755, 39.045377689299656, 0.0 ], [ -121.872813107677686, 39.045506107070459, 0.0 ], [ -121.869094588420708, 39.045411463470778, 0.0 ], [ -121.869099775560173, 39.045267339041075, 0.0 ], [ -121.869116707322732, 39.044024003247614, 0.0 ], [ -121.869127570279062, 39.042753575572902, 0.0 ], [ -121.869149643776879, 39.041686000368749, 0.0 ], [ -121.870001802411281, 39.04173032093621, 0.0 ], [ -121.870785222700249, 39.041737925141767, 0.0 ], [ -121.872863483863028, 39.041744553242353, 0.0 ], [ -121.874805424025126, 39.041740816437517, 0.0 ], [ -121.874793067651012, 39.04211014352655, 0.0 ], [ -121.874761700345957, 39.043222683321432, 0.0 ] ] ] ] } },
{ "type": "Feature", "properties": { "Name": "111B", "FolderPath": "FishFood2023Final.kmz/FishFood2023Final/RD108/Fields/individual fields", "SymbolID": 0, "AltMode": 0, "Base": 0.0, "Clamped": -1, "Extruded": 0, "Snippet": null, "PopupInfo": "<html xmlns:fo=\"http://www.w3.org/1999/XSL/Format\" xmlns:msxsl=\"urn:schemas-microsoft-com:xslt\">\n\n<head>\n\n<META http-equiv=\"Content-Type\" content=\"text/html\">\n\n<meta http-equiv=\"content-type\" content=\"text/html; charset=UTF-8\">\n\n</head>\n\n<body style=\"mar", "Shape_Leng": 2716.2336944499998, "Shape_Area": 365600.17921600002, "OBJECTID": null, "Type": null, "Owner": null, "Access": null, "Feature_ID": null, "layer": "FishFoodFields", "path": "D:/seths_msi/Documents/CalTrout Mapping Projects/CalTrout_imagery_2023/FishFoodFields.shp", "field_id": null, "joined_Name": "111B" }, "geometry": { "type": "MultiPolygon", "coordinates": [ [ [ [ -121.880960613892853, 39.045296382418144, 0.0 ], [ -121.880494078854042, 39.045296400477724, 0.0 ], [ -121.879233901158543, 39.045293283398578, 0.0 ], [ -121.876596859844156, 39.045312914501714, 0.0 ], [ -121.876304626038973, 39.044886581107001, 0.0 ], [ -121.876164009292793, 39.044736544065771, 0.0 ], [ -121.876009324586903, 39.044653951415512, 0.0 ], [ -121.875570127380755, 39.044478502911673, 0.0 ], [ -121.875174986257008, 39.044348532313691, 0.0 ], [ -121.87500296822212, 39.044220718325704, 0.0 ], [ -121.874896155832346, 39.044125070499142, 0.0 ], [ -121.874880840807506, 39.043223836374409, 0.0 ], [ -121.874920888907013, 39.041791492286805, 0.0 ], [ -121.875175502262536, 39.041492089287864, 0.0 ], [ -121.87616354412107, 39.041483612416563, 0.0 ], [ -121.877238882779636, 39.041480474876522, 0.0 ], [ -121.87918095845454, 39.041467655523803, 0.0 ], [ -121.881023899758716, 39.041467369113249, 0.0 ], [ -121.88294172451296, 39.041481286335781, 0.0 ], [ -121.8836357618802, 39.041019379357806, 0.0 ], [ -121.883870373077301, 39.040841413316656, 0.0 ], [ -121.884910550320157, 39.039950294659434, 0.0 ], [ -121.884895087073943, 39.041072001382119, 0.0 ], [ -121.884812537080748, 39.043337447002031, 0.0 ], [ -121.884743391769604, 39.045301154605326, 0.0 ], [ -121.88457225727737, 39.045299514335184, 0.0 ], [ -121.881762993198294, 39.045295084044959, 0.0 ], [ -121.880960613892853, 39.045296382418144, 0.0 ] ] ] ] } },
{ "type": "Feature", "properties": { "Name": "111C", "FolderPath": "FishFood2023Final.kmz/FishFood2023Final/RD108/Fields/individual fields", "SymbolID": 0, "AltMode": 0, "Base": 0.0, "Clamped": -1, "Extruded": 0, "Snippet": null, "PopupInfo": "<html xmlns:fo=\"http://www.w3.org/1999/XSL/Format\" xmlns:msxsl=\"urn:schemas-microsoft-com:xslt\">\n\n<head>\n\n<META http-equiv=\"Content-Type\" content=\"text/html\">\n\n<meta http-equiv=\"content-type\" content=\"text/html; charset=UTF-8\">\n\n</head>\n\n<body style=\"mar", "Shape_Leng": 1923.8171388799999, "Shape_Area": 205132.108557, "OBJECTID": null, "Type": null, "Owner": null, "Access": null, "Feature_ID": null, "layer": "FishFoodFields", "path": "D:/seths_msi/Documents/CalTrout Mapping Projects/CalTrout_imagery_2023/FishFoodFields.shp", "field_id": null, "joined_Name": "111C" }, "geometry": { "type": "MultiPolygon", "coordinates": [ [ [ [ -121.870305634872139, 39.035574331561861, 0.0 ], [ -121.870387941550959, 39.035575130560467, 0.0 ], [ -121.870363443708584, 39.036705759340002, 0.0 ], [ -121.87032898563973, 39.037872333352922, 0.0 ], [ -121.870313803323583, 39.039052612033913, 0.0 ], [ -121.870310967711049, 39.04022850461034, 0.0 ], [ -121.870306492757834, 39.041598115110212, 0.0 ], [ -121.86905085614643, 39.041540866725228, 0.0 ], [ -121.867805403295904, 39.041524251953717, 0.0 ], [ -121.867132530715196, 39.041513198855093, 0.0 ], [ -121.866996845676525, 39.041282102186052, 0.0 ], [ -121.866873936662117, 39.04097453481554, 0.0 ], [ -121.866825021009674, 39.040374834765565, 0.0 ], [ -121.866675186929911, 39.038814492878323, 0.0 ], [ -121.866680548929239, 39.037845873667685, 0.0 ], [ -121.866693345273077, 39.036863812847351, 0.0 ], [ -121.866699931932629, 39.035863669658944, 0.0 ], [ -121.866713705346328, 39.03558897092703, 0.0 ], [ -121.870305634872139, 39.035574331561861, 0.0 ] ] ] ] } },
{ "type": "Feature", "properties": { "Name": "111D", "FolderPath": "FishFood2023Final.kmz/FishFood2023Final/RD108/Fields/individual fields", "SymbolID": 0, "AltMode": 0, "Base": 0.0, "Clamped": -1, "Extruded": 0, "Snippet": null, "PopupInfo": "<html xmlns:fo=\"http://www.w3.org/1999/XSL/Format\" xmlns:msxsl=\"urn:schemas-microsoft-com:xslt\">\n\n<head>\n\n<META http-equiv=\"Content-Type\" content=\"text/html\">\n\n<meta http-equiv=\"content-type\" content=\"text/html; charset=UTF-8\">\n\n</head>\n\n<body style=\"mar", "Shape_Leng": 3364.83730861, "Shape_Area": 440233.487501, "OBJECTID": null, "Type": null, "Owner": null, "Access": null, "Feature_ID": null, "layer": "FishFoodFields", "path": "D:/seths_msi/Documents/CalTrout Mapping Projects/CalTrout_imagery_2023/FishFoodFields.shp", "field_id": null, "joined_Name": "111D" }, "geometry": { "type": "MultiPolygon", "coordinates": [ [ [ [ -121.870472122572224, 39.035548914845052, 0.0 ], [ -121.866710958890465, 39.035534879539462, 0.0 ], [ -121.866709802759303, 39.035516845537032, 0.0 ], [ -121.866725978391344, 39.034323060186757, 0.0 ], [ -121.866742154129795, 39.033129275498119, 0.0 ], [ -121.866745189665309, 39.031944372032235, 0.0 ], [ -121.866754073310432, 39.030755019684676, 0.0 ], [ -121.866757107563714, 39.029570116640777, 0.0 ], [ -121.866757607519588, 39.029493528485958, 0.0 ], [ -121.866760213159438, 39.028380709486392, 0.0 ], [ -121.866782592869868, 39.027205003976995, 0.0 ], [ -121.8667854823521, 39.026029108874425, 0.0 ], [ -121.866800566795348, 39.024857839298683, 0.0 ], [ -121.86681644870572, 39.023682070862499, 0.0 ], [ -121.866820901604044, 39.023312666005957, 0.0 ], [ -121.870588632788184, 39.023326763477449, 0.0 ], [ -121.870586474293319, 39.024007065087801, 0.0 ], [ -121.870557345072669, 39.024930399369481, 0.0 ], [ -121.87053969230864, 39.025858352808719, 0.0 ], [ -121.870527886959039, 39.026781854546421, 0.0 ], [ -121.870516006956052, 39.027709863594659, 0.0 ], [ -121.870515752396443, 39.028633477800838, 0.0 ], [ -121.870510722451883, 39.029493969006381, 0.0 ], [ -121.870509791446992, 39.029552530232614, 0.0 ], [ -121.870504551957538, 39.030471592213615, 0.0 ], [ -121.870486967117586, 39.031395037267913, 0.0 ], [ -121.870481005819983, 39.032314091074525, 0.0 ], [ -121.870474971220247, 39.033237648599247, 0.0 ], [ -121.870463230860949, 39.034156645255045, 0.0 ], [ -121.870475389705518, 39.035071369557649, 0.0 ], [ -121.870472122572224, 39.035548914845052, 0.0 ] ] ] ] } },
{ "type": "Feature", "properties": { "Name": "111E", "FolderPath": "FishFood2023Final.kmz/FishFood2023Final/RD108/Fields/individual fields", "SymbolID": 0, "AltMode": 0, "Base": 0.0, "Clamped": -1, "Extruded": 0, "Snippet": null, "PopupInfo": "<html xmlns:fo=\"http://www.w3.org/1999/XSL/Format\" xmlns:msxsl=\"urn:schemas-microsoft-com:xslt\">\n\n<head>\n\n<META http-equiv=\"Content-Type\" content=\"text/html\">\n\n<meta http-equiv=\"content-type\" content=\"text/html; charset=UTF-8\">\n\n</head>\n\n<body style=\"mar", "Shape_Leng": 4802.4147043599996, "Shape_Area": 764546.20938699995, "OBJECTID": null, "Type": null, "Owner": null, "Access": null, "Feature_ID": null, "layer": "FishFoodFields", "path": "D:/seths_msi/Documents/CalTrout Mapping Projects/CalTrout_imagery_2023/FishFoodFields.shp", "field_id": null, "joined_Name": "111E" }, "geometry": { "type": "MultiPolygon", "coordinates": [ [ [ [ -121.875068584011629, 39.023910804983934, 0.0 ], [ -121.875069315431148, 39.024365861714486, 0.0 ], [ -121.875068466443722, 39.024464974038594, 0.0 ], [ -121.875058139820297, 39.025253327597731, 0.0 ], [ -121.875035413197324, 39.026140681941548, 0.0 ], [ -121.874960518958403, 39.028816196708469, 0.0 ], [ -121.874970142707582, 39.030577919900999, 0.0 ], [ -121.874915873329755, 39.032361551826291, 0.0 ], [ -121.874941160190232, 39.034136943290832, 0.0 ], [ -121.874918798541003, 39.035911870999428, 0.0 ], [ -121.874861840416884, 39.037636906081815, 0.0 ], [ -121.874817509320678, 39.039339533316365, 0.0 ], [ -121.874784443267302, 39.041060292393297, 0.0 ], [ -121.874768070112253, 39.041591776605799, 0.0 ], [ -121.871333310705793, 39.041603572073392, 0.0 ], [ -121.870921672810198, 39.041604085915971, 0.0 ], [ -121.870483319900501, 39.041604337772803, 0.0 ], [ -121.87049857026301, 39.039739233188456, 0.0 ], [ -121.870539849602821, 39.038234815589313, 0.0 ], [ -121.870534126314837, 39.036734447888371, 0.0 ], [ -121.870552227189947, 39.035234310529496, 0.0 ], [ -121.870570611068658, 39.033716153654808, 0.0 ], [ -121.870578740788204, 39.031526585548797, 0.0 ], [ -121.870617653236721, 39.028355126993077, 0.0 ], [ -121.870617626441387, 39.026859318375394, 0.0 ], [ -121.8706211475006, 39.026093426250391, 0.0 ], [ -121.870676913158874, 39.023904316592564, 0.0 ], [ -121.87069193130462, 39.023323259970077, 0.0 ], [ -121.875067909351458, 39.023361133716605, 0.0 ], [ -121.875068584011629, 39.023910804983934, 0.0 ] ] ] ] } },
{ "type": "Feature", "properties": { "Name": "111F", "FolderPath": "FishFood2023Final.kmz/FishFood2023Final/RD108/Fields/individual fields", "SymbolID": 0, "AltMode": 0, "Base": 0.0, "Clamped": -1, "Extruded": 0, "Snippet": null, "PopupInfo": "<html xmlns:fo=\"http://www.w3.org/1999/XSL/Format\" xmlns:msxsl=\"urn:schemas-microsoft-com:xslt\">\n\n<head>\n\n<META http-equiv=\"Content-Type\" content=\"text/html\">\n\n<meta http-equiv=\"content-type\" content=\"text/html; charset=UTF-8\">\n\n</head>\n\n<body style=\"mar", "Shape_Leng": 5209.9466052099997, "Shape_Area": 908055.56285900006, "OBJECTID": null, "Type": null, "Owner": null, "Access": null, "Feature_ID": null, "layer": "FishFoodFields", "path": "D:/seths_msi/Documents/CalTrout Mapping Projects/CalTrout_imagery_2023/FishFoodFields.shp", "field_id": null, "joined_Name": "111F" }, "geometry": { "type": "MultiPolygon", "coordinates": [ [ [ [ -121.876163039519639, 39.023367207428137, 0.0 ], [ -121.87723304119892, 39.023318963224945, 0.0 ], [ -121.878327838796181, 39.022477989468477, 0.0 ], [ -121.878854848105647, 39.022113620273586, 0.0 ], [ -121.879461458134401, 39.021691444809775, 0.0 ], [ -121.880266683640286, 39.021446889416808, 0.0 ], [ -121.880246983742396, 39.023474152312787, 0.0 ], [ -121.880247206025984, 39.024650078355087, 0.0 ], [ -121.880195487648223, 39.02596066807105, 0.0 ], [ -121.880178746210689, 39.027433788661547, 0.0 ], [ -121.880162255970077, 39.027884175342486, 0.0 ], [ -121.880139150070804, 39.029028337309853, 0.0 ], [ -121.880132052944035, 39.030393421038951, 0.0 ], [ -121.880102169391023, 39.031875424388488, 0.0 ], [ -121.880073006963002, 39.033357435186247, 0.0 ], [ -121.880045194860728, 39.034753856413808, 0.0 ], [ -121.88004304944846, 39.034843944345283, 0.0 ], [ -121.880026157206572, 39.036326073117216, 0.0 ], [ -121.880033089132525, 39.037808431201306, 0.0 ], [ -121.87997873152726, 39.039330745965543, 0.0 ], [ -121.879953867493512, 39.041317407559028, 0.0 ], [ -121.87616387494117, 39.041325927014483, 0.0 ], [ -121.875000521482775, 39.041323697509561, 0.0 ], [ -121.874855437186312, 39.041592620407961, 0.0 ], [ -121.874870031852339, 39.041218810307925, 0.0 ], [ -121.874884971955396, 39.039912377485592, 0.0 ], [ -121.874928871143339, 39.03823677811765, 0.0 ], [ -121.874988012576878, 39.036191877737778, 0.0 ], [ -121.874983713144289, 39.035552064136056, 0.0 ], [ -121.875006089126018, 39.034687234269065, 0.0 ], [ -121.875014381803837, 39.033799741978321, 0.0 ], [ -121.875002942307219, 39.033200405792428, 0.0 ], [ -121.875014899272685, 39.032628330751969, 0.0 ], [ -121.875037813546754, 39.03154724567343, 0.0 ], [ -121.875052551595516, 39.030799482945866, 0.0 ], [ -121.875066245484888, 39.029024468286082, 0.0 ], [ -121.875097515949591, 39.027871376431683, 0.0 ], [ -121.87511285623782, 39.026857798667351, 0.0 ], [ -121.875120382457794, 39.02615502055599, 0.0 ], [ -121.875163387229563, 39.024033368975843, 0.0 ], [ -121.875150199720451, 39.023361927323663, 0.0 ], [ -121.875681632469707, 39.023358052712389, 0.0 ], [ -121.876163039519639, 39.023367207428137, 0.0 ] ] ] ] } },
{ "type": "Feature", "properties": { "Name": "111G", "FolderPath": "FishFood2023Final.kmz/FishFood2023Final/RD108/Fields/individual fields", "SymbolID": 0, "AltMode": 0, "Base": 0.0, "Clamped": -1, "Extruded": 0, "Snippet": null, "PopupInfo": "<html xmlns:fo=\"http://www.w3.org/1999/XSL/Format\" xmlns:msxsl=\"urn:schemas-microsoft-com:xslt\">\n\n<head>\n\n<META http-equiv=\"Content-Type\" content=\"text/html\">\n\n<meta http-equiv=\"content-type\" content=\"text/html; charset=UTF-8\">\n\n</head>\n\n<body style=\"mar", "Shape_Leng": 5249.0013087500001, "Shape_Area": 873718.50790800003, "OBJECTID": null, "Type": null, "Owner": null, "Access": null, "Feature_ID": null, "layer": "FishFoodFields", "path": "D:/seths_msi/Documents/CalTrout Mapping Projects/CalTrout_imagery_2023/FishFoodFields.shp", "field_id": null, "joined_Name": "111G" }, "geometry": { "type": "MultiPolygon", "coordinates": [ [ [ [ -121.884922602863426, 39.032795767087165, 0.0 ], [ -121.88493078382308, 39.03287243656888, 0.0 ], [ -121.884937467959247, 39.034377319821552, 0.0 ], [ -121.885116858292193, 39.03477101273414, 0.0 ], [ -121.885109938448664, 39.035717088704928, 0.0 ], [ -121.885105381310353, 39.037064173198608, 0.0 ], [ -121.885076064584496, 39.038654313407726, 0.0 ], [ -121.884943806809176, 39.039166667200419, 0.0 ], [ -121.884869791292843, 39.039602985600418, 0.0 ], [ -121.883644602248722, 39.040641008241288, 0.0 ], [ -121.883364093677841, 39.040890620994126, 0.0 ], [ -121.882810971080332, 39.041254757808673, 0.0 ], [ -121.880278694392473, 39.041234929079515, 0.0 ], [ -121.880192699438098, 39.041238607984774, 0.0 ], [ -121.880211400072355, 39.040053856826034, 0.0 ], [ -121.880234205239063, 39.038837607457118, 0.0 ], [ -121.8802628552925, 39.037616905777874, 0.0 ], [ -121.880291576054361, 39.036391702652779, 0.0 ], [ -121.880320224231255, 39.035171003140924, 0.0 ], [ -121.880343097334404, 39.033950248832049, 0.0 ], [ -121.88035304246371, 39.032724861988093, 0.0 ], [ -121.880368690163706, 39.031504036010233, 0.0 ], [ -121.880385059907326, 39.030283217613245, 0.0 ], [ -121.880381441128435, 39.029093743623342, 0.0 ], [ -121.88040301703262, 39.027909019424264, 0.0 ], [ -121.880425383579379, 39.026719796195593, 0.0 ], [ -121.880447027025497, 39.02553056398218, 0.0 ], [ -121.880449830282416, 39.024345657076523, 0.0 ], [ -121.880459199747136, 39.023156307480875, 0.0 ], [ -121.880474994115048, 39.021971525697026, 0.0 ], [ -121.880479341584518, 39.021466956190245, 0.0 ], [ -121.882186345869613, 39.020942709831971, 0.0 ], [ -121.88468156551653, 39.020196215986637, 0.0 ], [ -121.884838429029216, 39.020229255950099, 0.0 ], [ -121.884823507875737, 39.024166881674027, 0.0 ], [ -121.884801402011149, 39.027780039887013, 0.0 ], [ -121.884777533252006, 39.031550871618848, 0.0 ], [ -121.884770271019704, 39.03279430611591, 0.0 ], [ -121.884922602863426, 39.032795767087165, 0.0 ] ] ] ] } },
{ "type": "Feature", "properties": { "Name": "111H", "FolderPath": "FishFood2023Final.kmz/FishFood2023Final/RD108/Fields/individual fields", "SymbolID": 0, "AltMode": 0, "Base": 0.0, "Clamped": -1, "Extruded": 0, "Snippet": null, "PopupInfo": "<html xmlns:fo=\"http://www.w3.org/1999/XSL/Format\" xmlns:msxsl=\"urn:schemas-microsoft-com:xslt\">\n\n<head>\n\n<META http-equiv=\"Content-Type\" content=\"text/html\">\n\n<meta http-equiv=\"content-type\" content=\"text/html; charset=UTF-8\">\n\n</head>\n\n<body style=\"mar", "Shape_Leng": 2938.8952508699999, "Shape_Area": 523320.03918899997, "OBJECTID": null, "Type": null, "Owner": null, "Access": null, "Feature_ID": null, "layer": "FishFoodFields", "path": "D:/seths_msi/Documents/CalTrout Mapping Projects/CalTrout_imagery_2023/FishFoodFields.shp", "field_id": null, "joined_Name": "111H" }, "geometry": { "type": "MultiPolygon", "coordinates": [ [ [ [ -121.884926033474926, 39.019018128008923, 0.0 ], [ -121.884827060580719, 39.019436187419437, 0.0 ], [ -121.884527999208487, 39.019861340807083, 0.0 ], [ -121.881115413376932, 39.020869341852908, 0.0 ], [ -121.879498906816806, 39.021331368746324, 0.0 ], [ -121.879372573709588, 39.021285097578549, 0.0 ], [ -121.878275512779894, 39.020260801273189, 0.0 ], [ -121.877375577098263, 39.019418613982381, 0.0 ], [ -121.877287384556936, 39.01846711283374, 0.0 ], [ -121.877905512021684, 39.017680113581889, 0.0 ], [ -121.878561931229271, 39.016798865647246, 0.0 ], [ -121.878555181860136, 39.016632098726994, 0.0 ], [ -121.878528521000405, 39.015897451955176, 0.0 ], [ -121.878140223582946, 39.015344042641196, 0.0 ], [ -121.878076687748433, 39.014293658754639, 0.0 ], [ -121.878070130452215, 39.013703379652235, 0.0 ], [ -121.878065883618476, 39.012784224842378, 0.0 ], [ -121.88176838039179, 39.012734253986991, 0.0 ], [ -121.881763374380185, 39.012639591636599, 0.0 ], [ -121.883341264838663, 39.01264573015613, 0.0 ], [ -121.884968960416373, 39.012652327012944, 0.0 ], [ -121.884941232350457, 39.014188422066482, 0.0 ], [ -121.884916661422508, 39.01612102888037, 0.0 ], [ -121.884916887351807, 39.018405299088755, 0.0 ], [ -121.884926033474926, 39.019018128008923, 0.0 ] ] ] ] } },
{ "type": "Feature", "properties": { "Name": "111J", "FolderPath": "FishFood2023Final.kmz/FishFood2023Final/RD108/Fields/individual fields", "SymbolID": 0, "AltMode": 0, "Base": 0.0, "Clamped": -1, "Extruded": 0, "Snippet": null, "PopupInfo": "<html xmlns:fo=\"http://www.w3.org/1999/XSL/Format\" xmlns:msxsl=\"urn:schemas-microsoft-com:xslt\">\n\n<head>\n\n<META http-equiv=\"Content-Type\" content=\"text/html\">\n\n<meta http-equiv=\"content-type\" content=\"text/html; charset=UTF-8\">\n\n</head>\n\n<body style=\"mar", "Shape_Leng": 2142.0454463000001, "Shape_Area": 205017.20120700001, "OBJECTID": null, "Type": null, "Owner": null, "Access": null, "Feature_ID": null, "layer": "FishFoodFields", "path": "D:/seths_msi/Documents/CalTrout Mapping Projects/CalTrout_imagery_2023/FishFoodFields.shp", "field_id": null, "joined_Name": "111J" }, "geometry": { "type": "MultiPolygon", "coordinates": [ [ [ [ -121.876163220393153, 39.02317347447373, 0.0 ], [ -121.876114134139414, 39.023172999718511, 0.0 ], [ -121.873891463984776, 39.023156021849708, 0.0 ], [ -121.870761571855795, 39.023166244296185, 0.0 ], [ -121.870764196915459, 39.022184080972927, 0.0 ], [ -121.870773729840082, 39.020994733236797, 0.0 ], [ -121.870789685689033, 39.019809952923438, 0.0 ], [ -121.870784450699276, 39.019503532309393, 0.0 ], [ -121.870937047545056, 39.019532045052969, 0.0 ], [ -121.871278315848997, 39.020044470706182, 0.0 ], [ -121.871483068215511, 39.020379860041253, 0.0 ], [ -121.87168896820701, 39.020643173338186, 0.0 ], [ -121.871971592303538, 39.020848658839519, 0.0 ], [ -121.872275497316437, 39.020941713320205, 0.0 ], [ -121.872733574509411, 39.020964172993558, 0.0 ], [ -121.872895766321491, 39.020934203777088, 0.0 ], [ -121.873633424063044, 39.020580909795783, 0.0 ], [ -121.873780448753735, 39.020505738977121, 0.0 ], [ -121.874620436266156, 39.020482326739518, 0.0 ], [ -121.875188134454746, 39.020375178089104, 0.0 ], [ -121.876162764791161, 39.020100750579147, 0.0 ], [ -121.877347884855496, 39.019891420379018, 0.0 ], [ -121.877473992119661, 39.019906153184778, 0.0 ], [ -121.878190610386326, 39.020516794529726, 0.0 ], [ -121.879183046438641, 39.021400414595306, 0.0 ], [ -121.879256127905464, 39.021527270284146, 0.0 ], [ -121.879212624087643, 39.021630477446749, 0.0 ], [ -121.877126169194526, 39.023137714374975, 0.0 ], [ -121.876163220393153, 39.02317347447373, 0.0 ] ] ] ] } },
{ "type": "Feature", "properties": { "Name": "111K", "FolderPath": "FishFood2023Final.kmz/FishFood2023Final/RD108/Fields/individual fields", "SymbolID": 0, "AltMode": 0, "Base": 0.0, "Clamped": -1, "Extruded": 0, "Snippet": null, "PopupInfo": "<html xmlns:fo=\"http://www.w3.org/1999/XSL/Format\" xmlns:msxsl=\"urn:schemas-microsoft-com:xslt\">\n\n<head>\n\n<META http-equiv=\"Content-Type\" content=\"text/html\">\n\n<meta http-equiv=\"content-type\" content=\"text/html; charset=UTF-8\">\n\n</head>\n\n<body style=\"mar", "Shape_Leng": 1506.32839969, "Shape_Area": 140202.83713299999, "OBJECTID": null, "Type": null, "Owner": null, "Access": null, "Feature_ID": null, "layer": "FishFoodFields", "path": "D:/seths_msi/Documents/CalTrout Mapping Projects/CalTrout_imagery_2023/FishFoodFields.shp", "field_id": null, "joined_Name": "111K" }, "geometry": { "type": "MultiPolygon", "coordinates": [ [ [ [ -121.870626594154388, 39.023255042504964, 0.0 ], [ -121.868441969084913, 39.023251845543271, 0.0 ], [ -121.866822050061501, 39.023240590448474, 0.0 ], [ -121.866831462752103, 39.022515304714958, 0.0 ], [ -121.866840772943291, 39.021343976548181, 0.0 ], [ -121.866831098751476, 39.020185979259274, 0.0 ], [ -121.866841152367329, 39.019375096185357, 0.0 ], [ -121.867437951806863, 39.019389915902295, 0.0 ], [ -121.870394877931645, 39.019441180032402, 0.0 ], [ -121.870651709332378, 39.019497738106971, 0.0 ], [ -121.870659677556347, 39.020358357378406, 0.0 ], [ -121.870623260558034, 39.02128612806515, 0.0 ], [ -121.870629726322932, 39.022241346673852, 0.0 ], [ -121.870626594154388, 39.023255042504964, 0.0 ] ] ] ] } },
{ "type": "Feature", "properties": { "Name": "116A", "FolderPath": "FishFood2023Final.kmz/FishFood2023Final/RD108/Fields/individual fields", "SymbolID": 0, "AltMode": 0, "Base": 0.0, "Clamped": -1, "Extruded": 0, "Snippet": null, "PopupInfo": "<html xmlns:fo=\"http://www.w3.org/1999/XSL/Format\" xmlns:msxsl=\"urn:schemas-microsoft-com:xslt\">\n\n<head>\n\n<META http-equiv=\"Content-Type\" content=\"text/html\">\n\n<meta http-equiv=\"content-type\" content=\"text/html; charset=UTF-8\">\n\n</head>\n\n<body style=\"mar", "Shape_Leng": 1483.6084295600001, "Shape_Area": 126513.35694100001, "OBJECTID": null, "Type": null, "Owner": null, "Access": null, "Feature_ID": null, "layer": "FishFoodFields", "path": "D:/seths_msi/Documents/CalTrout Mapping Projects/CalTrout_imagery_2023/FishFoodFields.shp", "field_id": null, "joined_Name": "116A" }, "geometry": { "type": "MultiPolygon", "coordinates": [ [ [ [ -121.885081228360079, 39.002556652975876, 0.0 ], [ -121.885037406466409, 39.0038312816583, 0.0 ], [ -121.884987836308994, 39.00496618474665, 0.0 ], [ -121.882542592812754, 39.0049562481219, 0.0 ], [ -121.879464797686268, 39.004917645083786, 0.0 ], [ -121.879468589572099, 39.004494167780514, 0.0 ], [ -121.879515005345255, 39.003381763672316, 0.0 ], [ -121.879559402594623, 39.00258021824601, 0.0 ], [ -121.881320582290584, 39.002574632132053, 0.0 ], [ -121.885081228360079, 39.002556652975876, 0.0 ] ] ] ] } },
{ "type": "Feature", "properties": { "Name": "116D", "FolderPath": "FishFood2023Final.kmz/FishFood2023Final/RD108/Fields/individual fields", "SymbolID": 0, "AltMode": 0, "Base": 0.0, "Clamped": -1, "Extruded": 0, "Snippet": null, "PopupInfo": "<html xmlns:fo=\"http://www.w3.org/1999/XSL/Format\" xmlns:msxsl=\"urn:schemas-microsoft-com:xslt\">\n\n<head>\n\n<META http-equiv=\"Content-Type\" content=\"text/html\">\n\n<meta http-equiv=\"content-type\" content=\"text/html; charset=UTF-8\">\n\n</head>\n\n<body style=\"mar", "Shape_Leng": 2629.97186328, "Shape_Area": 386199.85619199998, "OBJECTID": null, "Type": null, "Owner": null, "Access": null, "Feature_ID": null, "layer": "FishFoodFields", "path": "D:/seths_msi/Documents/CalTrout Mapping Projects/CalTrout_imagery_2023/FishFoodFields.shp", "field_id": null, "joined_Name": "116D" }, "geometry": { "type": "MultiPolygon", "coordinates": [ [ [ [ -121.868614366736935, 39.005182120690201, 0.0 ], [ -121.867386514333518, 39.005188200955125, 0.0 ], [ -121.867367162659846, 39.005043835597384, 0.0 ], [ -121.867299095590255, 39.004876472488071, 0.0 ], [ -121.867217828488663, 39.004767549825758, 0.0 ], [ -121.867114405013737, 39.004644895472964, 0.0 ], [ -121.867072450825077, 39.004288555224242, 0.0 ], [ -121.867084466118484, 39.002810879050735, 0.0 ], [ -121.867131386544372, 39.001045190854938, 0.0 ], [ -121.867186371750165, 39.000041006154653, 0.0 ], [ -121.867228828448859, 38.99805902441225, 0.0 ], [ -121.872692060480929, 38.998067013483393, 0.0 ], [ -121.874181590620125, 38.99807241954359, 0.0 ], [ -121.873805429332577, 39.000037661968449, 0.0 ], [ -121.873706873292249, 39.000563848962962, 0.0 ], [ -121.873491797604473, 39.001701651670103, 0.0 ], [ -121.873082377733255, 39.003761192677061, 0.0 ], [ -121.872987840560057, 39.003760274905623, 0.0 ], [ -121.872816949856741, 39.003749610152106, 0.0 ], [ -121.872653927308178, 39.003743525775171, 0.0 ], [ -121.872431584386163, 39.003745877003297, 0.0 ], [ -121.872285450618676, 39.003766989204756, 0.0 ], [ -121.872207947525922, 39.003784259236468, 0.0 ], [ -121.872076846865951, 39.003949691354585, 0.0 ], [ -121.871886989908035, 39.004042467272868, 0.0 ], [ -121.871630365676822, 39.004021956192737, 0.0 ], [ -121.871334347259335, 39.004073151285453, 0.0 ], [ -121.871043869046474, 39.004002751865528, 0.0 ], [ -121.870737365844008, 39.003896153569386, 0.0 ], [ -121.870361519756429, 39.00383844072676, 0.0 ], [ -121.86994931485556, 39.003888504472158, 0.0 ], [ -121.869536534636055, 39.003974605112163, 0.0 ], [ -121.86927661121922, 39.004161310378159, 0.0 ], [ -121.868984948863485, 39.004482870262265, 0.0 ], [ -121.868614366736935, 39.005182120690201, 0.0 ] ] ] ] } },
{ "type": "Feature", "properties": { "Name": "131D", "FolderPath": "FishFood2023Final.kmz/FishFood2023Final/RD108/Fields/individual fields", "SymbolID": 0, "AltMode": 0, "Base": 0.0, "Clamped": -1, "Extruded": 0, "Snippet": null, "PopupInfo": "<html xmlns:fo=\"http://www.w3.org/1999/XSL/Format\" xmlns:msxsl=\"urn:schemas-microsoft-com:xslt\">\n\n<head>\n\n<META http-equiv=\"Content-Type\" content=\"text/html\">\n\n<meta http-equiv=\"content-type\" content=\"text/html; charset=UTF-8\">\n\n</head>\n\n<body style=\"mar", "Shape_Leng": 3034.8805947400001, "Shape_Area": 313169.25962000003, "OBJECTID": null, "Type": null, "Owner": null, "Access": null, "Feature_ID": null, "layer": "FishFoodFields", "path": "D:/seths_msi/Documents/CalTrout Mapping Projects/CalTrout_imagery_2023/FishFoodFields.shp", "field_id": null, "joined_Name": "131D" }, "geometry": { "type": "MultiPolygon", "coordinates": [ [ [ [ -121.846912957909012, 39.008177033226715, 0.0 ], [ -121.847012374709863, 39.005253970819332, 0.0 ], [ -121.84861815163319, 39.005310416057561, 0.0 ], [ -121.848629324813231, 39.005378108585028, 0.0 ], [ -121.852148195641306, 39.00536781039969, 0.0 ], [ -121.852095135411261, 39.007043321083138, 0.0 ], [ -121.852111732803337, 39.00860688057859, 0.0 ], [ -121.852116781146364, 39.010170326027549, 0.0 ], [ -121.852048789735377, 39.01174206327908, 0.0 ], [ -121.852038064625049, 39.012633445226918, 0.0 ], [ -121.852029872383994, 39.01331428122252, 0.0 ], [ -121.851997963506463, 39.014886372696516, 0.0 ], [ -121.850218158325106, 39.014864299719761, 0.0 ], [ -121.850318824618455, 39.012616474659879, 0.0 ], [ -121.850335738489889, 39.012238776776037, 0.0 ], [ -121.85043129941289, 39.01003654891759, 0.0 ], [ -121.84685735747945, 39.010001194902273, 0.0 ], [ -121.846912957909012, 39.008177033226715, 0.0 ] ] ] ] } },
{ "type": "Feature", "properties": { "Name": "131F", "FolderPath": "FishFood2023Final.kmz/FishFood2023Final/RD108/Fields/individual fields", "SymbolID": 0, "AltMode": 0, "Base": 0.0, "Clamped": -1, "Extruded": 0, "Snippet": null, "PopupInfo": "<html xmlns:fo=\"http://www.w3.org/1999/XSL/Format\" xmlns:msxsl=\"urn:schemas-microsoft-com:xslt\">\n\n<head>\n\n<META http-equiv=\"Content-Type\" content=\"text/html\">\n\n<meta http-equiv=\"content-type\" content=\"text/html; charset=UTF-8\">\n\n</head>\n\n<body style=\"mar", "Shape_Leng": 2395.0968653599998, "Shape_Area": 310408.04455699999, "OBJECTID": null, "Type": null, "Owner": null, "Access": null, "Feature_ID": null, "layer": "FishFoodFields", "path": "D:/seths_msi/Documents/CalTrout Mapping Projects/CalTrout_imagery_2023/FishFoodFields.shp", "field_id": null, "joined_Name": "131F" }, "geometry": { "type": "MultiPolygon", "coordinates": [ [ [ [ -121.857289873302861, 39.008887613373545, 0.0 ], [ -121.857348265486337, 39.00548205501719, 0.0 ], [ -121.862305011279631, 39.005512592687232, 0.0 ], [ -121.865315910368139, 39.005537480665645, 0.0 ], [ -121.866732197364286, 39.005528751961783, 0.0 ], [ -121.866729343099408, 39.006024325319302, 0.0 ], [ -121.866684033615684, 39.007280908278169, 0.0 ], [ -121.866681262203031, 39.009038013251562, 0.0 ], [ -121.866681046514088, 39.009051527615725, 0.0 ], [ -121.865183783104456, 39.00901891643732, 0.0 ], [ -121.863419633895148, 39.008974668744656, 0.0 ], [ -121.86164899200682, 39.008930331016693, 0.0 ], [ -121.859859080689532, 39.008917316472839, 0.0 ], [ -121.857289873302861, 39.008887613373545, 0.0 ] ] ] ] } },
{ "type": "Feature", "properties": { "Name": "192EN", "FolderPath": "FishFood2023Final.kmz/FishFood2023Final/RD108/Fields/individual fields", "SymbolID": 0, "AltMode": 0, "Base": 0.0, "Clamped": -1, "Extruded": 0, "Snippet": null, "PopupInfo": "<html xmlns:fo=\"http://www.w3.org/1999/XSL/Format\" xmlns:msxsl=\"urn:schemas-microsoft-com:xslt\">\n\n<head>\n\n<META http-equiv=\"Content-Type\" content=\"text/html\">\n\n<meta http-equiv=\"content-type\" content=\"text/html; charset=UTF-8\">\n\n</head>\n\n<body style=\"mar", "Shape_Leng": 4163.74327945, "Shape_Area": 573428.45686899999, "OBJECTID": null, "Type": null, "Owner": null, "Access": null, "Feature_ID": null, "layer": "FishFoodFields", "path": "D:/seths_msi/Documents/CalTrout Mapping Projects/CalTrout_imagery_2023/FishFoodFields.shp", "field_id": null, "joined_Name": "192EN" }, "geometry": { "type": "MultiPolygon", "coordinates": [ [ [ [ -121.795762343471296, 38.853004911632425, 0.0 ], [ -121.795527466516262, 38.853052047225312, 0.0 ], [ -121.795352594088982, 38.853000680391851, 0.0 ], [ -121.795079296215988, 38.852849175138303, 0.0 ], [ -121.794854927965446, 38.852743231755305, 0.0 ], [ -121.794551170219279, 38.852433719317524, 0.0 ], [ -121.794471287366022, 38.852216628806424, 0.0 ], [ -121.794401517518665, 38.852125797925289, 0.0 ], [ -121.794245909842147, 38.851957486881275, 0.0 ], [ -121.79400286964345, 38.851720687317084, 0.0 ], [ -121.793739971056155, 38.85146566072482, 0.0 ], [ -121.793592057029144, 38.851310942305211, 0.0 ], [ -121.793489431900738, 38.850692627768474, 0.0 ], [ -121.793480275027449, 38.849998684775869, 0.0 ], [ -121.793214474238198, 38.848680328130683, 0.0 ], [ -121.792926311550858, 38.848429542381417, 0.0 ], [ -121.792298973683984, 38.848432061762345, 0.0 ], [ -121.792550765374372, 38.847912234135372, 0.0 ], [ -121.793519619651363, 38.848056973473113, 0.0 ], [ -121.794202164341201, 38.846027393879403, 0.0 ], [ -121.793069081203129, 38.845767956967592, 0.0 ], [ -121.792163931047369, 38.848538795559101, 0.0 ], [ -121.791886388487796, 38.848639548736323, 0.0 ], [ -121.791462633689534, 38.848698236320978, 0.0 ], [ -121.792051843094612, 38.846735431926426, 0.0 ], [ -121.792287108009901, 38.845940393216722, 0.0 ], [ -121.792555567110725, 38.845141189691347, 0.0 ], [ -121.792807535103861, 38.844337312077151, 0.0 ], [ -121.793058852177779, 38.843528918766999, 0.0 ], [ -121.793362350440148, 38.842657989299433, 0.0 ], [ -121.793403438386036, 38.84252775632185, 0.0 ], [ -121.796224436519211, 38.843412944871169, 0.0 ], [ -121.79902208597052, 38.844320353362491, 0.0 ], [ -121.801811013870875, 38.845236616776248, 0.0 ], [ -121.802578788897648, 38.845532852919781, 0.0 ], [ -121.802375440789675, 38.845719998018978, 0.0 ], [ -121.802295982224976, 38.845948962669468, 0.0 ], [ -121.802183096886296, 38.846195606777918, 0.0 ], [ -121.801963184343791, 38.846382580335849, 0.0 ], [ -121.801688659172598, 38.846519431708195, 0.0 ], [ -121.801393819879962, 38.846665084217797, 0.0 ], [ -121.801065024394418, 38.846859948828182, 0.0 ], [ -121.800809939514707, 38.847082603770012, 0.0 ], [ -121.800219726577495, 38.847662251789792, 0.0 ], [ -121.799971458292688, 38.84799310526148, 0.0 ], [ -121.799585358107137, 38.848854191323113, 0.0 ], [ -121.799470034247804, 38.849244984378501, 0.0 ], [ -121.799261631164654, 38.849945699188382, 0.0 ], [ -121.799115605168026, 38.850191999341718, 0.0 ], [ -121.798625330118796, 38.850736622613148, 0.0 ], [ -121.798301929079969, 38.851080216108087, 0.0 ], [ -121.798048148165933, 38.851266833503544, 0.0 ], [ -121.797372001584293, 38.851471622454909, 0.0 ], [ -121.796942053009843, 38.851683453954422, 0.0 ], [ -121.796554097734059, 38.851882199842542, 0.0 ], [ -121.796359092510386, 38.8520423865724, 0.0 ], [ -121.796183148525159, 38.852310901537827, 0.0 ], [ -121.795925176599184, 38.852745272433168, 0.0 ], [ -121.795762343471296, 38.853004911632425, 0.0 ] ] ] ] } },
{ "type": "Feature", "properties": { "Name": "192ES", "FolderPath": "FishFood2023Final.kmz/FishFood2023Final/RD108/Fields/individual fields", "SymbolID": 0, "AltMode": 0, "Base": 0.0, "Clamped": -1, "Extruded": 0, "Snippet": null, "PopupInfo": "<html xmlns:fo=\"http://www.w3.org/1999/XSL/Format\" xmlns:msxsl=\"urn:schemas-microsoft-com:xslt\">\n\n<head>\n\n<META http-equiv=\"Content-Type\" content=\"text/html\">\n\n<meta http-equiv=\"content-type\" content=\"text/html; charset=UTF-8\">\n\n</head>\n\n<body style=\"mar", "Shape_Leng": 3535.8335611100001, "Shape_Area": 721170.74533399998, "OBJECTID": null, "Type": null, "Owner": null, "Access": null, "Feature_ID": null, "layer": "FishFoodFields", "path": "D:/seths_msi/Documents/CalTrout Mapping Projects/CalTrout_imagery_2023/FishFoodFields.shp", "field_id": null, "joined_Name": "192ES" }, "geometry": { "type": "MultiPolygon", "coordinates": [ [ [ [ -121.802095962671203, 38.845208005136961, 0.0 ], [ -121.799805448134549, 38.844459073345867, 0.0 ], [ -121.797332060363786, 38.843667665369928, 0.0 ], [ -121.793444603447014, 38.84239301673545, 0.0 ], [ -121.795090021968122, 38.837107029156705, 0.0 ], [ -121.795279201966252, 38.836649417624272, 0.0 ], [ -121.797320768114815, 38.837283231902653, 0.0 ], [ -121.799946423419911, 38.838170822572266, 0.0 ], [ -121.802585404804361, 38.839040466885649, 0.0 ], [ -121.803944122114302, 38.839477923061303, 0.0 ], [ -121.805241241141459, 38.839896711033049, 0.0 ], [ -121.807685941368959, 38.840678648568165, 0.0 ], [ -121.807071267668888, 38.841780724039495, 0.0 ], [ -121.806447589452475, 38.842860175102629, 0.0 ], [ -121.805899076401218, 38.843922371395436, 0.0 ], [ -121.805334212701652, 38.844970879923686, 0.0 ], [ -121.804833258931055, 38.845943446299316, 0.0 ], [ -121.80472679124189, 38.84580718914566, 0.0 ], [ -121.80454419347106, 38.845701691782303, 0.0 ], [ -121.804329042833828, 38.845604871150698, 0.0 ], [ -121.804153576154164, 38.845589556113566, 0.0 ], [ -121.80398637542028, 38.845596851590805, 0.0 ], [ -121.803810682487097, 38.845595052283507, 0.0 ], [ -121.803676904998298, 38.845584669088524, 0.0 ], [ -121.803527017831343, 38.84554708809064, 0.0 ], [ -121.80327757360125, 38.845476946824824, 0.0 ], [ -121.803061444085941, 38.845438683755923, 0.0 ], [ -121.802886129106923, 38.845414359001666, 0.0 ], [ -121.802726544949394, 38.84543975399091, 0.0 ], [ -121.802663599198254, 38.84545713014608, 0.0 ], [ -121.802548612790019, 38.845356827478746, 0.0 ], [ -121.802095962671203, 38.845208005136961, 0.0 ] ] ] ] } },
{ "type": "Feature", "properties": { "Name": "203-42", "FolderPath": "FishFood2023Final.kmz/FishFood2023Final/RD108/Fields/individual fields", "SymbolID": 0, "AltMode": 0, "Base": 0.0, "Clamped": -1, "Extruded": 0, "Snippet": null, "PopupInfo": "<html xmlns:fo=\"http://www.w3.org/1999/XSL/Format\" xmlns:msxsl=\"urn:schemas-microsoft-com:xslt\">\n\n<head>\n\n<META http-equiv=\"Content-Type\" content=\"text/html\">\n\n<meta http-equiv=\"content-type\" content=\"text/html; charset=UTF-8\">\n\n</head>\n\n<body style=\"mar", "Shape_Leng": 3925.1419527899998, "Shape_Area": 488547.30747399997, "OBJECTID": null, "Type": null, "Owner": null, "Access": null, "Feature_ID": null, "layer": "FishFoodFields", "path": "D:/seths_msi/Documents/CalTrout Mapping Projects/CalTrout_imagery_2023/FishFoodFields.shp", "field_id": null, "joined_Name": "203-42" }, "geometry": { "type": "MultiPolygon", "coordinates": [ [ [ [ -121.834937157621198, 38.837118260593755, 0.0 ], [ -121.834851841524625, 38.841876751550522, 0.0 ], [ -121.834834949055434, 38.843926602774182, 0.0 ], [ -121.834812340287215, 38.845841231963092, 0.0 ], [ -121.834816749322485, 38.846850516099643, 0.0 ], [ -121.834753179999268, 38.848715174147749, 0.0 ], [ -121.83473949971841, 38.849773837056709, 0.0 ], [ -121.834726240086198, 38.850850528150104, 0.0 ], [ -121.834696615810145, 38.85156210546139, 0.0 ], [ -121.832594299523578, 38.851559107015682, 0.0 ], [ -121.827858960618357, 38.851502610045124, 0.0 ], [ -121.827926405665906, 38.851079766816511, 0.0 ], [ -121.827806144614541, 38.851078558934141, 0.0 ], [ -121.828405283292042, 38.849899623747987, 0.0 ], [ -121.828882223533128, 38.849012316196884, 0.0 ], [ -121.829632800883815, 38.847555552940413, 0.0 ], [ -121.830608205895288, 38.845781142861306, 0.0 ], [ -121.831749251780167, 38.843607389825834, 0.0 ], [ -121.83252997133846, 38.842105849714322, 0.0 ], [ -121.833076138759253, 38.841029984582953, 0.0 ], [ -121.833086406819859, 38.840710193161321, 0.0 ], [ -121.833326789277194, 38.840189954785146, 0.0 ], [ -121.833994450896753, 38.838948593810478, 0.0 ], [ -121.834937157621198, 38.837118260593755, 0.0 ] ] ] ] } },
{ "type": "Feature", "properties": { "Name": "203-41", "FolderPath": "FishFood2023Final.kmz/FishFood2023Final/RD108/Fields/individual fields", "SymbolID": 0, "AltMode": 0, "Base": 0.0, "Clamped": -1, "Extruded": 0, "Snippet": null, "PopupInfo": "<html xmlns:fo=\"http://www.w3.org/1999/XSL/Format\" xmlns:msxsl=\"urn:schemas-microsoft-com:xslt\">\n\n<head>\n\n<META http-equiv=\"Content-Type\" content=\"text/html\">\n\n<meta http-equiv=\"content-type\" content=\"text/html; charset=UTF-8\">\n\n</head>\n\n<body style=\"mar", "Shape_Leng": 4081.6139789, "Shape_Area": 642748.93193299999, "OBJECTID": null, "Type": null, "Owner": null, "Access": null, "Feature_ID": null, "layer": "FishFoodFields", "path": "D:/seths_msi/Documents/CalTrout Mapping Projects/CalTrout_imagery_2023/FishFoodFields.shp", "field_id": null, "joined_Name": "203-41" }, "geometry": { "type": "MultiPolygon", "coordinates": [ [ [ [ -121.834851841524625, 38.841876751550522, 0.0 ], [ -121.834937157621198, 38.837118260593755, 0.0 ], [ -121.835497382491866, 38.836030495802419, 0.0 ], [ -121.835555331805551, 38.836053600656484, 0.0 ], [ -121.836491756788149, 38.836387344119785, 0.0 ], [ -121.837663242731409, 38.836791001785635, 0.0 ], [ -121.839502464728398, 38.837404043477768, 0.0 ], [ -121.839407144797832, 38.843179202563256, 0.0 ], [ -121.839327932011329, 38.847652419312638, 0.0 ], [ -121.839216506459522, 38.851625194248648, 0.0 ], [ -121.835846791106249, 38.851564580239049, 0.0 ], [ -121.834821195226354, 38.851563352037736, 0.0 ], [ -121.834865126705111, 38.850284218034766, 0.0 ], [ -121.834855642261871, 38.849585766244466, 0.0 ], [ -121.83485560862178, 38.848837846213975, 0.0 ], [ -121.834864230655882, 38.848044959190993, 0.0 ], [ -121.834910018953437, 38.847004635940657, 0.0 ], [ -121.834924064869966, 38.845923447273378, 0.0 ], [ -121.834921051294259, 38.84482857144112, 0.0 ], [ -121.834926029076499, 38.843729269529938, 0.0 ], [ -121.834957369536113, 38.842603197692767, 0.0 ], [ -121.834956172143407, 38.841882298789102, 0.0 ], [ -121.834851841524625, 38.841876751550522, 0.0 ] ] ] ] } },
{ "type": "Feature", "properties": { "Name": "205C", "FolderPath": "FishFood2023Final.kmz/FishFood2023Final/RD108/Fields/individual fields", "SymbolID": 0, "AltMode": 0, "Base": 0.0, "Clamped": -1, "Extruded": 0, "Snippet": null, "PopupInfo": "<html xmlns:fo=\"http://www.w3.org/1999/XSL/Format\" xmlns:msxsl=\"urn:schemas-microsoft-com:xslt\">\n\n<head>\n\n<META http-equiv=\"Content-Type\" content=\"text/html\">\n\n<meta http-equiv=\"content-type\" content=\"text/html; charset=UTF-8\">\n\n</head>\n\n<body style=\"mar", "Shape_Leng": 3383.6050172099999, "Shape_Area": 491219.00012300001, "OBJECTID": null, "Type": null, "Owner": null, "Access": null, "Feature_ID": null, "layer": "FishFoodFields", "path": "D:/seths_msi/Documents/CalTrout Mapping Projects/CalTrout_imagery_2023/FishFoodFields.shp", "field_id": null, "joined_Name": "205C" }, "geometry": { "type": "MultiPolygon", "coordinates": [ [ [ [ -121.834597189326786, 38.851917049766428, 0.0 ], [ -121.834564433633929, 38.852511452972685, 0.0 ], [ -121.834477977005278, 38.855952815567989, 0.0 ], [ -121.834459886562115, 38.859309254102563, 0.0 ], [ -121.834430296128787, 38.862575465200479, 0.0 ], [ -121.834410644566688, 38.863778244693833, 0.0 ], [ -121.832987154882659, 38.863782030330754, 0.0 ], [ -121.830094673436221, 38.863753051732537, 0.0 ], [ -121.830124961788272, 38.86085179828148, 0.0 ], [ -121.830183219505329, 38.857518294484144, 0.0 ], [ -121.830269122532698, 38.853112748855978, 0.0 ], [ -121.830275598940815, 38.851882805511984, 0.0 ], [ -121.834597189326786, 38.851917049766428, 0.0 ] ] ] ] } },
{ "type": "Feature", "properties": { "Name": "205E", "FolderPath": "FishFood2023Final.kmz/FishFood2023Final/RD108/Fields/individual fields", "SymbolID": 0, "AltMode": 0, "Base": 0.0, "Clamped": -1, "Extruded": 0, "Snippet": null, "PopupInfo": "<html xmlns:fo=\"http://www.w3.org/1999/XSL/Format\" xmlns:msxsl=\"urn:schemas-microsoft-com:xslt\">\n\n<head>\n\n<META http-equiv=\"Content-Type\" content=\"text/html\">\n\n<meta http-equiv=\"content-type\" content=\"text/html; charset=UTF-8\">\n\n</head>\n\n<body style=\"mar", "Shape_Leng": 3538.97286351, "Shape_Area": 632657.42700499995, "OBJECTID": null, "Type": null, "Owner": null, "Access": null, "Feature_ID": null, "layer": "FishFoodFields", "path": "D:/seths_msi/Documents/CalTrout Mapping Projects/CalTrout_imagery_2023/FishFoodFields.shp", "field_id": null, "joined_Name": "205E" }, "geometry": { "type": "MultiPolygon", "coordinates": [ [ [ [ -121.827172320500139, 38.852000327375208, 0.0 ], [ -121.829916479604364, 38.852041402166122, 0.0 ], [ -121.829901985782797, 38.853320828388242, 0.0 ], [ -121.829786309220395, 38.857915305257848, 0.0 ], [ -121.829691283962646, 38.86370845505175, 0.0 ], [ -121.826649627183286, 38.863727453822456, 0.0 ], [ -121.825246778846477, 38.864402675823335, 0.0 ], [ -121.824806198875933, 38.863817025723897, 0.0 ], [ -121.823725572931451, 38.862467992944175, 0.0 ], [ -121.822718427078357, 38.861164747593101, 0.0 ], [ -121.821612650534391, 38.859860497376623, 0.0 ], [ -121.822766579857642, 38.858552032093023, 0.0 ], [ -121.82422524420484, 38.856800581240371, 0.0 ], [ -121.825227320029896, 38.855828473279168, 0.0 ], [ -121.825649175069813, 38.855098321657323, 0.0 ], [ -121.826703941024249, 38.852977822361389, 0.0 ], [ -121.827172320500139, 38.852000327375208, 0.0 ] ] ] ] } },
{ "type": "Feature", "properties": { "Name": "205W", "FolderPath": "FishFood2023Final.kmz/FishFood2023Final/RD108/Fields/individual fields", "SymbolID": 0, "AltMode": 0, "Base": 0.0, "Clamped": -1, "Extruded": 0, "Snippet": null, "PopupInfo": "<html xmlns:fo=\"http://www.w3.org/1999/XSL/Format\" xmlns:msxsl=\"urn:schemas-microsoft-com:xslt\">\n\n<head>\n\n<META http-equiv=\"Content-Type\" content=\"text/html\">\n\n<meta http-equiv=\"content-type\" content=\"text/html; charset=UTF-8\">\n\n</head>\n\n<body style=\"mar", "Shape_Leng": 3382.6123583799999, "Shape_Area": 493857.82322800002, "OBJECTID": null, "Type": null, "Owner": null, "Access": null, "Feature_ID": null, "layer": "FishFoodFields", "path": "D:/seths_msi/Documents/CalTrout Mapping Projects/CalTrout_imagery_2023/FishFoodFields.shp", "field_id": null, "joined_Name": "205W" }, "geometry": { "type": "MultiPolygon", "coordinates": [ [ [ [ -121.839271941364743, 38.851936629411945, 0.0 ], [ -121.839271768938957, 38.853585653292306, 0.0 ], [ -121.839178720040167, 38.858464220482091, 0.0 ], [ -121.839127997911632, 38.86158154088001, 0.0 ], [ -121.839085156287439, 38.863815856849179, 0.0 ], [ -121.834783008669675, 38.863781964360356, 0.0 ], [ -121.83495868963287, 38.85192066193725, 0.0 ], [ -121.839271941364743, 38.851936629411945, 0.0 ] ] ] ] } },
{ "type": "Feature", "properties": { "Name": "206SW", "FolderPath": "FishFood2023Final.kmz/FishFood2023Final/RD108/Fields/individual fields", "SymbolID": 0, "AltMode": 0, "Base": 0.0, "Clamped": -1, "Extruded": 0, "Snippet": null, "PopupInfo": "<html xmlns:fo=\"http://www.w3.org/1999/XSL/Format\" xmlns:msxsl=\"urn:schemas-microsoft-com:xslt\">\n\n<head>\n\n<META http-equiv=\"Content-Type\" content=\"text/html\">\n\n<meta http-equiv=\"content-type\" content=\"text/html; charset=UTF-8\">\n\n</head>\n\n<body style=\"mar", "Shape_Leng": 1994.7803301399999, "Shape_Area": 231059.971357, "OBJECTID": null, "Type": null, "Owner": null, "Access": null, "Feature_ID": null, "layer": "FishFoodFields", "path": "D:/seths_msi/Documents/CalTrout Mapping Projects/CalTrout_imagery_2023/FishFoodFields.shp", "field_id": null, "joined_Name": "206SW" }, "geometry": { "type": "MultiPolygon", "coordinates": [ [ [ [ -121.839416659977346, 38.86416157730195, 0.0 ], [ -121.843619649932705, 38.864225855505317, 0.0 ], [ -121.843584228305588, 38.86641068494864, 0.0 ], [ -121.843594973450479, 38.869880048345635, 0.0 ], [ -121.839301966901033, 38.869837398903172, 0.0 ], [ -121.839416659977346, 38.86416157730195, 0.0 ] ] ] ] } },
{ "type": "Feature", "properties": { "Name": "207E", "FolderPath": "FishFood2023Final.kmz/FishFood2023Final/RD108/Fields/individual fields", "SymbolID": 0, "AltMode": 0, "Base": 0.0, "Clamped": -1, "Extruded": 0, "Snippet": null, "PopupInfo": "<html xmlns:fo=\"http://www.w3.org/1999/XSL/Format\" xmlns:msxsl=\"urn:schemas-microsoft-com:xslt\">\n\n<head>\n\n<META http-equiv=\"Content-Type\" content=\"text/html\">\n\n<meta http-equiv=\"content-type\" content=\"text/html; charset=UTF-8\">\n\n</head>\n\n<body style=\"mar", "Shape_Leng": 3350.3887629599999, "Shape_Area": 469559.93554699997, "OBJECTID": null, "Type": null, "Owner": null, "Access": null, "Feature_ID": null, "layer": "FishFoodFields", "path": "D:/seths_msi/Documents/CalTrout Mapping Projects/CalTrout_imagery_2023/FishFoodFields.shp", "field_id": null, "joined_Name": "207E" }, "geometry": { "type": "MultiPolygon", "coordinates": [ [ [ [ -121.839592396088435, 38.851939817486411, 0.0 ], [ -121.840975031553199, 38.851953563352652, 0.0 ], [ -121.842554190922129, 38.851973748982857, 0.0 ], [ -121.84368845923477, 38.851980492686572, 0.0 ], [ -121.843667537699844, 38.853805028050843, 0.0 ], [ -121.843629690611323, 38.858895909564602, 0.0 ], [ -121.843607632598989, 38.86385628200663, 0.0 ], [ -121.839466310639949, 38.863810641398295, 0.0 ], [ -121.839585275382191, 38.853485143727859, 0.0 ], [ -121.839592396088435, 38.851939817486411, 0.0 ] ] ] ] } },
{ "type": "Feature", "properties": { "Name": "207W", "FolderPath": "FishFood2023Final.kmz/FishFood2023Final/RD108/Fields/individual fields", "SymbolID": 0, "AltMode": 0, "Base": 0.0, "Clamped": -1, "Extruded": 0, "Snippet": null, "PopupInfo": "<html xmlns:fo=\"http://www.w3.org/1999/XSL/Format\" xmlns:msxsl=\"urn:schemas-microsoft-com:xslt\">\n\n<head>\n\n<META http-equiv=\"Content-Type\" content=\"text/html\">\n\n<meta http-equiv=\"content-type\" content=\"text/html; charset=UTF-8\">\n\n</head>\n\n<body style=\"mar", "Shape_Leng": 3404.833952, "Shape_Area": 507833.43042500003, "OBJECTID": null, "Type": null, "Owner": null, "Access": null, "Feature_ID": null, "layer": "FishFoodFields", "path": "D:/seths_msi/Documents/CalTrout Mapping Projects/CalTrout_imagery_2023/FishFoodFields.shp", "field_id": null, "joined_Name": "207W" }, "geometry": { "type": "MultiPolygon", "coordinates": [ [ [ [ -121.845737285112236, 38.851996279559607, 0.0 ], [ -121.847700922408052, 38.852024705886798, 0.0 ], [ -121.848541383211384, 38.852028498710837, 0.0 ], [ -121.848527610858838, 38.85453344561693, 0.0 ], [ -121.848468661771022, 38.859033896577088, 0.0 ], [ -121.848393793932033, 38.863939684704377, 0.0 ], [ -121.844056698220157, 38.863883261342565, 0.0 ], [ -121.844035121478512, 38.861080606319732, 0.0 ], [ -121.844055980285106, 38.853479974070723, 0.0 ], [ -121.844089495410898, 38.851988972716804, 0.0 ], [ -121.845737285112236, 38.851996279559607, 0.0 ] ] ] ] } },
{ "type": "Feature", "properties": { "Name": "208E", "FolderPath": "FishFood2023Final.kmz/FishFood2023Final/RD108/Fields/individual fields", "SymbolID": 0, "AltMode": 0, "Base": 0.0, "Clamped": -1, "Extruded": 0, "Snippet": null, "PopupInfo": "<html xmlns:fo=\"http://www.w3.org/1999/XSL/Format\" xmlns:msxsl=\"urn:schemas-microsoft-com:xslt\">\n\n<head>\n\n<META http-equiv=\"Content-Type\" content=\"text/html\">\n\n<meta http-equiv=\"content-type\" content=\"text/html; charset=UTF-8\">\n\n</head>\n\n<body style=\"mar", "Shape_Leng": 3753.6173982599998, "Shape_Area": 541602.80068800005, "OBJECTID": null, "Type": null, "Owner": null, "Access": null, "Feature_ID": null, "layer": "FishFoodFields", "path": "D:/seths_msi/Documents/CalTrout Mapping Projects/CalTrout_imagery_2023/FishFoodFields.shp", "field_id": null, "joined_Name": "208E" }, "geometry": { "type": "MultiPolygon", "coordinates": [ [ [ [ -121.843884569424745, 38.838673057639468, 0.0 ], [ -121.843891822686345, 38.839781495678636, 0.0 ], [ -121.843869265624065, 38.840907658153945, 0.0 ], [ -121.843863266964277, 38.842033986121592, 0.0 ], [ -121.843849347191693, 38.843160235469185, 0.0 ], [ -121.843849567013208, 38.846525879196712, 0.0 ], [ -121.843837857069119, 38.848760513279387, 0.0 ], [ -121.843839619177857, 38.850607802206156, 0.0 ], [ -121.843820089205721, 38.851679926358742, 0.0 ], [ -121.839580815523277, 38.851633323809494, 0.0 ], [ -121.839677865280606, 38.847746010147638, 0.0 ], [ -121.839707328296612, 38.844515831036318, 0.0 ], [ -121.839785011120682, 38.840533702586974, 0.0 ], [ -121.839840683456472, 38.837506528528266, 0.0 ], [ -121.842628121300393, 38.838309167148402, 0.0 ], [ -121.843884569424745, 38.838673057639468, 0.0 ] ] ] ] } },
{ "type": "Feature", "properties": { "Name": "208W", "FolderPath": "FishFood2023Final.kmz/FishFood2023Final/RD108/Fields/individual fields", "SymbolID": 0, "AltMode": 0, "Base": 0.0, "Clamped": -1, "Extruded": 0, "Snippet": null, "PopupInfo": "<html xmlns:fo=\"http://www.w3.org/1999/XSL/Format\" xmlns:msxsl=\"urn:schemas-microsoft-com:xslt\">\n\n<head>\n\n<META http-equiv=\"Content-Type\" content=\"text/html\">\n\n<meta http-equiv=\"content-type\" content=\"text/html; charset=UTF-8\">\n\n</head>\n\n<body style=\"mar", "Shape_Leng": 3524.18329601, "Shape_Area": 526463.26854199998, "OBJECTID": null, "Type": null, "Owner": null, "Access": null, "Feature_ID": null, "layer": "FishFoodFields", "path": "D:/seths_msi/Documents/CalTrout Mapping Projects/CalTrout_imagery_2023/FishFoodFields.shp", "field_id": null, "joined_Name": "208W" }, "geometry": { "type": "MultiPolygon", "coordinates": [ [ [ [ -121.8486576953173, 38.840130496495526, 0.0 ], [ -121.848651494480904, 38.840693629796874, 0.0 ], [ -121.848642242172446, 38.84291928034505, 0.0 ], [ -121.848619883463456, 38.845153812073718, 0.0 ], [ -121.848584341614114, 38.848383938051498, 0.0 ], [ -121.848557700540368, 38.85173129466984, 0.0 ], [ -121.844118220431241, 38.851682881006241, 0.0 ], [ -121.844124384684775, 38.850457435108972, 0.0 ], [ -121.84414259731399, 38.848087699775263, 0.0 ], [ -121.844175516045837, 38.844587219456784, 0.0 ], [ -121.844186438510221, 38.842266972197912, 0.0 ], [ -121.844188532236316, 38.838757170442598, 0.0 ], [ -121.845677255125295, 38.839186419364523, 0.0 ], [ -121.848483605537311, 38.840074712109136, 0.0 ], [ -121.8486576953173, 38.840130496495526, 0.0 ] ] ] ] } },
{ "type": "Feature", "properties": { "Name": "209E", "FolderPath": "FishFood2023Final.kmz/FishFood2023Final/RD108/Fields/individual fields", "SymbolID": 0, "AltMode": 0, "Base": 0.0, "Clamped": -1, "Extruded": 0, "Snippet": null, "PopupInfo": "<html xmlns:fo=\"http://www.w3.org/1999/XSL/Format\" xmlns:msxsl=\"urn:schemas-microsoft-com:xslt\">\n\n<head>\n\n<META http-equiv=\"Content-Type\" content=\"text/html\">\n\n<meta http-equiv=\"content-type\" content=\"text/html; charset=UTF-8\">\n\n</head>\n\n<body style=\"mar", "Shape_Leng": 3190.38449859, "Shape_Area": 456196.25568399997, "OBJECTID": null, "Type": null, "Owner": null, "Access": null, "Feature_ID": null, "layer": "FishFoodFields", "path": "D:/seths_msi/Documents/CalTrout Mapping Projects/CalTrout_imagery_2023/FishFoodFields.shp", "field_id": null, "joined_Name": "209E" }, "geometry": { "type": "MultiPolygon", "coordinates": [ [ [ [ -121.853311923974459, 38.841649651277876, 0.0 ], [ -121.853310245201413, 38.842830090978147, 0.0 ], [ -121.853295435162764, 38.846082953237506, 0.0 ], [ -121.853252986694613, 38.848276739605481, 0.0 ], [ -121.853251507299063, 38.850475431226087, 0.0 ], [ -121.853230223328936, 38.851799852261415, 0.0 ], [ -121.850264176772129, 38.851761644165862, 0.0 ], [ -121.848823281332528, 38.851742927574534, 0.0 ], [ -121.848859701062381, 38.84988700261637, 0.0 ], [ -121.848913005234053, 38.8467606802825, 0.0 ], [ -121.848957613072443, 38.84194018232516, 0.0 ], [ -121.84900875575623, 38.840242093783075, 0.0 ], [ -121.851223137430964, 38.840957774864037, 0.0 ], [ -121.853311923974459, 38.841649651277876, 0.0 ] ] ] ] } },
{ "type": "Feature", "properties": { "Name": "209W", "FolderPath": "FishFood2023Final.kmz/FishFood2023Final/RD108/Fields/individual fields", "SymbolID": 0, "AltMode": 0, "Base": 0.0, "Clamped": -1, "Extruded": 0, "Snippet": null, "PopupInfo": "<html xmlns:fo=\"http://www.w3.org/1999/XSL/Format\" xmlns:msxsl=\"urn:schemas-microsoft-com:xslt\">\n\n<head>\n\n<META http-equiv=\"Content-Type\" content=\"text/html\">\n\n<meta http-equiv=\"content-type\" content=\"text/html; charset=UTF-8\">\n\n</head>\n\n<body style=\"mar", "Shape_Leng": 2881.8730210499998, "Shape_Area": 385793.31885500002, "OBJECTID": null, "Type": null, "Owner": null, "Access": null, "Feature_ID": null, "layer": "FishFoodFields", "path": "D:/seths_msi/Documents/CalTrout Mapping Projects/CalTrout_imagery_2023/FishFoodFields.shp", "field_id": null, "joined_Name": "209W" }, "geometry": { "type": "MultiPolygon", "coordinates": [ [ [ [ -121.854696129157205, 38.851516889078887, 0.0 ], [ -121.85456866724445, 38.851515637241135, 0.0 ], [ -121.854456959921919, 38.851744323569257, 0.0 ], [ -121.853558821671371, 38.851744510075946, 0.0 ], [ -121.853582350259614, 38.849248669243927, 0.0 ], [ -121.853626676257491, 38.846892702491672, 0.0 ], [ -121.853659055397387, 38.843441768155515, 0.0 ], [ -121.853690710091385, 38.84187414690259, 0.0 ], [ -121.855246515031325, 38.842394045642386, 0.0 ], [ -121.856932237362642, 38.842942230718741, 0.0 ], [ -121.858024240202866, 38.843241279791215, 0.0 ], [ -121.858019199585968, 38.843331342644916, 0.0 ], [ -121.858003172348759, 38.846043529131094, 0.0 ], [ -121.857932386804961, 38.850242011474712, 0.0 ], [ -121.857914137282862, 38.85178723528238, 0.0 ], [ -121.854611353749675, 38.851772873261091, 0.0 ], [ -121.854696129157205, 38.851516889078887, 0.0 ] ] ] ] } },
{ "type": "Feature", "properties": { "Name": "210E", "FolderPath": "FishFood2023Final.kmz/FishFood2023Final/RD108/Fields/individual fields", "SymbolID": 0, "AltMode": 0, "Base": 0.0, "Clamped": -1, "Extruded": 0, "Snippet": null, "PopupInfo": "<html xmlns:fo=\"http://www.w3.org/1999/XSL/Format\" xmlns:msxsl=\"urn:schemas-microsoft-com:xslt\">\n\n<head>\n\n<META http-equiv=\"Content-Type\" content=\"text/html\">\n\n<meta http-equiv=\"content-type\" content=\"text/html; charset=UTF-8\">\n\n</head>\n\n<body style=\"mar", "Shape_Leng": 3399.6692755, "Shape_Area": 463973.92009000003, "OBJECTID": null, "Type": null, "Owner": null, "Access": null, "Feature_ID": null, "layer": "FishFoodFields", "path": "D:/seths_msi/Documents/CalTrout Mapping Projects/CalTrout_imagery_2023/FishFoodFields.shp", "field_id": null, "joined_Name": "210E" }, "geometry": { "type": "MultiPolygon", "coordinates": [ [ [ [ -121.848889358133903, 38.853451179369756, 0.0 ], [ -121.851075418050527, 38.853445700071653, 0.0 ], [ -121.851046774450381, 38.852048699266604, 0.0 ], [ -121.85110726461933, 38.852049295246999, 0.0 ], [ -121.853225734613105, 38.852079153513372, 0.0 ], [ -121.853160718168283, 38.855272944101571, 0.0 ], [ -121.853127822243053, 38.858394961584999, 0.0 ], [ -121.853107013407026, 38.861571162343338, 0.0 ], [ -121.853089866914715, 38.864026512073266, 0.0 ], [ -121.848777539435233, 38.86395248585665, 0.0 ], [ -121.848819616019895, 38.861925409836701, 0.0 ], [ -121.848886337414442, 38.853906210296792, 0.0 ], [ -121.848889358133903, 38.853451179369756, 0.0 ] ] ] ] } },
{ "type": "Feature", "properties": { "Name": "210W", "FolderPath": "FishFood2023Final.kmz/FishFood2023Final/RD108/Fields/individual fields", "SymbolID": 0, "AltMode": 0, "Base": 0.0, "Clamped": -1, "Extruded": 0, "Snippet": null, "PopupInfo": "<html xmlns:fo=\"http://www.w3.org/1999/XSL/Format\" xmlns:msxsl=\"urn:schemas-microsoft-com:xslt\">\n\n<head>\n\n<META http-equiv=\"Content-Type\" content=\"text/html\">\n\n<meta http-equiv=\"content-type\" content=\"text/html; charset=UTF-8\">\n\n</head>\n\n<body style=\"mar", "Shape_Leng": 3411.1127105400001, "Shape_Area": 505409.966105, "OBJECTID": null, "Type": null, "Owner": null, "Access": null, "Feature_ID": null, "layer": "FishFoodFields", "path": "D:/seths_msi/Documents/CalTrout Mapping Projects/CalTrout_imagery_2023/FishFoodFields.shp", "field_id": null, "joined_Name": "210W" }, "geometry": { "type": "MultiPolygon", "coordinates": [ [ [ [ -121.853543312160951, 38.852082275049398, 0.0 ], [ -121.855399440094786, 38.85212303059928, 0.0 ], [ -121.85791585961114, 38.852129674153879, 0.0 ], [ -121.857901574528753, 38.853427132789847, 0.0 ], [ -121.857891806366212, 38.855702337469616, 0.0 ], [ -121.857888804195795, 38.858004641938152, 0.0 ], [ -121.857803199163499, 38.862946383740095, 0.0 ], [ -121.857791430327495, 38.86408617074283, 0.0 ], [ -121.856287550826522, 38.864071431796781, 0.0 ], [ -121.853429102960916, 38.864029847811743, 0.0 ], [ -121.853455889922358, 38.859853476138184, 0.0 ], [ -121.853490578437956, 38.854960799215426, 0.0 ], [ -121.853543312160951, 38.852082275049398, 0.0 ] ] ] ] } },
{ "type": "Feature", "properties": { "Name": "211E", "FolderPath": "FishFood2023Final.kmz/FishFood2023Final/RD108/Fields/individual fields", "SymbolID": 0, "AltMode": 0, "Base": 0.0, "Clamped": -1, "Extruded": 0, "Snippet": null, "PopupInfo": "<html xmlns:fo=\"http://www.w3.org/1999/XSL/Format\" xmlns:msxsl=\"urn:schemas-microsoft-com:xslt\">\n\n<head>\n\n<META http-equiv=\"Content-Type\" content=\"text/html\">\n\n<meta http-equiv=\"content-type\" content=\"text/html; charset=UTF-8\">\n\n</head>\n\n<body style=\"mar", "Shape_Leng": 4376.4279794399999, "Shape_Area": 700915.04413699999, "OBJECTID": null, "Type": null, "Owner": null, "Access": null, "Feature_ID": null, "layer": "FishFoodFields", "path": "D:/seths_msi/Documents/CalTrout Mapping Projects/CalTrout_imagery_2023/FishFoodFields.shp", "field_id": null, "joined_Name": "211E" }, "geometry": { "type": "MultiPolygon", "coordinates": [ [ [ [ -121.853266333919308, 38.883559718765945, 0.0 ], [ -121.852448486166963, 38.883560682204575, 0.0 ], [ -121.851742531486664, 38.882877903742276, 0.0 ], [ -121.850765137592674, 38.882138378265793, 0.0 ], [ -121.849142711001321, 38.881320392318941, 0.0 ], [ -121.848476801983182, 38.881016455400868, 0.0 ], [ -121.848508906415418, 38.879385771419862, 0.0 ], [ -121.848571580930226, 38.879386390377057, 0.0 ], [ -121.848614256426544, 38.87647624475288, 0.0 ], [ -121.848593301679898, 38.875052292092732, 0.0 ], [ -121.848589840461628, 38.873705105574231, 0.0 ], [ -121.848616052477453, 38.868199608066398, 0.0 ], [ -121.848623806612821, 38.866960663774968, 0.0 ], [ -121.848617367266669, 38.866690268714066, 0.0 ], [ -121.850713579683799, 38.866697427432811, 0.0 ], [ -121.853100640725003, 38.866716421987128, 0.0 ], [ -121.853119366926748, 38.866716606803628, 0.0 ], [ -121.85313062185179, 38.867315955088962, 0.0 ], [ -121.853139943427905, 38.868573090978401, 0.0 ], [ -121.853165973382374, 38.869821377729743, 0.0 ], [ -121.853199858326192, 38.871074249654114, 0.0 ], [ -121.853200679545566, 38.872322289218737, 0.0 ], [ -121.853260789917599, 38.873512341818376, 0.0 ], [ -121.853293641628909, 38.875053554654841, 0.0 ], [ -121.853293112644195, 38.876878288155986, 0.0 ], [ -121.853262206260098, 38.878441401895486, 0.0 ], [ -121.853272434711513, 38.879238979900379, 0.0 ], [ -121.853283748158987, 38.879968987488958, 0.0 ], [ -121.853264941236574, 38.880779796873469, 0.0 ], [ -121.853269113977348, 38.881595336505853, 0.0 ], [ -121.853272780756924, 38.882442412796919, 0.0 ], [ -121.85327695436564, 38.883257952215011, 0.0 ], [ -121.853266333919308, 38.883559718765945, 0.0 ] ] ] ] } },
{ "type": "Feature", "properties": { "Name": "211C", "FolderPath": "FishFood2023Final.kmz/FishFood2023Final/RD108/Fields/individual fields", "SymbolID": 0, "AltMode": 0, "Base": 0.0, "Clamped": -1, "Extruded": 0, "Snippet": null, "PopupInfo": "<html xmlns:fo=\"http://www.w3.org/1999/XSL/Format\" xmlns:msxsl=\"urn:schemas-microsoft-com:xslt\">\n\n<head>\n\n<META http-equiv=\"Content-Type\" content=\"text/html\">\n\n<meta http-equiv=\"content-type\" content=\"text/html; charset=UTF-8\">\n\n</head>\n\n<body style=\"mar", "Shape_Leng": 3940.83591394, "Shape_Area": 594086.26693499996, "OBJECTID": null, "Type": null, "Owner": null, "Access": null, "Feature_ID": null, "layer": "FishFoodFields", "path": "D:/seths_msi/Documents/CalTrout Mapping Projects/CalTrout_imagery_2023/FishFoodFields.shp", "field_id": null, "joined_Name": "211C" }, "geometry": { "type": "MultiPolygon", "coordinates": [ [ [ [ -121.848508906415418, 38.879385771419862, 0.0 ], [ -121.848476801983182, 38.881016455400868, 0.0 ], [ -121.847879478512766, 38.880749232461866, 0.0 ], [ -121.846793384033646, 38.880720473161823, 0.0 ], [ -121.844048101311415, 38.880724826675944, 0.0 ], [ -121.844094331596935, 38.879517806506435, 0.0 ], [ -121.844094255124617, 38.877256034466974, 0.0 ], [ -121.844103312090041, 38.875052924519565, 0.0 ], [ -121.844021277714589, 38.868113603055235, 0.0 ], [ -121.844018721117934, 38.86662675385746, 0.0 ], [ -121.848084292973979, 38.866689509886207, 0.0 ], [ -121.848489878550964, 38.86668900893212, 0.0 ], [ -121.848446631107208, 38.869635198241653, 0.0 ], [ -121.848449724387436, 38.871496012168492, 0.0 ], [ -121.848428735532067, 38.872572626742176, 0.0 ], [ -121.848432310329656, 38.873644976881401, 0.0 ], [ -121.848418597259652, 38.874717157240006, 0.0 ], [ -121.848417463081006, 38.875055060964939, 0.0 ], [ -121.848453005098861, 38.878029057559679, 0.0 ], [ -121.848441189031831, 38.879385102695288, 0.0 ], [ -121.848508906415418, 38.879385771419862, 0.0 ] ] ] ] } },
{ "type": "Feature", "properties": { "Name": "211SE", "FolderPath": "FishFood2023Final.kmz/FishFood2023Final/RD108/Fields/individual fields", "SymbolID": 0, "AltMode": 0, "Base": 0.0, "Clamped": -1, "Extruded": 0, "Snippet": null, "PopupInfo": "<html xmlns:fo=\"http://www.w3.org/1999/XSL/Format\" xmlns:msxsl=\"urn:schemas-microsoft-com:xslt\">\n\n<head>\n\n<META http-equiv=\"Content-Type\" content=\"text/html\">\n\n<meta http-equiv=\"content-type\" content=\"text/html; charset=UTF-8\">\n\n</head>\n\n<body style=\"mar", "Shape_Leng": 1304.0386052199999, "Shape_Area": 101180.600523, "OBJECTID": null, "Type": null, "Owner": null, "Access": null, "Feature_ID": null, "layer": "FishFoodFields", "path": "D:/seths_msi/Documents/CalTrout Mapping Projects/CalTrout_imagery_2023/FishFoodFields.shp", "field_id": null, "joined_Name": "211SE" }, "geometry": { "type": "MultiPolygon", "coordinates": [ [ [ [ -121.848518288331576, 38.864170696437675, 0.0 ], [ -121.848496607456283, 38.866495337773657, 0.0 ], [ -121.843998664781225, 38.866441828136544, 0.0 ], [ -121.843941043697228, 38.866441255911063, 0.0 ], [ -121.843998958545782, 38.864112471106125, 0.0 ], [ -121.844011920827924, 38.864112599420807, 0.0 ], [ -121.845319450385333, 38.864152585110013, 0.0 ], [ -121.848518288331576, 38.864170696437675, 0.0 ] ] ] ] } },
{ "type": "Feature", "properties": { "Name": "211SWE", "FolderPath": "FishFood2023Final.kmz/FishFood2023Final/RD108/Fields/individual fields", "SymbolID": 0, "AltMode": 0, "Base": 0.0, "Clamped": -1, "Extruded": 0, "Snippet": null, "PopupInfo": "<html xmlns:fo=\"http://www.w3.org/1999/XSL/Format\" xmlns:msxsl=\"urn:schemas-microsoft-com:xslt\">\n\n<head>\n\n<META http-equiv=\"Content-Type\" content=\"text/html\">\n\n<meta http-equiv=\"content-type\" content=\"text/html; charset=UTF-8\">\n\n</head>\n\n<body style=\"mar", "Shape_Leng": 1290.1994013200001, "Shape_Area": 100027.70294800001, "OBJECTID": null, "Type": null, "Owner": null, "Access": null, "Feature_ID": null, "layer": "FishFoodFields", "path": "D:/seths_msi/Documents/CalTrout Mapping Projects/CalTrout_imagery_2023/FishFoodFields.shp", "field_id": null, "joined_Name": "211SWE" }, "geometry": { "type": "MultiPolygon", "coordinates": [ [ [ [ -121.848624094688475, 38.866496596630675, 0.0 ], [ -121.848627693485341, 38.864176282558674, 0.0 ], [ -121.85178972654073, 38.864198446056314, 0.0 ], [ -121.853094963365081, 38.864202278325891, 0.0 ], [ -121.853049949315647, 38.866553724755335, 0.0 ], [ -121.850338915991287, 38.866522525354171, 0.0 ], [ -121.848624094688475, 38.866496596630675, 0.0 ] ] ] ] } },
{ "type": "Feature", "properties": { "Name": "211SWW", "FolderPath": "FishFood2023Final.kmz/FishFood2023Final/RD108/Fields/individual fields", "SymbolID": 0, "AltMode": 0, "Base": 0.0, "Clamped": -1, "Extruded": 0, "Snippet": null, "PopupInfo": "<html xmlns:fo=\"http://www.w3.org/1999/XSL/Format\" xmlns:msxsl=\"urn:schemas-microsoft-com:xslt\">\n\n<head>\n\n<META http-equiv=\"Content-Type\" content=\"text/html\">\n\n<meta http-equiv=\"content-type\" content=\"text/html; charset=UTF-8\">\n\n</head>\n\n<body style=\"mar", "Shape_Leng": 1237.3970179400001, "Shape_Area": 91039.314240299995, "OBJECTID": null, "Type": null, "Owner": null, "Access": null, "Feature_ID": null, "layer": "FishFoodFields", "path": "D:/seths_msi/Documents/CalTrout Mapping Projects/CalTrout_imagery_2023/FishFoodFields.shp", "field_id": null, "joined_Name": "211SWW" }, "geometry": { "type": "MultiPolygon", "coordinates": [ [ [ [ -121.854729129664008, 38.864358010434955, 0.0 ], [ -121.857790055363012, 38.864397039487457, 0.0 ], [ -121.85774858300644, 38.866536763119562, 0.0 ], [ -121.853388766554374, 38.866539035109355, 0.0 ], [ -121.853426842866497, 38.86434971889517, 0.0 ], [ -121.854729129664008, 38.864358010434955, 0.0 ] ] ] ] } },
{ "type": "Feature", "properties": { "Name": "211W", "FolderPath": "FishFood2023Final.kmz/FishFood2023Final/RD108/Fields/individual fields", "SymbolID": 0, "AltMode": 0, "Base": 0.0, "Clamped": -1, "Extruded": 0, "Snippet": null, "PopupInfo": "<html xmlns:fo=\"http://www.w3.org/1999/XSL/Format\" xmlns:msxsl=\"urn:schemas-microsoft-com:xslt\">\n\n<head>\n\n<META http-equiv=\"Content-Type\" content=\"text/html\">\n\n<meta http-equiv=\"content-type\" content=\"text/html; charset=UTF-8\">\n\n</head>\n\n<body style=\"mar", "Shape_Leng": 4549.5262381100001, "Shape_Area": 739248.57429699996, "OBJECTID": null, "Type": null, "Owner": null, "Access": null, "Feature_ID": null, "layer": "FishFoodFields", "path": "D:/seths_msi/Documents/CalTrout Mapping Projects/CalTrout_imagery_2023/FishFoodFields.shp", "field_id": null, "joined_Name": "211W" }, "geometry": { "type": "MultiPolygon", "coordinates": [ [ [ [ -121.853408970505498, 38.875050183385348, 0.0 ], [ -121.853249016763911, 38.866717881851599, 0.0 ], [ -121.855713005249214, 38.866746590482109, 0.0 ], [ -121.857983028043861, 38.866741809449813, 0.0 ], [ -121.857841339237652, 38.875048627609239, 0.0 ], [ -121.857972850966618, 38.878712912367661, 0.0 ], [ -121.857925938989624, 38.881641045951859, 0.0 ], [ -121.857946124183513, 38.883619170349554, 0.0 ], [ -121.857936758279635, 38.883619077839256, 0.0 ], [ -121.853381605326291, 38.883560850810447, 0.0 ], [ -121.853381270755392, 38.882506555397832, 0.0 ], [ -121.853376372858023, 38.881736062729495, 0.0 ], [ -121.853404123141843, 38.880010720705776, 0.0 ], [ -121.853400047631283, 38.878113855447921, 0.0 ], [ -121.853416639325019, 38.877082251393603, 0.0 ], [ -121.853408970505498, 38.875050183385348, 0.0 ] ] ] ] } },
{ "type": "Feature", "properties": { "Name": "212E", "FolderPath": "FishFood2023Final.kmz/FishFood2023Final/RD108/Fields/individual fields", "SymbolID": 0, "AltMode": 0, "Base": 0.0, "Clamped": -1, "Extruded": 0, "Snippet": null, "PopupInfo": "<html xmlns:fo=\"http://www.w3.org/1999/XSL/Format\" xmlns:msxsl=\"urn:schemas-microsoft-com:xslt\">\n\n<head>\n\n<META http-equiv=\"Content-Type\" content=\"text/html\">\n\n<meta http-equiv=\"content-type\" content=\"text/html; charset=UTF-8\">\n\n</head>\n\n<body style=\"mar", "Shape_Leng": 4575.1568510400002, "Shape_Area": 749592.02844799997, "OBJECTID": null, "Type": null, "Owner": null, "Access": null, "Feature_ID": null, "layer": "FishFoodFields", "path": "D:/seths_msi/Documents/CalTrout Mapping Projects/CalTrout_imagery_2023/FishFoodFields.shp", "field_id": null, "joined_Name": "212E" }, "geometry": { "type": "MultiPolygon", "coordinates": [ [ [ [ -121.858050244959401, 38.875050674410431, 0.0 ], [ -121.858084657971943, 38.866738298611835, 0.0 ], [ -121.858084947172074, 38.866630169092758, 0.0 ], [ -121.858084951078425, 38.866585114135958, 0.0 ], [ -121.860474965971349, 38.866599480279639, 0.0 ], [ -121.862631398884403, 38.866625037677217, 0.0 ], [ -121.862602662112849, 38.868472029135987, 0.0 ], [ -121.862608465031741, 38.869463303605215, 0.0 ], [ -121.862624866680918, 38.87073853229932, 0.0 ], [ -121.862611510956938, 38.871846763257864, 0.0 ], [ -121.862597150249726, 38.872973008368888, 0.0 ], [ -121.862600073855404, 38.874099420725109, 0.0 ], [ -121.86263101414734, 38.875050388862121, 0.0 ], [ -121.862712037529136, 38.876474929170357, 0.0 ], [ -121.862691842953836, 38.877740786983225, 0.0 ], [ -121.862644793079426, 38.879425397542477, 0.0 ], [ -121.862606720592652, 38.88050184798167, 0.0 ], [ -121.862577223415428, 38.881582887325941, 0.0 ], [ -121.862555648688357, 38.882664004543457, 0.0 ], [ -121.862568651618361, 38.883700402620235, 0.0 ], [ -121.858021051531566, 38.883619903197022, 0.0 ], [ -121.858030690124536, 38.881578994192672, 0.0 ], [ -121.858057176265959, 38.879925725527912, 0.0 ], [ -121.858047699902144, 38.878718149984898, 0.0 ], [ -121.858081430140146, 38.878051662000203, 0.0 ], [ -121.858050244959401, 38.875050674410431, 0.0 ] ] ] ] } },
{ "type": "Feature", "properties": { "Name": "212W", "FolderPath": "FishFood2023Final.kmz/FishFood2023Final/RD108/Fields/individual fields", "SymbolID": 0, "AltMode": 0, "Base": 0.0, "Clamped": -1, "Extruded": 0, "Snippet": null, "PopupInfo": "<html xmlns:fo=\"http://www.w3.org/1999/XSL/Format\" xmlns:msxsl=\"urn:schemas-microsoft-com:xslt\">\n\n<head>\n\n<META http-equiv=\"Content-Type\" content=\"text/html\">\n\n<meta http-equiv=\"content-type\" content=\"text/html; charset=UTF-8\">\n\n</head>\n\n<body style=\"mar", "Shape_Leng": 4577.8320211099999, "Shape_Area": 745230.16127000004, "OBJECTID": null, "Type": null, "Owner": null, "Access": null, "Feature_ID": null, "layer": "FishFoodFields", "path": "D:/seths_msi/Documents/CalTrout Mapping Projects/CalTrout_imagery_2023/FishFoodFields.shp", "field_id": null, "joined_Name": "212W" }, "geometry": { "type": "MultiPolygon", "coordinates": [ [ [ [ -121.867254798950924, 38.883678442558292, 0.0 ], [ -121.862689760236719, 38.883697078560928, 0.0 ], [ -121.862688570953068, 38.882732883022918, 0.0 ], [ -121.862736650613684, 38.881525870403586, 0.0 ], [ -121.862727168445247, 38.880313789500178, 0.0 ], [ -121.862768615156483, 38.879025613998714, 0.0 ], [ -121.862801413938485, 38.877737350373913, 0.0 ], [ -121.862809646088778, 38.876453353695169, 0.0 ], [ -121.86272329095361, 38.875046784751426, 0.0 ], [ -121.862725334087926, 38.87387987066549, 0.0 ], [ -121.862715919347579, 38.872618228342958, 0.0 ], [ -121.862731930247705, 38.871343317525323, 0.0 ], [ -121.862723520937593, 38.870063663015365, 0.0 ], [ -121.862722964116969, 38.868788589401106, 0.0 ], [ -121.862722407893443, 38.86751351642566, 0.0 ], [ -121.862740881022191, 38.866626104852585, 0.0 ], [ -121.865783326923847, 38.866655735486631, 0.0 ], [ -121.867279200846738, 38.866679285927333, 0.0 ], [ -121.867293793116886, 38.867075916906657, 0.0 ], [ -121.867263873518297, 38.868188495278432, 0.0 ], [ -121.867245242790673, 38.871175487647569, 0.0 ], [ -121.867233963157659, 38.872157585799151, 0.0 ], [ -121.867239252111801, 38.873139845418414, 0.0 ], [ -121.86723690067565, 38.874104007511725, 0.0 ], [ -121.867304783578447, 38.875046323735766, 0.0 ], [ -121.867344030816582, 38.877700466337025, 0.0 ], [ -121.867292634222579, 38.880934940498065, 0.0 ], [ -121.86733081702458, 38.88093531179787, 0.0 ], [ -121.867330751802186, 38.880984872567623, 0.0 ], [ -121.867291775845374, 38.880989000056495, 0.0 ], [ -121.867272804973183, 38.882182781616756, 0.0 ], [ -121.867254798950924, 38.883678442558292, 0.0 ] ] ] ] } },
{ "type": "Feature", "properties": { "Name": "213E", "FolderPath": "FishFood2023Final.kmz/FishFood2023Final/RD108/Fields/individual fields", "SymbolID": 0, "AltMode": 0, "Base": 0.0, "Clamped": -1, "Extruded": 0, "Snippet": null, "PopupInfo": "<html xmlns:fo=\"http://www.w3.org/1999/XSL/Format\" xmlns:msxsl=\"urn:schemas-microsoft-com:xslt\">\n\n<head>\n\n<META http-equiv=\"Content-Type\" content=\"text/html\">\n\n<meta http-equiv=\"content-type\" content=\"text/html; charset=UTF-8\">\n\n</head>\n\n<body style=\"mar", "Shape_Leng": 3924.1435867599998, "Shape_Area": 598665.264432, "OBJECTID": null, "Type": null, "Owner": null, "Access": null, "Feature_ID": null, "layer": "FishFoodFields", "path": "D:/seths_msi/Documents/CalTrout Mapping Projects/CalTrout_imagery_2023/FishFoodFields.shp", "field_id": null, "joined_Name": "213E" }, "geometry": { "type": "MultiPolygon", "coordinates": [ [ [ [ -121.858235234986964, 38.856791537286213, 0.0 ], [ -121.858274843438849, 38.85215571663155, 0.0 ], [ -121.86010822334616, 38.852178152551737, 0.0 ], [ -121.862623424194766, 38.852216221968945, 0.0 ], [ -121.8626123041781, 38.853139752966641, 0.0 ], [ -121.862593977959961, 38.855554547379789, 0.0 ], [ -121.862555410007346, 38.857973651073891, 0.0 ], [ -121.862541728991687, 38.860458922054654, 0.0 ], [ -121.862539926178883, 38.860786686571863, 0.0 ], [ -121.862536041089712, 38.861492294320627, 0.0 ], [ -121.862527173282061, 38.864803783252697, 0.0 ], [ -121.862486473405625, 38.866497468600784, 0.0 ], [ -121.861371561826161, 38.86648208386751, 0.0 ], [ -121.858180533720969, 38.866464400548558, 0.0 ], [ -121.858159005868785, 38.862454259810967, 0.0 ], [ -121.858181524866779, 38.86078144685014, 0.0 ], [ -121.858185597706651, 38.860479102736008, 0.0 ], [ -121.858235234986964, 38.856791537286213, 0.0 ] ] ] ] } },
{ "type": "Feature", "properties": { "Name": "213W", "FolderPath": "FishFood2023Final.kmz/FishFood2023Final/RD108/Fields/individual fields", "SymbolID": 0, "AltMode": 0, "Base": 0.0, "Clamped": -1, "Extruded": 0, "Snippet": null, "PopupInfo": "<html xmlns:fo=\"http://www.w3.org/1999/XSL/Format\" xmlns:msxsl=\"urn:schemas-microsoft-com:xslt\">\n\n<head>\n\n<META http-equiv=\"Content-Type\" content=\"text/html\">\n\n<meta http-equiv=\"content-type\" content=\"text/html; charset=UTF-8\">\n\n</head>\n\n<body style=\"mar", "Shape_Leng": 3930.9019140700002, "Shape_Area": 597098.33552700002, "OBJECTID": null, "Type": null, "Owner": null, "Access": null, "Feature_ID": null, "layer": "FishFoodFields", "path": "D:/seths_msi/Documents/CalTrout Mapping Projects/CalTrout_imagery_2023/FishFoodFields.shp", "field_id": null, "joined_Name": "213W" }, "geometry": { "type": "MultiPolygon", "coordinates": [ [ [ [ -121.86718972990036, 38.866552262339219, 0.0 ], [ -121.86562680179135, 38.866532564107871, 0.0 ], [ -121.862796192966883, 38.866500490560711, 0.0 ], [ -121.862816283730737, 38.864788580204191, 0.0 ], [ -121.862855734960633, 38.862765974601174, 0.0 ], [ -121.862858194127753, 38.859855418321985, 0.0 ], [ -121.862907606306592, 38.85698135990264, 0.0 ], [ -121.862956198056537, 38.852214960295427, 0.0 ], [ -121.864093500868279, 38.852212525923733, 0.0 ], [ -121.867295137404071, 38.852248165976505, 0.0 ], [ -121.867266231321821, 38.853297678498102, 0.0 ], [ -121.867227821900116, 38.856352071290424, 0.0 ], [ -121.867201725370478, 38.859447130529503, 0.0 ], [ -121.867195507228985, 38.862605459338035, 0.0 ], [ -121.867168046005858, 38.865831164323275, 0.0 ], [ -121.86718972990036, 38.866552262339219, 0.0 ] ] ] ] } },
{ "type": "Feature", "properties": { "Name": "214E", "FolderPath": "FishFood2023Final.kmz/FishFood2023Final/RD108/Fields/individual fields", "SymbolID": 0, "AltMode": 0, "Base": 0.0, "Clamped": -1, "Extruded": 0, "Snippet": null, "PopupInfo": "<html xmlns:fo=\"http://www.w3.org/1999/XSL/Format\" xmlns:msxsl=\"urn:schemas-microsoft-com:xslt\">\n\n<head>\n\n<META http-equiv=\"Content-Type\" content=\"text/html\">\n\n<meta http-equiv=\"content-type\" content=\"text/html; charset=UTF-8\">\n\n</head>\n\n<body style=\"mar", "Shape_Leng": 2623.4380691400002, "Shape_Area": 350377.120176, "OBJECTID": null, "Type": null, "Owner": null, "Access": null, "Feature_ID": null, "layer": "FishFoodFields", "path": "D:/seths_msi/Documents/CalTrout Mapping Projects/CalTrout_imagery_2023/FishFoodFields.shp", "field_id": null, "joined_Name": "214E" }, "geometry": { "type": "MultiPolygon", "coordinates": [ [ [ [ -121.862691425190292, 38.843701384425358, 0.0 ], [ -121.862663328695874, 38.844877061834765, 0.0 ], [ -121.862657380675913, 38.848413864960968, 0.0 ], [ -121.862588124824029, 38.851900489661098, 0.0 ], [ -121.860631175659876, 38.85185886306067, 0.0 ], [ -121.858277369325251, 38.851817824888606, 0.0 ], [ -121.858353848109672, 38.845866738667532, 0.0 ], [ -121.858389229922139, 38.843159248571837, 0.0 ], [ -121.859723104683255, 38.843329987579061, 0.0 ], [ -121.862691425190292, 38.843701384425358, 0.0 ] ] ] ] } },
{ "type": "Feature", "properties": { "Name": "214W", "FolderPath": "FishFood2023Final.kmz/FishFood2023Final/RD108/Fields/individual fields", "SymbolID": 0, "AltMode": 0, "Base": 0.0, "Clamped": -1, "Extruded": 0, "Snippet": null, "PopupInfo": "<html xmlns:fo=\"http://www.w3.org/1999/XSL/Format\" xmlns:msxsl=\"urn:schemas-microsoft-com:xslt\">\n\n<head>\n\n<META http-equiv=\"Content-Type\" content=\"text/html\">\n\n<meta http-equiv=\"content-type\" content=\"text/html; charset=UTF-8\">\n\n</head>\n\n<body style=\"mar", "Shape_Leng": 2559.6992181700002, "Shape_Area": 342291.99067899998, "OBJECTID": null, "Type": null, "Owner": null, "Access": null, "Feature_ID": null, "layer": "FishFoodFields", "path": "D:/seths_msi/Documents/CalTrout Mapping Projects/CalTrout_imagery_2023/FishFoodFields.shp", "field_id": null, "joined_Name": "214W" }, "geometry": { "type": "MultiPolygon", "coordinates": [ [ [ [ -121.867294111418943, 38.852085956104347, 0.0 ], [ -121.862856882876073, 38.852029264551462, 0.0 ], [ -121.86283999311263, 38.851236123098921, 0.0 ], [ -121.862861902108776, 38.850132476289055, 0.0 ], [ -121.862883737142909, 38.849033333253615, 0.0 ], [ -121.862905642796605, 38.847929685994821, 0.0 ], [ -121.862884776604389, 38.846843643626464, 0.0 ], [ -121.86288983215519, 38.845757854340981, 0.0 ], [ -121.862894817749108, 38.844676568885312, 0.0 ], [ -121.862887638951719, 38.843725825643581, 0.0 ], [ -121.863030639389379, 38.843745242924314, 0.0 ], [ -121.866237194344777, 38.844172938684437, 0.0 ], [ -121.867287616858135, 38.844282265745093, 0.0 ], [ -121.867314565765838, 38.848256430847812, 0.0 ], [ -121.867294452876806, 38.849342074201232, 0.0 ], [ -121.867294111418943, 38.852085956104347, 0.0 ] ] ] ] } },
{ "type": "Feature", "properties": { "Name": "215E", "FolderPath": "FishFood2023Final.kmz/FishFood2023Final/RD108/Fields/individual fields", "SymbolID": 0, "AltMode": 0, "Base": 0.0, "Clamped": -1, "Extruded": 0, "Snippet": null, "PopupInfo": "<html xmlns:fo=\"http://www.w3.org/1999/XSL/Format\" xmlns:msxsl=\"urn:schemas-microsoft-com:xslt\">\n\n<head>\n\n<META http-equiv=\"Content-Type\" content=\"text/html\">\n\n<meta http-equiv=\"content-type\" content=\"text/html; charset=UTF-8\">\n\n</head>\n\n<body style=\"mar", "Shape_Leng": 2436.6208722900001, "Shape_Area": 317623.817469, "OBJECTID": null, "Type": null, "Owner": null, "Access": null, "Feature_ID": null, "layer": "FishFoodFields", "path": "D:/seths_msi/Documents/CalTrout Mapping Projects/CalTrout_imagery_2023/FishFoodFields.shp", "field_id": null, "joined_Name": "215E" }, "geometry": { "type": "MultiPolygon", "coordinates": [ [ [ [ -121.872099969162321, 38.844815494232414, 0.0 ], [ -121.872035255164008, 38.845720486996335, 0.0 ], [ -121.872009126176579, 38.84819378779315, 0.0 ], [ -121.872003093094406, 38.850716842424831, 0.0 ], [ -121.872009163837731, 38.852064064512483, 0.0 ], [ -121.871983958940163, 38.852063820171097, 0.0 ], [ -121.868504425213843, 38.852021107486756, 0.0 ], [ -121.867578480036144, 38.852003110907503, 0.0 ], [ -121.867605005320257, 38.850331806935159, 0.0 ], [ -121.867623766389272, 38.84574533086839, 0.0 ], [ -121.867601058768216, 38.844316848021805, 0.0 ], [ -121.869262535927874, 38.844495164185965, 0.0 ], [ -121.872099969162321, 38.844815494232414, 0.0 ] ] ] ] } },
{ "type": "Feature", "properties": { "Name": "215W", "FolderPath": "FishFood2023Final.kmz/FishFood2023Final/RD108/Fields/individual fields", "SymbolID": 0, "AltMode": 0, "Base": 0.0, "Clamped": -1, "Extruded": 0, "Snippet": null, "PopupInfo": "<html xmlns:fo=\"http://www.w3.org/1999/XSL/Format\" xmlns:msxsl=\"urn:schemas-microsoft-com:xslt\">\n\n<head>\n\n<META http-equiv=\"Content-Type\" content=\"text/html\">\n\n<meta http-equiv=\"content-type\" content=\"text/html; charset=UTF-8\">\n\n</head>\n\n<body style=\"mar", "Shape_Leng": 2367.6067041900001, "Shape_Area": 311905.14466400002, "OBJECTID": null, "Type": null, "Owner": null, "Access": null, "Feature_ID": null, "layer": "FishFoodFields", "path": "D:/seths_msi/Documents/CalTrout Mapping Projects/CalTrout_imagery_2023/FishFoodFields.shp", "field_id": null, "joined_Name": "215W" }, "geometry": { "type": "MultiPolygon", "coordinates": [ [ [ [ -121.876755369685029, 38.852213494260745, 0.0 ], [ -121.876162051008635, 38.852203272673421, 0.0 ], [ -121.872213049733745, 38.852151641833913, 0.0 ], [ -121.872196878461295, 38.851124218440582, 0.0 ], [ -121.872206614207897, 38.850006933815635, 0.0 ], [ -121.872238653202984, 38.848389745496647, 0.0 ], [ -121.872236707880418, 38.847191248410802, 0.0 ], [ -121.872251971780344, 38.845997421066144, 0.0 ], [ -121.872281139300242, 38.844835267903683, 0.0 ], [ -121.874885514560958, 38.845139761216643, 0.0 ], [ -121.876162076993708, 38.845296244716913, 0.0 ], [ -121.876838880843465, 38.845352324093817, 0.0 ], [ -121.876840541182702, 38.846253453319299, 0.0 ], [ -121.876837097473995, 38.846884199403931, 0.0 ], [ -121.876812838182616, 38.847510239633436, 0.0 ], [ -121.87680435319885, 38.848140936201851, 0.0 ], [ -121.876796655401918, 38.848767136466769, 0.0 ], [ -121.87678888997047, 38.849397839821705, 0.0 ], [ -121.876773343475691, 38.85001945796116, 0.0 ], [ -121.876773567355116, 38.850645734213778, 0.0 ], [ -121.87678243273561, 38.85127209170858, 0.0 ], [ -121.876762494820056, 38.851898173925363, 0.0 ], [ -121.876755369685029, 38.852213494260745, 0.0 ] ] ] ] } },
{ "type": "Feature", "properties": { "Name": "216E", "FolderPath": "FishFood2023Final.kmz/FishFood2023Final/RD108/Fields/individual fields", "SymbolID": 0, "AltMode": 0, "Base": 0.0, "Clamped": -1, "Extruded": 0, "Snippet": null, "PopupInfo": "<html xmlns:fo=\"http://www.w3.org/1999/XSL/Format\" xmlns:msxsl=\"urn:schemas-microsoft-com:xslt\">\n\n<head>\n\n<META http-equiv=\"Content-Type\" content=\"text/html\">\n\n<meta http-equiv=\"content-type\" content=\"text/html; charset=UTF-8\">\n\n</head>\n\n<body style=\"mar", "Shape_Leng": 4000.0142701899999, "Shape_Area": 631750.68604900001, "OBJECTID": null, "Type": null, "Owner": null, "Access": null, "Feature_ID": null, "layer": "FishFoodFields", "path": "D:/seths_msi/Documents/CalTrout Mapping Projects/CalTrout_imagery_2023/FishFoodFields.shp", "field_id": null, "joined_Name": "216E" }, "geometry": { "type": "MultiPolygon", "coordinates": [ [ [ [ -121.871832564240037, 38.866601774607858, 0.0 ], [ -121.868945763910361, 38.866569306370991, 0.0 ], [ -121.867470637679659, 38.866554989698798, 0.0 ], [ -121.867351072629077, 38.866553829162811, 0.0 ], [ -121.867364277976748, 38.865450099533021, 0.0 ], [ -121.867370204116611, 38.864305747847048, 0.0 ], [ -121.867376060427418, 38.863165901762834, 0.0 ], [ -121.867406403129735, 38.86202629114424, 0.0 ], [ -121.867412111368395, 38.860895455284457, 0.0 ], [ -121.867409249019957, 38.859760029593687, 0.0 ], [ -121.867405525515238, 38.858633604733981, 0.0 ], [ -121.867427725193878, 38.857507432872957, 0.0 ], [ -121.86744489012878, 38.855790984602173, 0.0 ], [ -121.867444030116417, 38.855164704928725, 0.0 ], [ -121.867460449329442, 38.854538591855771, 0.0 ], [ -121.867451667189869, 38.853912235227718, 0.0 ], [ -121.867463766035826, 38.853286079225214, 0.0 ], [ -121.867479393786169, 38.852664464781483, 0.0 ], [ -121.867500436449646, 38.852155541966468, 0.0 ], [ -121.868133432675762, 38.852161687404447, 0.0 ], [ -121.870795620373059, 38.852196500515646, 0.0 ], [ -121.872128444961319, 38.852218406180739, 0.0 ], [ -121.872009932820404, 38.855614451662319, 0.0 ], [ -121.871900198244447, 38.855721523482622, 0.0 ], [ -121.871889338933514, 38.856636044975879, 0.0 ], [ -121.871899909921282, 38.857789569285842, 0.0 ], [ -121.871895870271018, 38.859001525040767, 0.0 ], [ -121.87190952470381, 38.860916515865561, 0.0 ], [ -121.871967315545618, 38.86108828594034, 0.0 ], [ -121.872003711588988, 38.862476348119962, 0.0 ], [ -121.871989651896129, 38.863638642798904, 0.0 ], [ -121.871987363161963, 38.864557754191402, 0.0 ], [ -121.871968502020934, 38.865476702658107, 0.0 ], [ -121.871950618920579, 38.866607422459914, 0.0 ], [ -121.871832564240037, 38.866601774607858, 0.0 ] ] ] ] } },
{ "type": "Feature", "properties": { "Name": "216W", "FolderPath": "FishFood2023Final.kmz/FishFood2023Final/RD108/Fields/individual fields", "SymbolID": 0, "AltMode": 0, "Base": 0.0, "Clamped": -1, "Extruded": 0, "Snippet": null, "PopupInfo": "<html xmlns:fo=\"http://www.w3.org/1999/XSL/Format\" xmlns:msxsl=\"urn:schemas-microsoft-com:xslt\">\n\n<head>\n\n<META http-equiv=\"Content-Type\" content=\"text/html\">\n\n<meta http-equiv=\"content-type\" content=\"text/html; charset=UTF-8\">\n\n</head>\n\n<body style=\"mar", "Shape_Leng": 3993.6705194800002, "Shape_Area": 643847.30124199996, "OBJECTID": null, "Type": null, "Owner": null, "Access": null, "Feature_ID": null, "layer": "FishFoodFields", "path": "D:/seths_msi/Documents/CalTrout Mapping Projects/CalTrout_imagery_2023/FishFoodFields.shp", "field_id": null, "joined_Name": "216W" }, "geometry": { "type": "MultiPolygon", "coordinates": [ [ [ [ -121.876704684067917, 38.866684851694536, 0.0 ], [ -121.876162018878006, 38.866652589656667, 0.0 ], [ -121.872126366599986, 38.866609123636387, 0.0 ], [ -121.872101876867717, 38.866608885300188, 0.0 ], [ -121.872087869614063, 38.865991489866822, 0.0 ], [ -121.872091322901213, 38.865135468267034, 0.0 ], [ -121.872106022476885, 38.863932629669627, 0.0 ], [ -121.872120651049656, 38.862734294839228, 0.0 ], [ -121.87209184322866, 38.861093995230448, 0.0 ], [ -121.872024539462288, 38.860886088544177, 0.0 ], [ -121.872016706321872, 38.858921593235159, 0.0 ], [ -121.872018479855726, 38.857943905001079, 0.0 ], [ -121.872028855107061, 38.856741022316051, 0.0 ], [ -121.872011184046684, 38.855763145922943, 0.0 ], [ -121.872130565476112, 38.855638143853028, 0.0 ], [ -121.872185819938082, 38.853327327277185, 0.0 ], [ -121.872211981398124, 38.852219214692248, 0.0 ], [ -121.87334820952475, 38.852239206011745, 0.0 ], [ -121.876162425542049, 38.852270859471432, 0.0 ], [ -121.876759995934449, 38.85228562755789, 0.0 ], [ -121.876757072042338, 38.853294843494183, 0.0 ], [ -121.876742244749124, 38.854511202602055, 0.0 ], [ -121.876744332580245, 38.855705197034268, 0.0 ], [ -121.876754343269113, 38.856899265631924, 0.0 ], [ -121.876749219232394, 38.858048134207799, 0.0 ], [ -121.876743444107788, 38.859192489799803, 0.0 ], [ -121.876746170455377, 38.860345937244809, 0.0 ], [ -121.876741399097952, 38.861472281459605, 0.0 ], [ -121.876744549911393, 38.862598699861714, 0.0 ], [ -121.876713848213058, 38.863724792436138, 0.0 ], [ -121.876691999895144, 38.864837453158984, 0.0 ], [ -121.876704684067917, 38.866684851694536, 0.0 ] ] ] ] } },
{ "type": "Feature", "properties": { "Name": "217E", "FolderPath": "FishFood2023Final.kmz/FishFood2023Final/RD108/Fields/individual fields", "SymbolID": 0, "AltMode": 0, "Base": 0.0, "Clamped": -1, "Extruded": 0, "Snippet": null, "PopupInfo": "<html xmlns:fo=\"http://www.w3.org/1999/XSL/Format\" xmlns:msxsl=\"urn:schemas-microsoft-com:xslt\">\n\n<head>\n\n<META http-equiv=\"Content-Type\" content=\"text/html\">\n\n<meta http-equiv=\"content-type\" content=\"text/html; charset=UTF-8\">\n\n</head>\n\n<body style=\"mar", "Shape_Leng": 4581.3252135000002, "Shape_Area": 745022.81700799998, "OBJECTID": null, "Type": null, "Owner": null, "Access": null, "Feature_ID": null, "layer": "FishFoodFields", "path": "D:/seths_msi/Documents/CalTrout Mapping Projects/CalTrout_imagery_2023/FishFoodFields.shp", "field_id": null, "joined_Name": "217E" }, "geometry": { "type": "MultiPolygon", "coordinates": [ [ [ [ -121.867412836889073, 38.875047374538802, 0.0 ], [ -121.867351665026035, 38.874226772515797, 0.0 ], [ -121.867332169885145, 38.873095692674731, 0.0 ], [ -121.867328885216423, 38.87198729780679, 0.0 ], [ -121.86735045308518, 38.870901671746743, 0.0 ], [ -121.867357942697353, 38.868842711255887, 0.0 ], [ -121.867359644842878, 38.867919092341644, 0.0 ], [ -121.867337544046862, 38.866679852737931, 0.0 ], [ -121.87105828620507, 38.866729447915596, 0.0 ], [ -121.871954314140268, 38.866738119486072, 0.0 ], [ -121.871917043791527, 38.869094158598948, 0.0 ], [ -121.871860272470897, 38.873729815170257, 0.0 ], [ -121.87184810080079, 38.875045314980511, 0.0 ], [ -121.871972285519888, 38.8784436937542, 0.0 ], [ -121.871975052390681, 38.880773084287007, 0.0 ], [ -121.871945404100629, 38.883147213878608, 0.0 ], [ -121.871928067005015, 38.8837417759594, 0.0 ], [ -121.867355663056316, 38.883679423736503, 0.0 ], [ -121.867318199257838, 38.883679058511035, 0.0 ], [ -121.867361152660209, 38.881701548660182, 0.0 ], [ -121.867368213047698, 38.880985236855857, 0.0 ], [ -121.867330751802186, 38.880984872567623, 0.0 ], [ -121.86733081702458, 38.88093531179787, 0.0 ], [ -121.867368999812939, 38.880935683986188, 0.0 ], [ -121.867379903511377, 38.879795889096123, 0.0 ], [ -121.867416230056861, 38.877872377965843, 0.0 ], [ -121.867429787241591, 38.875930623015527, 0.0 ], [ -121.867412836889073, 38.875047374538802, 0.0 ] ] ] ] } },
{ "type": "Feature", "properties": { "Name": "217W", "FolderPath": "FishFood2023Final.kmz/FishFood2023Final/RD108/Fields/individual fields", "SymbolID": 0, "AltMode": 0, "Base": 0.0, "Clamped": -1, "Extruded": 0, "Snippet": null, "PopupInfo": "<html xmlns:fo=\"http://www.w3.org/1999/XSL/Format\" xmlns:msxsl=\"urn:schemas-microsoft-com:xslt\">\n\n<head>\n\n<META http-equiv=\"Content-Type\" content=\"text/html\">\n\n<meta http-equiv=\"content-type\" content=\"text/html; charset=UTF-8\">\n\n</head>\n\n<body style=\"mar", "Shape_Leng": 4505.1897470399999, "Shape_Area": 676297.35391399998, "OBJECTID": null, "Type": null, "Owner": null, "Access": null, "Feature_ID": null, "layer": "FishFoodFields", "path": "D:/seths_msi/Documents/CalTrout Mapping Projects/CalTrout_imagery_2023/FishFoodFields.shp", "field_id": null, "joined_Name": "217W" }, "geometry": { "type": "MultiPolygon", "coordinates": [ [ [ [ -121.872044112057168, 38.875042705671113, 0.0 ], [ -121.87204071315702, 38.87411903533701, 0.0 ], [ -121.872033280062311, 38.871492232693804, 0.0 ], [ -121.872044213754506, 38.8688881342879, 0.0 ], [ -121.872091886885059, 38.866739450142568, 0.0 ], [ -121.872121419861784, 38.866739735388862, 0.0 ], [ -121.876162120364725, 38.866783252003657, 0.0 ], [ -121.876161627791888, 38.875041915312245, 0.0 ], [ -121.876161761099524, 38.883944863638789, 0.0 ], [ -121.87204478149765, 38.883742905319892, 0.0 ], [ -121.872016682418291, 38.88374263296916, 0.0 ], [ -121.872037125196826, 38.881904572735934, 0.0 ], [ -121.872067513862604, 38.88053067866953, 0.0 ], [ -121.872072718859258, 38.87892675707603, 0.0 ], [ -121.872064180408074, 38.877417319611588, 0.0 ], [ -121.872044112057168, 38.875042705671113, 0.0 ] ] ] ] } },
{ "type": "Feature", "properties": { "Name": "218E", "FolderPath": "FishFood2023Final.kmz/FishFood2023Final/RD108/Fields/individual fields", "SymbolID": 0, "AltMode": 0, "Base": 0.0, "Clamped": -1, "Extruded": 0, "Snippet": null, "PopupInfo": "<html xmlns:fo=\"http://www.w3.org/1999/XSL/Format\" xmlns:msxsl=\"urn:schemas-microsoft-com:xslt\">\n\n<head>\n\n<META http-equiv=\"Content-Type\" content=\"text/html\">\n\n<meta http-equiv=\"content-type\" content=\"text/html; charset=UTF-8\">\n\n</head>\n\n<body style=\"mar", "Shape_Leng": 4494.1645027699997, "Shape_Area": 713770.62886699999, "OBJECTID": null, "Type": null, "Owner": null, "Access": null, "Feature_ID": null, "layer": "FishFoodFields", "path": "D:/seths_msi/Documents/CalTrout Mapping Projects/CalTrout_imagery_2023/FishFoodFields.shp", "field_id": null, "joined_Name": "218E" }, "geometry": { "type": "MultiPolygon", "coordinates": [ [ [ [ -121.876728624323945, 38.875042871673479, 0.0 ], [ -121.8767791297782, 38.872934764643936, 0.0 ], [ -121.876854202023239, 38.867848723536291, 0.0 ], [ -121.876882434031586, 38.866925357942314, 0.0 ], [ -121.88119240974595, 38.867025358967624, 0.0 ], [ -121.881225070868339, 38.870499452838622, 0.0 ], [ -121.881189760254571, 38.875045212532306, 0.0 ], [ -121.881129423137068, 38.876364758910462, 0.0 ], [ -121.881109916947182, 38.878617344064928, 0.0 ], [ -121.881096355955506, 38.881500762035394, 0.0 ], [ -121.88104560839237, 38.88386117899762, 0.0 ], [ -121.878921923796824, 38.883827259641166, 0.0 ], [ -121.876695655143266, 38.883810336223583, 0.0 ], [ -121.87669485676976, 38.882535262830388, 0.0 ], [ -121.876706844463968, 38.880174474219594, 0.0 ], [ -121.876732172416723, 38.877881398628027, 0.0 ], [ -121.876720036125178, 38.875587959963489, 0.0 ], [ -121.876728624323945, 38.875042871673479, 0.0 ] ] ] ] } },
{ "type": "Feature", "properties": { "Name": "218W", "FolderPath": "FishFood2023Final.kmz/FishFood2023Final/RD108/Fields/individual fields", "SymbolID": 0, "AltMode": 0, "Base": 0.0, "Clamped": -1, "Extruded": 0, "Snippet": null, "PopupInfo": "<html xmlns:fo=\"http://www.w3.org/1999/XSL/Format\" xmlns:msxsl=\"urn:schemas-microsoft-com:xslt\">\n\n<head>\n\n<META http-equiv=\"Content-Type\" content=\"text/html\">\n\n<meta http-equiv=\"content-type\" content=\"text/html; charset=UTF-8\">\n\n</head>\n\n<body style=\"mar", "Shape_Leng": 4469.5828556300003, "Shape_Area": 682800.88642899995, "OBJECTID": null, "Type": null, "Owner": null, "Access": null, "Feature_ID": null, "layer": "FishFoodFields", "path": "D:/seths_msi/Documents/CalTrout Mapping Projects/CalTrout_imagery_2023/FishFoodFields.shp", "field_id": null, "joined_Name": "218W" }, "geometry": { "type": "MultiPolygon", "coordinates": [ [ [ [ -121.885663143522052, 38.875047499776365, 0.0 ], [ -121.88567541049585, 38.878318646376165, 0.0 ], [ -121.88563611423254, 38.883873608180537, 0.0 ], [ -121.883512073637846, 38.883862297755165, 0.0 ], [ -121.881448990302246, 38.883869555893142, 0.0 ], [ -121.881489413534794, 38.881477500686067, 0.0 ], [ -121.881488403490721, 38.879062518778021, 0.0 ], [ -121.881490439195588, 38.876728666601267, 0.0 ], [ -121.881485900119571, 38.875043548494197, 0.0 ], [ -121.881489704295504, 38.872367289343131, 0.0 ], [ -121.881485145872475, 38.869443143873951, 0.0 ], [ -121.881497810694825, 38.867028289048378, 0.0 ], [ -121.883772173517556, 38.867023047232038, 0.0 ], [ -121.885740854347929, 38.867032864436261, 0.0 ], [ -121.885748114853456, 38.868781089457265, 0.0 ], [ -121.885761484332761, 38.871290809814219, 0.0 ], [ -121.885713515977287, 38.873899065986059, 0.0 ], [ -121.885663143522052, 38.875047499776365, 0.0 ] ] ] ] } },
{ "type": "Feature", "properties": { "Name": "219E", "FolderPath": "FishFood2023Final.kmz/FishFood2023Final/RD108/Fields/individual fields", "SymbolID": 0, "AltMode": 0, "Base": 0.0, "Clamped": -1, "Extruded": 0, "Snippet": null, "PopupInfo": "<html xmlns:fo=\"http://www.w3.org/1999/XSL/Format\" xmlns:msxsl=\"urn:schemas-microsoft-com:xslt\">\n\n<head>\n\n<META http-equiv=\"Content-Type\" content=\"text/html\">\n\n<meta http-equiv=\"content-type\" content=\"text/html; charset=UTF-8\">\n\n</head>\n\n<body style=\"mar", "Shape_Leng": 3941.4451035699999, "Shape_Area": 605312.16535599995, "OBJECTID": null, "Type": null, "Owner": null, "Access": null, "Feature_ID": null, "layer": "FishFoodFields", "path": "D:/seths_msi/Documents/CalTrout Mapping Projects/CalTrout_imagery_2023/FishFoodFields.shp", "field_id": null, "joined_Name": "219E" }, "geometry": { "type": "MultiPolygon", "coordinates": [ [ [ [ -121.881184278133091, 38.866809014202779, 0.0 ], [ -121.879485555842038, 38.866765670587114, 0.0 ], [ -121.876861633862973, 38.866690867814313, 0.0 ], [ -121.876801129580954, 38.866690285878363, 0.0 ], [ -121.876780639255102, 38.865338422520701, 0.0 ], [ -121.876787116469004, 38.86410396378799, 0.0 ], [ -121.876819447589625, 38.862874260866725, 0.0 ], [ -121.876825850854672, 38.861644305612089, 0.0 ], [ -121.876841544290698, 38.860418945055741, 0.0 ], [ -121.876826990172219, 38.852376383996905, 0.0 ], [ -121.881177706730824, 38.852440725437049, 0.0 ], [ -121.881203113161718, 38.853576371084031, 0.0 ], [ -121.881195155835115, 38.855829075412572, 0.0 ], [ -121.881213914371344, 38.85807753103775, 0.0 ], [ -121.881212954500654, 38.859194900634797, 0.0 ], [ -121.881211687656389, 38.861434150164712, 0.0 ], [ -121.881203215252995, 38.863673331636065, 0.0 ], [ -121.881208355394406, 38.865917146487874, 0.0 ], [ -121.881184278133091, 38.866809014202779, 0.0 ] ] ] ] } },
{ "type": "Feature", "properties": { "Name": "219W", "FolderPath": "FishFood2023Final.kmz/FishFood2023Final/RD108/Fields/individual fields", "SymbolID": 0, "AltMode": 0, "Base": 0.0, "Clamped": -1, "Extruded": 0, "Snippet": null, "PopupInfo": "<html xmlns:fo=\"http://www.w3.org/1999/XSL/Format\" xmlns:msxsl=\"urn:schemas-microsoft-com:xslt\">\n\n<head>\n\n<META http-equiv=\"Content-Type\" content=\"text/html\">\n\n<meta http-equiv=\"content-type\" content=\"text/html; charset=UTF-8\">\n\n</head>\n\n<body style=\"mar", "Shape_Leng": 3921.6587673, "Shape_Area": 592246.459929, "OBJECTID": null, "Type": null, "Owner": null, "Access": null, "Feature_ID": null, "layer": "FishFoodFields", "path": "D:/seths_msi/Documents/CalTrout Mapping Projects/CalTrout_imagery_2023/FishFoodFields.shp", "field_id": null, "joined_Name": "219W" }, "geometry": { "type": "MultiPolygon", "coordinates": [ [ [ [ -121.881496398334718, 38.858161338643427, 0.0 ], [ -121.881495447277516, 38.856935817820791, 0.0 ], [ -121.881497707948185, 38.854448770448336, 0.0 ], [ -121.881505580402248, 38.852430351835096, 0.0 ], [ -121.884110254069753, 38.852459805887356, 0.0 ], [ -121.885831668089565, 38.852458240034423, 0.0 ], [ -121.885824947534061, 38.853764789880472, 0.0 ], [ -121.885797683253145, 38.856386768054378, 0.0 ], [ -121.885803595111369, 38.858175533727803, 0.0 ], [ -121.885805582176232, 38.858878419832493, 0.0 ], [ -121.885801995262341, 38.861275345146986, 0.0 ], [ -121.885784227850664, 38.863703671617579, 0.0 ], [ -121.885766386896137, 38.86613650290343, 0.0 ], [ -121.885754950675107, 38.866776181622335, 0.0 ], [ -121.882906882168868, 38.866753439317478, 0.0 ], [ -121.88149022861495, 38.866730849713555, 0.0 ], [ -121.881491611874338, 38.865356669141576, 0.0 ], [ -121.881514383566198, 38.863032020582558, 0.0 ], [ -121.881497068156634, 38.859634663771587, 0.0 ], [ -121.881496398334718, 38.858161338643427, 0.0 ] ] ] ] } },
{ "type": "Feature", "properties": { "Name": "220E", "FolderPath": "FishFood2023Final.kmz/FishFood2023Final/RD108/Fields/individual fields", "SymbolID": 0, "AltMode": 0, "Base": 0.0, "Clamped": -1, "Extruded": 0, "Snippet": null, "PopupInfo": "<html xmlns:fo=\"http://www.w3.org/1999/XSL/Format\" xmlns:msxsl=\"urn:schemas-microsoft-com:xslt\">\n\n<head>\n\n<META http-equiv=\"Content-Type\" content=\"text/html\">\n\n<meta http-equiv=\"content-type\" content=\"text/html; charset=UTF-8\">\n\n</head>\n\n<body style=\"mar", "Shape_Leng": 2195.7212900899999, "Shape_Area": 270126.87042, "OBJECTID": null, "Type": null, "Owner": null, "Access": null, "Feature_ID": null, "layer": "FishFoodFields", "path": "D:/seths_msi/Documents/CalTrout Mapping Projects/CalTrout_imagery_2023/FishFoodFields.shp", "field_id": null, "joined_Name": "220E" }, "geometry": { "type": "MultiPolygon", "coordinates": [ [ [ [ -121.876833842090221, 38.852124136826525, 0.0 ], [ -121.876871990543904, 38.851164821115312, 0.0 ], [ -121.876865857136934, 38.850227603837055, 0.0 ], [ -121.876876496392114, 38.849277033586134, 0.0 ], [ -121.87690712450835, 38.845866615545901, 0.0 ], [ -121.876905148817997, 38.845443073574074, 0.0 ], [ -121.879002246345237, 38.845629950475058, 0.0 ], [ -121.881226540874607, 38.845881088625184, 0.0 ], [ -121.881186562882263, 38.848660640154456, 0.0 ], [ -121.881156664557651, 38.851210502700901, 0.0 ], [ -121.88114760419711, 38.85220164163762, 0.0 ], [ -121.876833842090221, 38.852124136826525, 0.0 ] ] ] ] } },
{ "type": "Feature", "properties": { "Name": "220W", "FolderPath": "FishFood2023Final.kmz/FishFood2023Final/RD108/Fields/individual fields", "SymbolID": 0, "AltMode": 0, "Base": 0.0, "Clamped": -1, "Extruded": 0, "Snippet": null, "PopupInfo": "<html xmlns:fo=\"http://www.w3.org/1999/XSL/Format\" xmlns:msxsl=\"urn:schemas-microsoft-com:xslt\">\n\n<head>\n\n<META http-equiv=\"Content-Type\" content=\"text/html\">\n\n<meta http-equiv=\"content-type\" content=\"text/html; charset=UTF-8\">\n\n</head>\n\n<body style=\"mar", "Shape_Leng": 2094.9798701999998, "Shape_Area": 253621.92846, "OBJECTID": null, "Type": null, "Owner": null, "Access": null, "Feature_ID": null, "layer": "FishFoodFields", "path": "D:/seths_msi/Documents/CalTrout Mapping Projects/CalTrout_imagery_2023/FishFoodFields.shp", "field_id": null, "joined_Name": "220W" }, "geometry": { "type": "MultiPolygon", "coordinates": [ [ [ [ -121.885820630712118, 38.846569355397925, 0.0 ], [ -121.885832663964408, 38.848335654304471, 0.0 ], [ -121.885805316988353, 38.850917083560965, 0.0 ], [ -121.885832235050017, 38.852237471481118, 0.0 ], [ -121.884899657374632, 38.852228560184294, 0.0 ], [ -121.881507743268415, 38.85220058924169, 0.0 ], [ -121.881478168189659, 38.85064138070377, 0.0 ], [ -121.881509921170988, 38.846915580811583, 0.0 ], [ -121.88154306236072, 38.845812034841025, 0.0 ], [ -121.882504105877871, 38.845929377796864, 0.0 ], [ -121.883388542277061, 38.846064003837327, 0.0 ], [ -121.884180375141071, 38.84617971426843, 0.0 ], [ -121.884963724847154, 38.846331382360468, 0.0 ], [ -121.885403444424654, 38.846443718762885, 0.0 ], [ -121.885820630712118, 38.846569355397925, 0.0 ] ] ] ] } },
{ "type": "Feature", "properties": { "Name": "221E", "FolderPath": "FishFood2023Final.kmz/FishFood2023Final/RD108/Fields/individual fields", "SymbolID": 0, "AltMode": 0, "Base": 0.0, "Clamped": -1, "Extruded": 0, "Snippet": null, "PopupInfo": "<html xmlns:fo=\"http://www.w3.org/1999/XSL/Format\" xmlns:msxsl=\"urn:schemas-microsoft-com:xslt\">\n\n<head>\n\n<META http-equiv=\"Content-Type\" content=\"text/html\">\n\n<meta http-equiv=\"content-type\" content=\"text/html; charset=UTF-8\">\n\n</head>\n\n<body style=\"mar", "Shape_Leng": 3938.43299867, "Shape_Area": 603585.17072000005, "OBJECTID": null, "Type": null, "Owner": null, "Access": null, "Feature_ID": null, "layer": "FishFoodFields", "path": "D:/seths_msi/Documents/CalTrout Mapping Projects/CalTrout_imagery_2023/FishFoodFields.shp", "field_id": null, "joined_Name": "221E" }, "geometry": { "type": "MultiPolygon", "coordinates": [ [ [ [ -121.886156452377563, 38.852461341624988, 0.0 ], [ -121.889205313991624, 38.852503933218117, 0.0 ], [ -121.89050790990099, 38.852525341608228, 0.0 ], [ -121.890506025725898, 38.855656693607855, 0.0 ], [ -121.890493986235654, 38.858792454013127, 0.0 ], [ -121.890440322360732, 38.860945603707435, 0.0 ], [ -121.890473893577919, 38.863140132773637, 0.0 ], [ -121.890452655192178, 38.865338644994075, 0.0 ], [ -121.890456613023744, 38.866843539728443, 0.0 ], [ -121.889325767041043, 38.86683277341325, 0.0 ], [ -121.887286203307241, 38.866795308607472, 0.0 ], [ -121.886070873028459, 38.866797222521249, 0.0 ], [ -121.886086697068379, 38.865369112000025, 0.0 ], [ -121.886083155848709, 38.860845497542634, 0.0 ], [ -121.886120148336133, 38.856308747693447, 0.0 ], [ -121.886141284780919, 38.854078694331228, 0.0 ], [ -121.886156452377563, 38.852461341624988, 0.0 ] ] ] ] } },
{ "type": "Feature", "properties": { "Name": "221S", "FolderPath": "FishFood2023Final.kmz/FishFood2023Final/RD108/Fields/individual fields", "SymbolID": 0, "AltMode": 0, "Base": 0.0, "Clamped": -1, "Extruded": 0, "Snippet": null, "PopupInfo": "<html xmlns:fo=\"http://www.w3.org/1999/XSL/Format\" xmlns:msxsl=\"urn:schemas-microsoft-com:xslt\">\n\n<head>\n\n<META http-equiv=\"Content-Type\" content=\"text/html\">\n\n<meta http-equiv=\"content-type\" content=\"text/html; charset=UTF-8\">\n\n</head>\n\n<body style=\"mar", "Shape_Leng": 2398.9632323199999, "Shape_Area": 295890.36268800002, "OBJECTID": null, "Type": null, "Owner": null, "Access": null, "Feature_ID": null, "layer": "FishFoodFields", "path": "D:/seths_msi/Documents/CalTrout Mapping Projects/CalTrout_imagery_2023/FishFoodFields.shp", "field_id": null, "joined_Name": "221S" }, "geometry": { "type": "MultiPolygon", "coordinates": [ [ [ [ -121.894933791598604, 38.852342079500929, 0.0 ], [ -121.894809926026952, 38.85234090651528, 0.0 ], [ -121.888712855138152, 38.852260447401797, 0.0 ], [ -121.886134622385555, 38.852244865969723, 0.0 ], [ -121.886130962760603, 38.850356997459031, 0.0 ], [ -121.886137215089406, 38.848203396257695, 0.0 ], [ -121.886146002936016, 38.846671584191299, 0.0 ], [ -121.886520847031747, 38.846787802384128, 0.0 ], [ -121.888371664919148, 38.847485795877581, 0.0 ], [ -121.890052276868502, 38.848155108120771, 0.0 ], [ -121.891221866625699, 38.84866635148181, 0.0 ], [ -121.891797823902294, 38.849189965349026, 0.0 ], [ -121.893046092666893, 38.850341726951271, 0.0 ], [ -121.893408205308759, 38.850723630928179, 0.0 ], [ -121.894847891001049, 38.852075437339899, 0.0 ], [ -121.894930124113955, 38.85220687732545, 0.0 ], [ -121.894933791598604, 38.852342079500929, 0.0 ] ] ] ] } },
{ "type": "Feature", "properties": { "Name": "221W", "FolderPath": "FishFood2023Final.kmz/FishFood2023Final/RD108/Fields/individual fields", "SymbolID": 0, "AltMode": 0, "Base": 0.0, "Clamped": -1, "Extruded": 0, "Snippet": null, "PopupInfo": "<html xmlns:fo=\"http://www.w3.org/1999/XSL/Format\" xmlns:msxsl=\"urn:schemas-microsoft-com:xslt\">\n\n<head>\n\n<META http-equiv=\"Content-Type\" content=\"text/html\">\n\n<meta http-equiv=\"content-type\" content=\"text/html; charset=UTF-8\">\n\n</head>\n\n<body style=\"mar", "Shape_Leng": 4019.5887893, "Shape_Area": 650503.61408099998, "OBJECTID": null, "Type": null, "Owner": null, "Access": null, "Feature_ID": null, "layer": "FishFoodFields", "path": "D:/seths_msi/Documents/CalTrout Mapping Projects/CalTrout_imagery_2023/FishFoodFields.shp", "field_id": null, "joined_Name": "221W" }, "geometry": { "type": "MultiPolygon", "coordinates": [ [ [ [ -121.89532258305789, 38.867047430088554, 0.0 ], [ -121.890643594997329, 38.867003013076385, 0.0 ], [ -121.890642715726187, 38.866966959922408, 0.0 ], [ -121.890630416787715, 38.866507275456598, 0.0 ], [ -121.890636395124631, 38.865335886823331, 0.0 ], [ -121.890633728447412, 38.864164415837301, 0.0 ], [ -121.890639703305297, 38.862993026715905, 0.0 ], [ -121.890653600168037, 38.861821713521714, 0.0 ], [ -121.890642290370394, 38.860650157047644, 0.0 ], [ -121.890664828447584, 38.859478925480992, 0.0 ], [ -121.890678723995123, 38.8583076106842, 0.0 ], [ -121.890692618625025, 38.857136295647919, 0.0 ], [ -121.890673453852216, 38.855960160753568, 0.0 ], [ -121.890695988117102, 38.85478892642422, 0.0 ], [ -121.890684674756955, 38.853617372165282, 0.0 ], [ -121.890695035779132, 38.852441516139621, 0.0 ], [ -121.890816019591497, 38.852442667023702, 0.0 ], [ -121.891967595981967, 38.852449106113298, 0.0 ], [ -121.8930851838617, 38.852464222935346, 0.0 ], [ -121.894236621810705, 38.852479650460381, 0.0 ], [ -121.894899011130732, 38.852494939420637, 0.0 ], [ -121.895005034549669, 38.852531987499916, 0.0 ], [ -121.895088293187612, 38.852550799467281, 0.0 ], [ -121.895171061698861, 38.852601144222952, 0.0 ], [ -121.895267977796692, 38.85271470221889, 0.0 ], [ -121.895269718941506, 38.85274175236227, 0.0 ], [ -121.895297604159651, 38.853778296949329, 0.0 ], [ -121.895305818665122, 38.854364100511411, 0.0 ], [ -121.895272550882311, 38.857256361294915, 0.0 ], [ -121.895299609134071, 38.859090383572713, 0.0 ], [ -121.895320273108496, 38.861244241938785, 0.0 ], [ -121.895313937444541, 38.863420369457572, 0.0 ], [ -121.895323515717692, 38.865592142931526, 0.0 ], [ -121.89532258305789, 38.867047430088554, 0.0 ] ] ] ] } },
{ "type": "Feature", "properties": { "Name": "222E", "FolderPath": "FishFood2023Final.kmz/FishFood2023Final/RD108/Fields/individual fields", "SymbolID": 0, "AltMode": 0, "Base": 0.0, "Clamped": -1, "Extruded": 0, "Snippet": null, "PopupInfo": "<html xmlns:fo=\"http://www.w3.org/1999/XSL/Format\" xmlns:msxsl=\"urn:schemas-microsoft-com:xslt\">\n\n<head>\n\n<META http-equiv=\"Content-Type\" content=\"text/html\">\n\n<meta http-equiv=\"content-type\" content=\"text/html; charset=UTF-8\">\n\n</head>\n\n<body style=\"mar", "Shape_Leng": 4494.4402150100004, "Shape_Area": 706862.25602099998, "OBJECTID": null, "Type": null, "Owner": null, "Access": null, "Feature_ID": null, "layer": "FishFoodFields", "path": "D:/seths_msi/Documents/CalTrout Mapping Projects/CalTrout_imagery_2023/FishFoodFields.shp", "field_id": null, "joined_Name": "222E" }, "geometry": { "type": "MultiPolygon", "coordinates": [ [ [ [ -121.886057975003524, 38.875046767717372, 0.0 ], [ -121.886062048440081, 38.871604565268171, 0.0 ], [ -121.88606491086739, 38.867040465273782, 0.0 ], [ -121.890484452003591, 38.867091609536217, 0.0 ], [ -121.890470921974199, 38.867961054512371, 0.0 ], [ -121.890476687388784, 38.873192059217551, 0.0 ], [ -121.890396656025771, 38.875047587570556, 0.0 ], [ -121.890362603380595, 38.879687979904439, 0.0 ], [ -121.890364711933188, 38.881774069999672, 0.0 ], [ -121.890347454022148, 38.883900523812613, 0.0 ], [ -121.888378447981324, 38.883881765837103, 0.0 ], [ -121.885998573668843, 38.883872566715795, 0.0 ], [ -121.886037773337023, 38.881503025407532, 0.0 ], [ -121.886048792684406, 38.879507173725287, 0.0 ], [ -121.886044453540592, 38.876880396624486, 0.0 ], [ -121.886057975003524, 38.875046767717372, 0.0 ] ] ] ] } },
{ "type": "Feature", "properties": { "Name": "222W", "FolderPath": "FishFood2023Final.kmz/FishFood2023Final/RD108/Fields/individual fields", "SymbolID": 0, "AltMode": 0, "Base": 0.0, "Clamped": -1, "Extruded": 0, "Snippet": null, "PopupInfo": "<html xmlns:fo=\"http://www.w3.org/1999/XSL/Format\" xmlns:msxsl=\"urn:schemas-microsoft-com:xslt\">\n\n<head>\n\n<META http-equiv=\"Content-Type\" content=\"text/html\">\n\n<meta http-equiv=\"content-type\" content=\"text/html; charset=UTF-8\">\n\n</head>\n\n<body style=\"mar", "Shape_Leng": 4509.7661810999998, "Shape_Area": 722326.25906700001, "OBJECTID": null, "Type": null, "Owner": null, "Access": null, "Feature_ID": null, "layer": "FishFoodFields", "path": "D:/seths_msi/Documents/CalTrout Mapping Projects/CalTrout_imagery_2023/FishFoodFields.shp", "field_id": null, "joined_Name": "222W" }, "geometry": { "type": "MultiPolygon", "coordinates": [ [ [ [ -121.890751795959318, 38.875050966251308, 0.0 ], [ -121.890757734841301, 38.87328033922077, 0.0 ], [ -121.890760827736685, 38.871599796571218, 0.0 ], [ -121.890762055784322, 38.868603612699033, 0.0 ], [ -121.890748796173099, 38.867094123521312, 0.0 ], [ -121.895200829052769, 38.867140894094703, 0.0 ], [ -121.895211995784621, 38.867582545067414, 0.0 ], [ -121.895211493037777, 38.868312441350241, 0.0 ], [ -121.89519442165161, 38.869042180790622, 0.0 ], [ -121.895193986959711, 38.869767571039425, 0.0 ], [ -121.895192761994238, 38.87049746022447, 0.0 ], [ -121.895181592702826, 38.87121824494028, 0.0 ], [ -121.895170424192116, 38.871939027773095, 0.0 ], [ -121.895165015793026, 38.87265986591823, 0.0 ], [ -121.895158886777338, 38.873380695356211, 0.0 ], [ -121.895126896207955, 38.874096778018711, 0.0 ], [ -121.895102458785189, 38.874650729703177, 0.0 ], [ -121.895199704612267, 38.874791322388383, 0.0 ], [ -121.895292117394391, 38.874918354283132, 0.0 ], [ -121.895290094731834, 38.875048996521535, 0.0 ], [ -121.89526762831315, 38.875801210288294, 0.0 ], [ -121.895264243633918, 38.876531079217536, 0.0 ], [ -121.895199329578901, 38.883275275897859, 0.0 ], [ -121.89519784867376, 38.88392856691874, 0.0 ], [ -121.893695485753298, 38.883927837041007, 0.0 ], [ -121.891906591020984, 38.883910847667607, 0.0 ], [ -121.890704008876781, 38.883908422796971, 0.0 ], [ -121.890702986128844, 38.882863125689873, 0.0 ], [ -121.89073700629352, 38.880538586488385, 0.0 ], [ -121.890751795959318, 38.875050966251308, 0.0 ] ] ] ] } },
{ "type": "Feature", "properties": { "Name": "Barale", "FolderPath": "FishFood2023Final.kmz/FishFood2023Final", "SymbolID": 0, "AltMode": 0, "Base": 0.0, "Clamped": -1, "Extruded": 0, "Snippet": null, "PopupInfo": null, "Shape_Leng": 1242.9271930499999, "Shape_Area": 50341.9024145, "OBJECTID": null, "Type": null, "Owner": null, "Access": null, "Feature_ID": null, "layer": "FishFoodFields", "path": "D:/seths_msi/Documents/CalTrout Mapping Projects/CalTrout_imagery_2023/FishFoodFields.shp", "field_id": null, "joined_Name": "Barale" }, "geometry": { "type": "MultiPolygon", "coordinates": [ [ [ [ -121.922330298692557, 39.285564569200282, 0.0 ], [ -121.921007517043122, 39.282738266085637, 0.0 ], [ -121.921271527259364, 39.281496125246214, 0.0 ], [ -121.922980697934818, 39.280387229679945, 0.0 ], [ -121.922330298692557, 39.285564569200282, 0.0 ] ] ] ] } },
{ "type": "Feature", "properties": { "Name": "BorderTule", "FolderPath": "FishFood2023Final.kmz/FishFood2023Final/BorderTule", "SymbolID": 0, "AltMode": 0, "Base": 0.0, "Clamped": -1, "Extruded": 0, "Snippet": null, "PopupInfo": null, "Shape_Leng": 7246.837826, "Shape_Area": 1976513.44035, "OBJECTID": null, "Type": null, "Owner": null, "Access": null, "Feature_ID": null, "layer": "FishFoodFields", "path": "D:/seths_msi/Documents/CalTrout Mapping Projects/CalTrout_imagery_2023/FishFoodFields.shp", "field_id": null, "joined_Name": "BorderTule" }, "geometry": { "type": "MultiPolygon", "coordinates": [ [ [ [ -121.935133689635848, 38.96865757236548, 0.0 ], [ -121.933024801881317, 38.968672657747817, 0.0 ], [ -121.926075929114347, 38.969032538287486, 0.0 ], [ -121.920517052108409, 38.964267718886802, 0.0 ], [ -121.90788429875856, 38.948216826211855, 0.0 ], [ -121.916093719585334, 38.947332404328591, 0.0 ], [ -121.924547217551662, 38.955156392058235, 0.0 ], [ -121.927696995833429, 38.962565789646732, 0.0 ], [ -121.935133689635848, 38.96865757236548, 0.0 ] ] ] ] } },
{ "type": "Feature", "properties": { "Name": "8-4", "FolderPath": null, "SymbolID": null, "AltMode": null, "Base": null, "Clamped": null, "Extruded": null, "Snippet": null, "PopupInfo": null, "Shape_Leng": null, "Shape_Area": null, "OBJECTID": null, "Type": null, "Owner": "Conaway Preservation Group", "Access": null, "Feature_ID": null, "layer": null, "path": null, "field_id": "8-4", "joined_Name": "8-4" }, "geometry": { "type": "MultiPolygon", "coordinates": [ [ [ [ -121.655142278317769, 38.632999087686706, 0.0 ], [ -121.660362590639792, 38.640026683725878, 0.0 ], [ -121.654990404236841, 38.639883397175289, 0.0 ], [ -121.655142278317769, 38.632999087686706, 0.0 ] ] ] ] } },
{ "type": "Feature", "properties": { "Name": "21-1", "FolderPath": null, "SymbolID": null, "AltMode": null, "Base": null, "Clamped": null, "Extruded": null, "Snippet": null, "PopupInfo": null, "Shape_Leng": null, "Shape_Area": null, "OBJECTID": null, "Type": null, "Owner": "Conaway Preservation Group", "Access": null, "Feature_ID": null, "layer": null, "path": null, "field_id": "21-1", "joined_Name": "21-1" }, "geometry": { "type": "MultiPolygon", "coordinates": [ [ [ [ -121.658742099466735, 38.603957279626258, 0.0 ], [ -121.658237823738133, 38.618168587316404, 0.0 ], [ -121.651860462764589, 38.617936708960166, 0.0 ], [ -121.652392596337194, 38.604084083559549, 0.0 ], [ -121.658742099466735, 38.603957279626258, 0.0 ] ] ] ] } },
{ "type": "Feature", "properties": { "Name": "21-2", "FolderPath": null, "SymbolID": null, "AltMode": null, "Base": null, "Clamped": null, "Extruded": null, "Snippet": null, "PopupInfo": null, "Shape_Leng": null, "Shape_Area": null, "OBJECTID": null, "Type": null, "Owner": "Conaway Preservation Group", "Access": null, "Feature_ID": null, "layer": null, "path": null, "field_id": "21-2", "joined_Name": "21-2" }, "geometry": { "type": "MultiPolygon", "coordinates": [ [ [ [ -121.652275908367542, 38.604041548378092, 0.0 ], [ -121.651863690920095, 38.617994290198823, 0.0 ], [ -121.646105891522112, 38.618224329011618, 0.0 ], [ -121.647161567277408, 38.604040757575909, 0.0 ], [ -121.652275908367542, 38.604041548378092, 0.0 ] ] ] ] } },
{ "type": "Feature", "properties": { "Name": "5-3", "FolderPath": null, "SymbolID": null, "AltMode": null, "Base": null, "Clamped": null, "Extruded": null, "Snippet": null, "PopupInfo": null, "Shape_Leng": null, "Shape_Area": null, "OBJECTID": null, "Type": null, "Owner": "Conaway Preservation Group", "Access": null, "Feature_ID": null, "layer": null, "path": null, "field_id": "5-3", "joined_Name": "5-3" }, "geometry": { "type": "MultiPolygon", "coordinates": [ [ [ [ -121.665446424400386, 38.647305974162109, 0.0 ], [ -121.667015891433266, 38.653240881516382, 0.0 ], [ -121.654773988806596, 38.653291094673598, 0.0 ], [ -121.654671804632869, 38.647275223364552, 0.0 ], [ -121.665446424400386, 38.647305974162109, 0.0 ] ] ] ] } },
{ "type": "Feature", "properties": { "Name": "5-2", "FolderPath": null, "SymbolID": null, "AltMode": null, "Base": null, "Clamped": null, "Extruded": null, "Snippet": null, "PopupInfo": null, "Shape_Leng": null, "Shape_Area": null, "OBJECTID": null, "Type": null, "Owner": "Conaway Preservation Group", "Access": null, "Feature_ID": null, "layer": null, "path": null, "field_id": "5-2", "joined_Name": "5-2" }, "geometry": { "type": "MultiPolygon", "coordinates": [ [ [ [ -121.667854612537894, 38.658437314714455, 0.0 ], [ -121.654528646218495, 38.658447647404984, 0.0 ], [ -121.654590959541281, 38.653291067416099, 0.0 ], [ -121.666809842759079, 38.653362790548513, 0.0 ], [ -121.667854612537894, 38.658437314714455, 0.0 ] ] ] ] } },
{ "type": "Feature", "properties": { "Name": "5-1", "FolderPath": null, "SymbolID": null, "AltMode": null, "Base": null, "Clamped": null, "Extruded": null, "Snippet": null, "PopupInfo": null, "Shape_Leng": null, "Shape_Area": null, "OBJECTID": null, "Type": null, "Owner": "Conaway Preservation Group", "Access": null, "Feature_ID": null, "layer": null, "path": null, "field_id": "5-1", "joined_Name": "5-1" }, "geometry": { "type": "MultiPolygon", "coordinates": [ [ [ [ -121.668855022438194, 38.663592901068341, 0.0 ], [ -121.654489047264121, 38.663392235139767, 0.0 ], [ -121.654444561234655, 38.658482892994599, 0.0 ], [ -121.667853368303824, 38.658516508462149, 0.0 ], [ -121.668855022438194, 38.663592901068341, 0.0 ] ] ] ] } },
{ "type": "Feature", "properties": { "Name": "32-3", "FolderPath": null, "SymbolID": null, "AltMode": null, "Base": null, "Clamped": null, "Extruded": null, "Snippet": null, "PopupInfo": null, "Shape_Leng": null, "Shape_Area": null, "OBJECTID": null, "Type": null, "Owner": "Conaway Preservation Group", "Access": null, "Feature_ID": null, "layer": null, "path": null, "field_id": "32-3", "joined_Name": "32-3" }, "geometry": { "type": "MultiPolygon", "coordinates": [ [ [ [ -121.669960518008224, 38.669348343864741, 0.0 ], [ -121.654237711595783, 38.669218478472231, 0.0 ], [ -121.654325346976492, 38.663475855636634, 0.0 ], [ -121.66876322340724, 38.663614203386594, 0.0 ], [ -121.669960518008224, 38.669348343864741, 0.0 ] ] ] ] } },
{ "type": "Feature", "properties": { "Name": "32-2", "FolderPath": null, "SymbolID": null, "AltMode": null, "Base": null, "Clamped": null, "Extruded": null, "Snippet": null, "PopupInfo": null, "Shape_Leng": null, "Shape_Area": null, "OBJECTID": null, "Type": null, "Owner": "Conaway Preservation Group", "Access": null, "Feature_ID": null, "layer": null, "path": null, "field_id": "32-2", "joined_Name": "32-2" }, "geometry": { "type": "MultiPolygon", "coordinates": [ [ [ [ -121.650260988139493, 38.669474724664674, 0.0 ], [ -121.669729289830755, 38.669391140867923, 0.0 ], [ -121.670499500482393, 38.673156765609001, 0.0 ], [ -121.654040673462617, 38.673058856444271, 0.0 ], [ -121.650260988139493, 38.669474724664674, 0.0 ] ] ] ] } },
{ "type": "Feature", "properties": { "Name": "32-1", "FolderPath": null, "SymbolID": null, "AltMode": null, "Base": null, "Clamped": null, "Extruded": null, "Snippet": null, "PopupInfo": null, "Shape_Leng": null, "Shape_Area": null, "OBJECTID": null, "Type": null, "Owner": "Conaway Preservation Group", "Access": null, "Feature_ID": null, "layer": null, "path": null, "field_id": "32-1", "joined_Name": "32-1" }, "geometry": { "type": "MultiPolygon", "coordinates": [ [ [ [ -121.654673507224672, 38.673718573655549, 0.0 ], [ -121.670870952921049, 38.673805280652715, 0.0 ], [ -121.671407723691075, 38.676094723484667, 0.0 ], [ -121.656874494914121, 38.676230040594525, 0.0 ], [ -121.654673507224672, 38.673718573655549, 0.0 ] ] ] ] } },
{ "type": "Feature", "properties": { "Name": "21-3", "FolderPath": null, "SymbolID": null, "AltMode": null, "Base": null, "Clamped": null, "Extruded": null, "Snippet": null, "PopupInfo": null, "Shape_Leng": null, "Shape_Area": null, "OBJECTID": null, "Type": null, "Owner": "Conaway Preservation Group", "Access": null, "Feature_ID": null, "layer": null, "path": null, "field_id": "21-3", "joined_Name": null }, "geometry": { "type": "MultiPolygon", "coordinates": [ [ [ [ -121.645992183310938, 38.618054255255508, 0.0 ], [ -121.639011270430942, 38.608747758666311, 0.0 ], [ -121.646635162128845, 38.608699907235234, 0.0 ], [ -121.645992183310938, 38.618054255255508, 0.0 ] ] ] ] } },
{ "type": "Feature", "properties": { "Name": "21-4", "FolderPath": null, "SymbolID": null, "AltMode": null, "Base": null, "Clamped": null, "Extruded": null, "Snippet": null, "PopupInfo": null, "Shape_Leng": null, "Shape_Area": null, "OBJECTID": null, "Type": null, "Owner": "Conaway Preservation Group", "Access": null, "Feature_ID": null, "layer": null, "path": null, "field_id": "21-4", "joined_Name": null }, "geometry": { "type": "MultiPolygon", "coordinates": [ [ [ [ -121.64666578016778, 38.608580278518005, 0.0 ], [ -121.639041888469876, 38.608652055772289, 0.0 ], [ -121.635490195951988, 38.604010312185487, 0.0 ], [ -121.647033196635135, 38.60403423946871, 0.0 ], [ -121.64666578016778, 38.608580278518005, 0.0 ] ] ] ] } },
{ "type": "Feature", "properties": { "Name": "16-2", "FolderPath": null, "SymbolID": null, "AltMode": null, "Base": null, "Clamped": null, "Extruded": null, "Snippet": null, "PopupInfo": null, "Shape_Leng": null, "Shape_Area": null, "OBJECTID": null, "Type": null, "Owner": "Conaway Preservation Group", "Access": null, "Feature_ID": null, "layer": null, "path": null, "field_id": "16-2", "joined_Name": null }, "geometry": { "type": "MultiPolygon", "coordinates": [ [ [ [ -121.65496326872254, 38.632597723655898, 0.0 ], [ -121.636776153587803, 38.632454216996891, 0.0 ], [ -121.636898625743584, 38.625589479638094, 0.0 ], [ -121.649880674257261, 38.62570907999104, 0.0 ], [ -121.65496326872254, 38.632597723655898, 0.0 ] ] ] ] } },
{ "type": "Feature", "properties": { "Name": "9-1", "FolderPath": null, "SymbolID": null, "AltMode": null, "Base": null, "Clamped": null, "Extruded": null, "Snippet": null, "PopupInfo": null, "Shape_Leng": null, "Shape_Area": null, "OBJECTID": null, "Type": null, "Owner": "Conaway Preservation Group", "Access": null, "Feature_ID": null, "layer": null, "path": null, "field_id": "9-1", "joined_Name": null }, "geometry": { "type": "MultiPolygon", "coordinates": [ [ [ [ -121.654718324410979, 38.647066503519781, 0.0 ], [ -121.636347501042522, 38.647042590591205, 0.0 ], [ -121.636500591237251, 38.639892267025431, 0.0 ], [ -121.654779560488848, 38.63996401294559, 0.0 ], [ -121.654718324410979, 38.647066503519781, 0.0 ] ] ] ] } },
{ "type": "Feature", "properties": { "Name": "22-1", "FolderPath": null, "SymbolID": null, "AltMode": null, "Base": null, "Clamped": null, "Extruded": null, "Snippet": null, "PopupInfo": null, "Shape_Leng": null, "Shape_Area": null, "OBJECTID": null, "Type": null, "Owner": "Conaway Preservation Group", "Access": null, "Feature_ID": null, "layer": null, "path": null, "field_id": "22-1", "joined_Name": null }, "geometry": { "type": "MultiPolygon", "coordinates": [ [ [ [ -121.630599754038187, 38.604087474398966, 0.0 ], [ -121.632729510456528, 38.604066604287048, 0.0 ], [ -121.632859222691948, 38.604148239110756, 0.0 ], [ -121.634451354480717, 38.606329828627736, 0.0 ], [ -121.63582363438347, 38.608188405561222, 0.0 ], [ -121.637512028739778, 38.610302417596671, 0.0 ], [ -121.642176979111895, 38.616628235531692, 0.0 ], [ -121.642888044168302, 38.61759782069533, 0.0 ], [ -121.643056940018113, 38.617850433743989, 0.0 ], [ -121.642957405786319, 38.61789100293344, 0.0 ], [ -121.642648883893557, 38.617904045907892, 0.0 ], [ -121.639278393269436, 38.617945003906492, 0.0 ], [ -121.637644520362699, 38.617948878263128, 0.0 ], [ -121.637308671719012, 38.617870338977085, 0.0 ], [ -121.6372535825342, 38.6176980300841, 0.0 ], [ -121.637332252495227, 38.616720684795695, 0.0 ], [ -121.6373980145639, 38.615863107049776, 0.0 ], [ -121.637372095473012, 38.615691138668922, 0.0 ], [ -121.637251383458377, 38.615598177095386, 0.0 ], [ -121.636323536059322, 38.615542851976507, 0.0 ], [ -121.635838197870854, 38.615495468815986, 0.0 ], [ -121.635586134195407, 38.615383736045295, 0.0 ], [ -121.635311428483206, 38.615254642947036, 0.0 ], [ -121.635050891897976, 38.615147649054478, 0.0 ], [ -121.634659301892597, 38.61502863488429, 0.0 ], [ -121.634172180548305, 38.614931392933251, 0.0 ], [ -121.633984546739967, 38.614826203160789, 0.0 ], [ -121.633912513532266, 38.61474668129464, 0.0 ], [ -121.633886386032231, 38.614586154164037, 0.0 ], [ -121.63397806180194, 38.6143991070808, 0.0 ], [ -121.63406946987368, 38.614194173366975, 0.0 ], [ -121.634130962249813, 38.614028231835199, 0.0 ], [ -121.634149669665589, 38.613811005800102, 0.0 ], [ -121.634228835496643, 38.6135143737974, 0.0 ], [ -121.634334185421579, 38.613343936993488, 0.0 ], [ -121.634262862781284, 38.613194325834321, 0.0 ], [ -121.634208001768584, 38.613010574167326, 0.0 ], [ -121.634272845759043, 38.612667996989508, 0.0 ], [ -121.634448012747868, 38.61189181921813, 0.0 ], [ -121.634425137149165, 38.611559652767177, 0.0 ], [ -121.6338176640147, 38.6098688639728, 0.0 ], [ -121.632796108856724, 38.60829040057029, 0.0 ], [ -121.632600367752971, 38.608097651796754, 0.0 ], [ -121.632384817898853, 38.607953762718871, 0.0 ], [ -121.632279394312036, 38.607849221869991, 0.0 ], [ -121.632173034680733, 38.607642227394884, 0.0 ], [ -121.631988030241217, 38.607399730425357, 0.0 ], [ -121.631730132906313, 38.607171660466143, 0.0 ], [ -121.631585225667834, 38.607001042926186, 0.0 ], [ -121.631482502416773, 38.606814183854461, 0.0 ], [ -121.631433892780109, 38.606626452428351, 0.0 ], [ -121.630760802205728, 38.604821805874813, 0.0 ], [ -121.630574595820349, 38.604575059251395, 0.0 ], [ -121.630521063415955, 38.604500915336445, 0.0 ], [ -121.630488511164998, 38.604182565344516, 0.0 ], [ -121.630526628479146, 38.604098063544193, 0.0 ], [ -121.630599754038187, 38.604087474398966, 0.0 ] ] ] ] } },
{ "type": "Feature", "properties": { "Name": "31-1", "FolderPath": null, "SymbolID": null, "AltMode": null, "Base": null, "Clamped": null, "Extruded": null, "Snippet": null, "PopupInfo": null, "Shape_Leng": null, "Shape_Area": null, "OBJECTID": null, "Type": null, "Owner": "Conaway Preservation Group", "Access": null, "Feature_ID": null, "layer": null, "path": null, "field_id": "31-1", "joined_Name": null }, "geometry": { "type": "MultiPolygon", "coordinates": [ [ [ [ -121.683975652164037, 38.676414384659488, 0.0 ], [ -121.677260431004896, 38.676386303752118, 0.0 ], [ -121.674668871360282, 38.676395109324417, 0.0 ], [ -121.673708296538749, 38.676365145407686, 0.0 ], [ -121.673234265444776, 38.676340694432845, 0.0 ], [ -121.673052868639459, 38.67628141314453, 0.0 ], [ -121.672909193889552, 38.676155802293266, 0.0 ], [ -121.672472861494811, 38.674090856219664, 0.0 ], [ -121.672656894855479, 38.67400711217882, 0.0 ], [ -121.674032748256437, 38.673946424899455, 0.0 ], [ -121.676929881523051, 38.673855257826155, 0.0 ], [ -121.67910692256298, 38.67388940551654, 0.0 ], [ -121.687670908017864, 38.673928602051546, 0.0 ], [ -121.693546650849058, 38.673946706833242, 0.0 ], [ -121.693618938279954, 38.673985663482888, 0.0 ], [ -121.693627789380471, 38.673998218646815, 0.0 ], [ -121.693682441085727, 38.674326125618109, 0.0 ], [ -121.693682440187416, 38.675674412847158, 0.0 ], [ -121.69366421606523, 38.676179684572134, 0.0 ], [ -121.693671006430463, 38.676475407874634, 0.0 ], [ -121.693524174102322, 38.676521452617038, 0.0 ], [ -121.683975652164037, 38.676414384659488, 0.0 ] ] ] ] } },
{ "type": "Feature", "properties": { "Name": "31-2", "FolderPath": null, "SymbolID": null, "AltMode": null, "Base": null, "Clamped": null, "Extruded": null, "Snippet": null, "PopupInfo": null, "Shape_Leng": null, "Shape_Area": null, "OBJECTID": null, "Type": null, "Owner": "Conaway Preservation Group", "Access": null, "Feature_ID": null, "layer": null, "path": null, "field_id": "31-2", "joined_Name": null }, "geometry": { "type": "MultiPolygon", "coordinates": [ [ [ [ -121.693013621102168, 38.673280383326471, 0.0 ], [ -121.686452778119545, 38.673224756264247, 0.0 ], [ -121.682985625177594, 38.673221523109973, 0.0 ], [ -121.682713264068298, 38.673146928379914, 0.0 ], [ -121.682576429989282, 38.673145387545297, 0.0 ], [ -121.682476620873004, 38.67319790705286, 0.0 ], [ -121.682415260549206, 38.673227019472115, 0.0 ], [ -121.679351124183071, 38.673222258810384, 0.0 ], [ -121.676903515071146, 38.673182670543483, 0.0 ], [ -121.676682510646629, 38.673209973524386, 0.0 ], [ -121.67637061108843, 38.673218364998483, 0.0 ], [ -121.674926792051366, 38.673172210826941, 0.0 ], [ -121.673703760944889, 38.673110660897756, 0.0 ], [ -121.672351278114363, 38.673059550311358, 0.0 ], [ -121.672268758872363, 38.672999007405465, 0.0 ], [ -121.672094676150095, 38.672132737839732, 0.0 ], [ -121.672104700450333, 38.672001717934315, 0.0 ], [ -121.67217432886801, 38.671936942202613, 0.0 ], [ -121.672388500706489, 38.671867846107212, 0.0 ], [ -121.673722223120592, 38.671698199582089, 0.0 ], [ -121.675452549037729, 38.67146150341258, 0.0 ], [ -121.676992053923868, 38.671264348819349, 0.0 ], [ -121.682223682238444, 38.670405480783508, 0.0 ], [ -121.685633616090058, 38.66978818366497, 0.0 ], [ -121.686350346820973, 38.669677025067351, 0.0 ], [ -121.686761704254167, 38.669633960953711, 0.0 ], [ -121.68724049552084, 38.66964529579564, 0.0 ], [ -121.69087417455691, 38.669680068310498, 0.0 ], [ -121.692942030763916, 38.669691276197248, 0.0 ], [ -121.693571990526593, 38.669751962174296, 0.0 ], [ -121.693745311477514, 38.669837347484844, 0.0 ], [ -121.693764466254322, 38.672966897377108, 0.0 ], [ -121.693745795669457, 38.673157429478934, 0.0 ], [ -121.693530773126412, 38.673274241740685, 0.0 ], [ -121.693340723748278, 38.673272117398511, 0.0 ], [ -121.693013621102168, 38.673280383326471, 0.0 ] ] ] ] } },
{ "type": "Feature", "properties": { "Name": "27-2", "FolderPath": null, "SymbolID": null, "AltMode": null, "Base": null, "Clamped": null, "Extruded": null, "Snippet": null, "PopupInfo": null, "Shape_Leng": null, "Shape_Area": null, "OBJECTID": null, "Type": null, "Owner": "Conaway Preservation Group", "Access": null, "Feature_ID": null, "layer": null, "path": null, "field_id": "27-2", "joined_Name": null }, "geometry": { "type": "MultiPolygon", "coordinates": [ [ [ [ -121.620462442126708, 38.593822236163469, 0.0 ], [ -121.620455984138133, 38.593556347181668, 0.0 ], [ -121.620247203988001, 38.593560697484889, 0.0 ], [ -121.620140247875341, 38.593447799447922, 0.0 ], [ -121.62000952413689, 38.59345374145434, 0.0 ], [ -121.619938220361192, 38.593239830319327, 0.0 ], [ -121.619940326910552, 38.593235816311164, 0.0 ], [ -121.619931073364782, 38.593202041621602, 0.0 ], [ -121.619817194834553, 38.590449387516635, 0.0 ], [ -121.619793612261702, 38.589789702223754, 0.0 ], [ -121.619828507318928, 38.589190734880624, 0.0 ], [ -121.619847556094541, 38.588863761153448, 0.0 ], [ -121.6200157674281, 38.584238531613437, 0.0 ], [ -121.620061061383055, 38.584142428347754, 0.0 ], [ -121.620170541761667, 38.584098242669072, 0.0 ], [ -121.620359014596488, 38.584089096418431, 0.0 ], [ -121.622755877877992, 38.584105962735784, 0.0 ], [ -121.626020366400283, 38.584109574889638, 0.0 ], [ -121.629208155865285, 38.584136244713804, 0.0 ], [ -121.629323358512266, 38.584171701941791, 0.0 ], [ -121.62935037534443, 38.584274341298077, 0.0 ], [ -121.629382369741577, 38.586019869033997, 0.0 ], [ -121.629426468937197, 38.587509735393787, 0.0 ], [ -121.62952893796502, 38.590881865525603, 0.0 ], [ -121.629410913709719, 38.590994173587355, 0.0 ], [ -121.629200159960916, 38.591031497226595, 0.0 ], [ -121.626991551223611, 38.591005603721328, 0.0 ], [ -121.626931649763861, 38.591024608535612, 0.0 ], [ -121.62683604566142, 38.591054939554304, 0.0 ], [ -121.626772918351449, 38.591327055922484, 0.0 ], [ -121.626812203475453, 38.591405320941504, 0.0 ], [ -121.626918279239163, 38.591418488093858, 0.0 ], [ -121.627498759795955, 38.591375363607234, 0.0 ], [ -121.627571605978972, 38.591353479424704, 0.0 ], [ -121.627879854783899, 38.591141082863594, 0.0 ], [ -121.628083262110295, 38.591109359540205, 0.0 ], [ -121.629372545765634, 38.591107416722259, 0.0 ], [ -121.629444204375858, 38.591148046672231, 0.0 ], [ -121.629457173353615, 38.591227781460397, 0.0 ], [ -121.62948549453958, 38.592785676553987, 0.0 ], [ -121.629412537863786, 38.592813245382636, 0.0 ], [ -121.629229987621613, 38.592890689405998, 0.0 ], [ -121.629197346437465, 38.593083581532802, 0.0 ], [ -121.629216476061444, 38.593220235610133, 0.0 ], [ -121.629295269091642, 38.593266633665316, 0.0 ], [ -121.629474796502848, 38.593348320793936, 0.0 ], [ -121.6295765495734, 38.593441017008303, 0.0 ], [ -121.62955731215159, 38.594071774834227, 0.0 ], [ -121.629481930024539, 38.594115816762276, 0.0 ], [ -121.629372873650709, 38.59413727673099, 0.0 ], [ -121.629126224121478, 38.594157126055414, 0.0 ], [ -121.626100594039997, 38.594073315263067, 0.0 ], [ -121.624117066281954, 38.593990327246409, 0.0 ], [ -121.620526635736908, 38.593874153129882, 0.0 ], [ -121.620462442126708, 38.593822236163469, 0.0 ] ] ] ] } },
{ "type": "Feature", "properties": { "Name": "18-5", "FolderPath": null, "SymbolID": null, "AltMode": null, "Base": null, "Clamped": null, "Extruded": null, "Snippet": null, "PopupInfo": null, "Shape_Leng": null, "Shape_Area": null, "OBJECTID": null, "Type": null, "Owner": "Conaway Preservation Group", "Access": null, "Feature_ID": null, "layer": null, "path": null, "field_id": "18-5", "joined_Name": null }, "geometry": { "type": "MultiPolygon", "coordinates": [ [ [ [ -121.695957130793644, 38.622450165868408, 0.0 ], [ -121.696043599927975, 38.62242862102233, 0.0 ], [ -121.69964643980029, 38.622482229062271, 0.0 ], [ -121.69992692167979, 38.622521359684782, 0.0 ], [ -121.699937440053446, 38.62252902649098, 0.0 ], [ -121.700102506385207, 38.622649363097281, 0.0 ], [ -121.70131364739062, 38.623761897080321, 0.0 ], [ -121.701468637319849, 38.623902538020431, 0.0 ], [ -121.701528259403574, 38.62409677849967, 0.0 ], [ -121.701510452099697, 38.624447723548805, 0.0 ], [ -121.701518708515479, 38.624931317810756, 0.0 ], [ -121.70146062794079, 38.625723403955917, 0.0 ], [ -121.701444057617039, 38.625778990011263, 0.0 ], [ -121.701360148681303, 38.625888248188346, 0.0 ], [ -121.701054834672433, 38.626029200065076, 0.0 ], [ -121.700918933942987, 38.626064421147873, 0.0 ], [ -121.700742197597378, 38.626056314692995, 0.0 ], [ -121.696689857824808, 38.626035726076132, 0.0 ], [ -121.696493054014056, 38.625986578510528, 0.0 ], [ -121.696327376827881, 38.625936047667373, 0.0 ], [ -121.695854742614188, 38.625719340533188, 0.0 ], [ -121.695797945732039, 38.625623823365153, 0.0 ], [ -121.695816154582857, 38.625480167348464, 0.0 ], [ -121.695821928953507, 38.624931782407579, 0.0 ], [ -121.695921973428369, 38.622490290302125, 0.0 ], [ -121.695957130793644, 38.622450165868408, 0.0 ] ] ] ] } },
{ "type": "Feature", "properties": { "Name": "24-1", "FolderPath": null, "SymbolID": null, "AltMode": null, "Base": null, "Clamped": null, "Extruded": null, "Snippet": null, "PopupInfo": null, "Shape_Leng": null, "Shape_Area": null, "OBJECTID": null, "Type": null, "Owner": "Conaway Preservation Group", "Access": null, "Feature_ID": null, "layer": null, "path": null, "field_id": "24-1", "joined_Name": null }, "geometry": { "type": "MultiPolygon", "coordinates": [ [ [ [ -121.692868253027967, 38.618517557850552, 0.0 ], [ -121.692760598025998, 38.618420983897806, 0.0 ], [ -121.692751040849672, 38.618277820204646, 0.0 ], [ -121.692754330480255, 38.618096651824395, 0.0 ], [ -121.692951326530476, 38.613940671451644, 0.0 ], [ -121.699198069980781, 38.614010290195253, 0.0 ], [ -121.699416483663995, 38.614031793349504, 0.0 ], [ -121.699792888547819, 38.614055051985019, 0.0 ], [ -121.700826773083023, 38.614018850746689, 0.0 ], [ -121.710719699219808, 38.614118749976114, 0.0 ], [ -121.710875130221837, 38.614263521628331, 0.0 ], [ -121.710804974493087, 38.618182507898368, 0.0 ], [ -121.710779131758997, 38.618268057852916, 0.0 ], [ -121.71070398678718, 38.618391210499908, 0.0 ], [ -121.709889498692107, 38.618391769891772, 0.0 ], [ -121.709476262881623, 38.618387212637714, 0.0 ], [ -121.709305080819405, 38.618442546792743, 0.0 ], [ -121.709084254261299, 38.618554555546936, 0.0 ], [ -121.701997266220161, 38.618542902394104, 0.0 ], [ -121.696321703966873, 38.618460721047235, 0.0 ], [ -121.696030010214329, 38.618457469979866, 0.0 ], [ -121.695578412747963, 38.618557344077395, 0.0 ], [ -121.692868253027967, 38.618517557850552, 0.0 ] ] ] ] } },
{ "type": "Feature", "properties": { "Name": "17-2", "FolderPath": null, "SymbolID": null, "AltMode": null, "Base": null, "Clamped": null, "Extruded": null, "Snippet": null, "PopupInfo": null, "Shape_Leng": null, "Shape_Area": null, "OBJECTID": null, "Type": null, "Owner": "Conaway Preservation Group", "Access": null, "Feature_ID": null, "layer": null, "path": null, "field_id": "17-2", "joined_Name": null }, "geometry": { "type": "MultiPolygon", "coordinates": [ [ [ [ -121.655726020607233, 38.627837062766638, 0.0 ], [ -121.655585682200297, 38.627823841943055, 0.0 ], [ -121.655482874507598, 38.627782030607527, 0.0 ], [ -121.655439898206097, 38.627706083940879, 0.0 ], [ -121.655487536763928, 38.62492712942138, 0.0 ], [ -121.655527126416814, 38.623457290014798, 0.0 ], [ -121.655544692972185, 38.623302135890455, 0.0 ], [ -121.655597743879611, 38.623210683278721, 0.0 ], [ -121.655708601375551, 38.623165925096842, 0.0 ], [ -121.666601276965082, 38.623129477203108, 0.0 ], [ -121.673290591609728, 38.623124972887048, 0.0 ], [ -121.6735765855518, 38.623128216022742, 0.0 ], [ -121.673700718351014, 38.623158393810982, 0.0 ], [ -121.673743127815584, 38.623245183568578, 0.0 ], [ -121.67370382472528, 38.62493095287067, 0.0 ], [ -121.673613312273858, 38.62765236190679, 0.0 ], [ -121.67359669793268, 38.627750844903225, 0.0 ], [ -121.673536768625155, 38.627790794434979, 0.0 ], [ -121.673454646438486, 38.627830493409263, 0.0 ], [ -121.65949978203038, 38.627828129114143, 0.0 ], [ -121.656229058301719, 38.627842842621668, 0.0 ], [ -121.655726020607233, 38.627837062766638, 0.0 ] ] ] ] } },
{ "type": "Feature", "properties": { "Name": "Staten Island Pilot", "FolderPath": "FishFood2023Final.kmz/FishFood2023Final/Staten", "SymbolID": 0, "AltMode": 0, "Base": 0.0, "Clamped": -1, "Extruded": 0, "Snippet": null, "PopupInfo": null, "Shape_Leng": 4437.4892742700004, "Shape_Area": 1031178.3202, "OBJECTID": null, "Type": null, "Owner": null, "Access": null, "Feature_ID": null, "layer": "FishFoodFields", "path": "D:/seths_msi/Documents/CalTrout Mapping Projects/CalTrout_imagery_2023/FishFoodFields.shp", "field_id": null, "joined_Name": "Staten Island Pilot" }, "geometry": { "type": "MultiPolygon", "coordinates": [ [ [ [ -121.549798038015908, 38.144567402795822, 0.0 ], [ -121.54674759584131, 38.146501070759321, 0.0 ], [ -121.542228585081006, 38.134348680163313, 0.0 ], [ -121.555960424378, 38.13750668987494, 0.0 ], [ -121.55657307012865, 38.140560244917424, 0.0 ], [ -121.55839305522835, 38.142340950423176, 0.0 ], [ -121.557841194388075, 38.143333467455875, 0.0 ], [ -121.549798038015908, 38.144567402795822, 0.0 ] ] ] ] } },
{ "type": "Feature", "properties": { "Name": "D1A_019", "FolderPath": "FishFood2023Final.kmz/FishFood2023Final/SutterMutual/Fields/IndividualFields", "SymbolID": 4, "AltMode": 0, "Base": 0.0, "Clamped": -1, "Extruded": 0, "Snippet": null, "PopupInfo": null, "Shape_Leng": 2861.10422767, "Shape_Area": 506303.99361200002, "OBJECTID": null, "Type": null, "Owner": null, "Access": null, "Feature_ID": null, "layer": "FishFoodFields", "path": "D:/seths_msi/Documents/CalTrout Mapping Projects/CalTrout_imagery_2023/FishFoodFields.shp", "field_id": null, "joined_Name": "D1A_019" }, "geometry": { "type": "MultiPolygon", "coordinates": [ [ [ [ -121.736851958155171, 39.004378440543746, 0.0 ], [ -121.736859095482401, 39.004292778304396, 0.0 ], [ -121.73755151833781, 39.004321334126374, 0.0 ], [ -121.742819646231425, 39.004278503212589, 0.0 ], [ -121.74526811179976, 39.004257088814754, 0.0 ], [ -121.745396601803463, 39.004342748796191, 0.0 ], [ -121.745418016779084, 39.004514069001473, 0.0 ], [ -121.745418017680564, 39.005627657107432, 0.0 ], [ -121.745403740271868, 39.00928250968164, 0.0 ], [ -121.745403739261462, 39.011008350639564, 0.0 ], [ -121.745339494901771, 39.011052828522715, 0.0 ], [ -121.745182450708427, 39.011052828805184, 0.0 ], [ -121.743190842341562, 39.011038552114123, 0.0 ], [ -121.739207623788531, 39.010995720750891, 0.0 ], [ -121.738258218561242, 39.010988582928022, 0.0 ], [ -121.738165419994942, 39.010874368208654, 0.0 ], [ -121.737887022506214, 39.009653704980465, 0.0 ], [ -121.73774425490403, 39.008904175738799, 0.0 ], [ -121.737801361383958, 39.008575809874358, 0.0 ], [ -121.737801363348183, 39.008033293329952, 0.0 ], [ -121.737701426040445, 39.007469359556154, 0.0 ], [ -121.737194600610835, 39.005720457464967, 0.0 ], [ -121.736873374078584, 39.004628284006678, 0.0 ], [ -121.736851958155171, 39.004378440543746, 0.0 ] ] ] ] } },
{ "type": "Feature", "properties": { "Name": "D1A_032", "FolderPath": "FishFood2023Final.kmz/FishFood2023Final/SutterMutual/Fields/IndividualFields", "SymbolID": 4, "AltMode": 0, "Base": 0.0, "Clamped": -1, "Extruded": 0, "Snippet": null, "PopupInfo": null, "Shape_Leng": 3237.44209718, "Shape_Area": 661878.78186999995, "OBJECTID": null, "Type": null, "Owner": null, "Access": null, "Feature_ID": null, "layer": "FishFoodFields", "path": "D:/seths_msi/Documents/CalTrout Mapping Projects/CalTrout_imagery_2023/FishFoodFields.shp", "field_id": null, "joined_Name": "D1A_032" }, "geometry": { "type": "MultiPolygon", "coordinates": [ [ [ [ -121.736315282421018, 38.988260092162164, 0.0 ], [ -121.736286605233971, 38.990456796890179, 0.0 ], [ -121.736283556677805, 38.990549133809587, 0.0 ], [ -121.73622169003518, 38.990615758035588, 0.0 ], [ -121.736191820696249, 38.990638681719695, 0.0 ], [ -121.73612226054091, 38.990692064818184, 0.0 ], [ -121.73600595299051, 38.990704987933036, 0.0 ], [ -121.735249669547471, 38.990794917748708, 0.0 ], [ -121.734787420413568, 38.990865794641039, 0.0 ], [ -121.734715756985807, 38.990876349562264, 0.0 ], [ -121.733900129910054, 38.990996471319392, 0.0 ], [ -121.73181215329528, 38.991282006576313, 0.0 ], [ -121.730695499206547, 38.991424455706408, 0.0 ], [ -121.730381410731454, 38.991403041444094, 0.0 ], [ -121.73016011999411, 38.991324519701763, 0.0 ], [ -121.730003075861674, 38.991110367355283, 0.0 ], [ -121.729888891936668, 38.990974226559494, 0.0 ], [ -121.729593218485618, 38.990616627271486, 0.0 ], [ -121.729504076397092, 38.990484887579434, 0.0 ], [ -121.728470393324031, 38.989236335064589, 0.0 ], [ -121.728411215396648, 38.989140174469796, 0.0 ], [ -121.727533196022193, 38.988247876705508, 0.0 ], [ -121.726701481833928, 38.987416162439544, 0.0 ], [ -121.726361814083276, 38.987082123086566, 0.0 ], [ -121.726077653600896, 38.986802671399943, 0.0 ], [ -121.726053859893469, 38.986725339488778, 0.0 ], [ -121.726107396948521, 38.986630160635976, 0.0 ], [ -121.726902017240036, 38.986067270499696, 0.0 ], [ -121.728032881385587, 38.985306862617421, 0.0 ], [ -121.729039393897494, 38.984678684773023, 0.0 ], [ -121.72959618801444, 38.98427179674912, 0.0 ], [ -121.731245153900531, 38.982515753862351, 0.0 ], [ -121.731737702100148, 38.982016066845645, 0.0 ], [ -121.731859055368218, 38.981994652273045, 0.0 ], [ -121.732187420653929, 38.981994652555315, 0.0 ], [ -121.734321796711001, 38.982044621761439, 0.0 ], [ -121.734884549071452, 38.982055042325598, 0.0 ], [ -121.734875710045117, 38.982620769267193, 0.0 ], [ -121.73642070025015, 38.982673043831397, 0.0 ], [ -121.736315282421018, 38.988260092162164, 0.0 ] ] ] ] } },
{ "type": "Feature", "properties": { "Name": "D1A_050", "FolderPath": "FishFood2023Final.kmz/FishFood2023Final/SutterMutual/Fields/IndividualFields", "SymbolID": 4, "AltMode": 0, "Base": 0.0, "Clamped": -1, "Extruded": 0, "Snippet": null, "PopupInfo": null, "Shape_Leng": 3758.5042333299998, "Shape_Area": 842294.38333900005, "OBJECTID": null, "Type": null, "Owner": null, "Access": null, "Feature_ID": null, "layer": "FishFoodFields", "path": "D:/seths_msi/Documents/CalTrout Mapping Projects/CalTrout_imagery_2023/FishFoodFields.shp", "field_id": null, "joined_Name": "D1A_050" }, "geometry": { "type": "MultiPolygon", "coordinates": [ [ [ [ -121.76082794914619, 38.967216253208214, 0.0 ], [ -121.760826039767352, 38.967242167382324, 0.0 ], [ -121.760768932638371, 38.967294515630478, 0.0 ], [ -121.760649959705788, 38.967318309738182, 0.0 ], [ -121.760426289714673, 38.967304034000385, 0.0 ], [ -121.757223536291875, 38.967294515327531, 0.0 ], [ -121.754196861432533, 38.9673087908117, 0.0 ], [ -121.750565805826383, 38.96729451485912, 0.0 ], [ -121.74664921327134, 38.9672802373683, 0.0 ], [ -121.746530240856231, 38.967237406292362, 0.0 ], [ -121.746392232332155, 38.967161264345911, 0.0 ], [ -121.746263740402156, 38.967032773538023, 0.0 ], [ -121.746252722037468, 38.966993288102209, 0.0 ], [ -121.746251021660697, 38.966968222088191, 0.0 ], [ -121.746268499502989, 38.962935343269983, 0.0 ], [ -121.746282370082341, 38.960466494631639, 0.0 ], [ -121.74633512426999, 38.960403596295777, 0.0 ], [ -121.746477892877749, 38.96036076545527, 0.0 ], [ -121.748062612978458, 38.960346489237665, 0.0 ], [ -121.751003627118976, 38.96034648919801, 0.0 ], [ -121.754591853338383, 38.960360766394857, 0.0 ], [ -121.756723850530648, 38.960389320157262, 0.0 ], [ -121.756755301638307, 38.960392780247723, 0.0 ], [ -121.756890413412876, 38.960446426513471, 0.0 ], [ -121.756990349651247, 38.960532087867357, 0.0 ], [ -121.757404377124288, 38.961212613838434, 0.0 ], [ -121.757870750281413, 38.962002594872793, 0.0 ], [ -121.758570311099348, 38.963254191748945, 0.0 ], [ -121.759712452235277, 38.965271973576193, 0.0 ], [ -121.76082794914619, 38.967216253208214, 0.0 ] ] ] ] } },
{ "type": "Feature", "properties": { "Name": "D3__017", "FolderPath": "FishFood2023Final.kmz/FishFood2023Final/SutterMutual/Fields/IndividualFields", "SymbolID": 4, "AltMode": 0, "Base": 0.0, "Clamped": -1, "Extruded": 0, "Snippet": null, "PopupInfo": null, "Shape_Leng": 3116.85532177, "Shape_Area": 608839.232739, "OBJECTID": null, "Type": null, "Owner": null, "Access": null, "Feature_ID": null, "layer": "FishFoodFields", "path": "D:/seths_msi/Documents/CalTrout Mapping Projects/CalTrout_imagery_2023/FishFoodFields.shp", "field_id": null, "joined_Name": "D3__017" }, "geometry": { "type": "MultiPolygon", "coordinates": [ [ [ [ -121.727276932226687, 38.924681042241879, 0.0 ], [ -121.727279517084924, 38.927777362113062, 0.0 ], [ -121.727265677469831, 38.929451916315237, 0.0 ], [ -121.72726365614426, 38.929781821885115, 0.0 ], [ -121.727256111716045, 38.931013382762387, 0.0 ], [ -121.72724800010279, 38.931033079742065, 0.0 ], [ -121.727206094007769, 38.931043556700217, 0.0 ], [ -121.726941974682234, 38.931036419386402, 0.0 ], [ -121.725182952729398, 38.93102891716908, 0.0 ], [ -121.724100350973103, 38.931013381378499, 0.0 ], [ -121.723222926021222, 38.931013382203865, 0.0 ], [ -121.722378139014083, 38.931015206998666, 0.0 ], [ -121.721792283102673, 38.931011865272083, 0.0 ], [ -121.719445531868331, 38.930989587257002, 0.0 ], [ -121.71890122941258, 38.930986612120172, 0.0 ], [ -121.718758160033417, 38.931000726197915, 0.0 ], [ -121.718566636902636, 38.931036947332103, 0.0 ], [ -121.718433021207403, 38.931072109934931, 0.0 ], [ -121.718411606362864, 38.931022142268063, 0.0 ], [ -121.718425883139645, 38.93003704418809, 0.0 ], [ -121.718433022609929, 38.927817007112843, 0.0 ], [ -121.71846157682711, 38.925168667657189, 0.0 ], [ -121.718465197661885, 38.924618041076094, 0.0 ], [ -121.718467328543142, 38.924064495644913, 0.0 ], [ -121.718519303868732, 38.92388857963963, 0.0 ], [ -121.718521113242929, 38.923886301700719, 0.0 ], [ -121.718570334946278, 38.923831172159034, 0.0 ], [ -121.718960122427845, 38.923805236895419, 0.0 ], [ -121.718997208977186, 38.923805235719669, 0.0 ], [ -121.719631130520654, 38.923825625637406, 0.0 ], [ -121.720300626907971, 38.923816728033536, 0.0 ], [ -121.720509150931733, 38.923836334059104, 0.0 ], [ -121.722639892599332, 38.923832612282119, 0.0 ], [ -121.723808225303657, 38.923855205127431, 0.0 ], [ -121.726869378166683, 38.923887700693541, 0.0 ], [ -121.727148048073985, 38.92390221360953, 0.0 ], [ -121.727196626107528, 38.923904743781705, 0.0 ], [ -121.727198004262704, 38.923921287690312, 0.0 ], [ -121.727202573994518, 38.923976127114464, 0.0 ], [ -121.727252669522059, 38.923978305261073, 0.0 ], [ -121.727270984055508, 38.923979101490296, 0.0 ], [ -121.727282880146731, 38.924035613941783, 0.0 ], [ -121.727266608602619, 38.924133905139719, 0.0 ], [ -121.727276932226687, 38.924681042241879, 0.0 ] ] ] ] } },
{ "type": "Feature", "properties": { "Name": "D3__018", "FolderPath": "FishFood2023Final.kmz/FishFood2023Final/SutterMutual/Fields/IndividualFields", "SymbolID": 4, "AltMode": 0, "Base": 0.0, "Clamped": -1, "Extruded": 0, "Snippet": null, "PopupInfo": null, "Shape_Leng": 2797.56272231, "Shape_Area": 495077.34540499997, "OBJECTID": null, "Type": null, "Owner": null, "Access": null, "Feature_ID": null, "layer": "FishFoodFields", "path": "D:/seths_msi/Documents/CalTrout Mapping Projects/CalTrout_imagery_2023/FishFoodFields.shp", "field_id": null, "joined_Name": "D3__018" }, "geometry": { "type": "MultiPolygon", "coordinates": [ [ [ [ -121.717828210283955, 38.923786153045967, 0.0 ], [ -121.717977306440005, 38.923849518759802, 0.0 ], [ -121.718039172244232, 38.923944697452534, 0.0 ], [ -121.718024895240831, 38.926566863940486, 0.0 ], [ -121.718024893929197, 38.929355591994117, 0.0 ], [ -121.718001099841857, 38.929450769613652, 0.0 ], [ -121.717915440333883, 38.929479323479484, 0.0 ], [ -121.717844056400253, 38.929517395615562, 0.0 ], [ -121.717807476678956, 38.929524963093634, 0.0 ], [ -121.716643714786144, 38.929518274198855, 0.0 ], [ -121.715721355330061, 38.929507060132153, 0.0 ], [ -121.712585448088987, 38.929460288329587, 0.0 ], [ -121.710915066100668, 38.929446011220634, 0.0 ], [ -121.709450804026417, 38.929434925700363, 0.0 ], [ -121.70924944362244, 38.92940793870337, 0.0 ], [ -121.709130471507066, 38.929388903765798, 0.0 ], [ -121.709025774813497, 38.92930800132428, 0.0 ], [ -121.709013365919759, 38.929265261059363, 0.0 ], [ -121.709019923033026, 38.928026353410075, 0.0 ], [ -121.709019921599591, 38.925335180650947, 0.0 ], [ -121.709041337686216, 38.923814707103695, 0.0 ], [ -121.709119860230416, 38.923743321834912, 0.0 ], [ -121.709562438742537, 38.923729044778398, 0.0 ], [ -121.711753922461256, 38.92375046171999, 0.0 ], [ -121.712671386734499, 38.923755622573147, 0.0 ], [ -121.714295186928823, 38.92376473622511, 0.0 ], [ -121.71764308916724, 38.923786153163995, 0.0 ], [ -121.717828210283955, 38.923786153045967, 0.0 ] ] ] ] } },
{ "type": "Feature", "properties": { "Name": "D3__025", "FolderPath": "FishFood2023Final.kmz/FishFood2023Final/SutterMutual/Fields/IndividualFields", "SymbolID": 4, "AltMode": 0, "Base": 0.0, "Clamped": -1, "Extruded": 0, "Snippet": null, "PopupInfo": null, "Shape_Leng": 3049.8581253399998, "Shape_Area": 591640.82647800003, "OBJECTID": null, "Type": null, "Owner": null, "Access": null, "Feature_ID": null, "layer": "FishFoodFields", "path": "D:/seths_msi/Documents/CalTrout Mapping Projects/CalTrout_imagery_2023/FishFoodFields.shp", "field_id": null, "joined_Name": "D3__025" }, "geometry": { "type": "MultiPolygon", "coordinates": [ [ [ [ -121.662988197611455, 38.916412545522121, 0.0 ], [ -121.66304187261251, 38.916398257980141, 0.0 ], [ -121.663167840603293, 38.916393741761837, 0.0 ], [ -121.671715935470417, 38.916469434656712, 0.0 ], [ -121.671954012092016, 38.916481022987043, 0.0 ], [ -121.672045458075658, 38.916547528965872, 0.0 ], [ -121.672058708927196, 38.916557165562978, 0.0 ], [ -121.672083730655558, 38.91661010942979, 0.0 ], [ -121.672093242297876, 38.916762310202465, 0.0 ], [ -121.672077743669675, 38.917661235827907, 0.0 ], [ -121.672062937640973, 38.919835982422946, 0.0 ], [ -121.672034016163551, 38.92175918972071, 0.0 ], [ -121.672024919022377, 38.92237780233819, 0.0 ], [ -121.671969545372249, 38.922392904565321, 0.0 ], [ -121.671959483973382, 38.922395648366475, 0.0 ], [ -121.671840510587813, 38.922413494308742, 0.0 ], [ -121.671733434522949, 38.922467032773227, 0.0 ], [ -121.671709641552951, 38.92258600496961, 0.0 ], [ -121.671707977354075, 38.922724047476805, 0.0 ], [ -121.671709641038916, 38.922948873671068, 0.0 ], [ -121.671691794877773, 38.923050000638646, 0.0 ], [ -121.671590667986578, 38.923127332521723, 0.0 ], [ -121.671412207743018, 38.923151127641752, 0.0 ], [ -121.665641831647875, 38.923203275775478, 0.0 ], [ -121.664202287621009, 38.923223198068342, 0.0 ], [ -121.663220915786624, 38.923246304437399, 0.0 ], [ -121.663090044084342, 38.923246304945728, 0.0 ], [ -121.663012712658627, 38.923252253984252, 0.0 ], [ -121.662941328453499, 38.923216561195133, 0.0 ], [ -121.662893738912757, 38.923168971652778, 0.0 ], [ -121.662869944011007, 38.923109485385659, 0.0 ], [ -121.662923481875325, 38.919796086104022, 0.0 ], [ -121.662968422870293, 38.91653794716968, 0.0 ], [ -121.662988197611455, 38.916412545522121, 0.0 ] ] ] ] } },
{ "type": "Feature", "properties": { "Name": "D3__074", "FolderPath": "FishFood2023Final.kmz/FishFood2023Final/SutterMutual/Fields/IndividualFields", "SymbolID": 4, "AltMode": 0, "Base": 0.0, "Clamped": -1, "Extruded": 0, "Snippet": null, "PopupInfo": null, "Shape_Leng": 3059.4230855000001, "Shape_Area": 592336.28621000005, "OBJECTID": null, "Type": null, "Owner": null, "Access": null, "Feature_ID": null, "layer": "FishFoodFields", "path": "D:/seths_msi/Documents/CalTrout Mapping Projects/CalTrout_imagery_2023/FishFoodFields.shp", "field_id": null, "joined_Name": "D3__074" }, "geometry": { "type": "MultiPolygon", "coordinates": [ [ [ [ -121.654500985804731, 38.872312670089869, 0.0 ], [ -121.65910524416951, 38.872341223849318, 0.0 ], [ -121.66299566199487, 38.872362639135766, 0.0 ], [ -121.663088460504582, 38.872434022837794, 0.0 ], [ -121.663131292014086, 38.8726695884273, 0.0 ], [ -121.663109876842583, 38.875353620635536, 0.0 ], [ -121.663109876499334, 38.877802085668108, 0.0 ], [ -121.663135978803126, 38.879270406638355, 0.0 ], [ -121.66308846090142, 38.879315424071429, 0.0 ], [ -121.662952831431525, 38.879322562142079, 0.0 ], [ -121.658548448994352, 38.879301145973969, 0.0 ], [ -121.654479572092114, 38.879301146965162, 0.0 ], [ -121.654293974100028, 38.879272593125421, 0.0 ], [ -121.654244003924859, 38.879194070133813, 0.0 ], [ -121.654258280096755, 38.878694384846646, 0.0 ], [ -121.654293972926425, 38.875282237581203, 0.0 ], [ -121.654307747704735, 38.873808267647668, 0.0 ], [ -121.654315164117875, 38.872416186526593, 0.0 ], [ -121.654393908632414, 38.872348362442608, 0.0 ], [ -121.654500985804731, 38.872312670089869, 0.0 ] ] ] ] } },
{ "type": "Feature", "properties": { "Name": "D3__080", "FolderPath": "FishFood2023Final.kmz/FishFood2023Final/SutterMutual/Fields/IndividualFields", "SymbolID": 4, "AltMode": 0, "Base": 0.0, "Clamped": -1, "Extruded": 0, "Snippet": null, "PopupInfo": null, "Shape_Leng": 3080.9454086300002, "Shape_Area": 603659.20882699999, "OBJECTID": null, "Type": null, "Owner": null, "Access": null, "Feature_ID": null, "layer": "FishFoodFields", "path": "D:/seths_msi/Documents/CalTrout Mapping Projects/CalTrout_imagery_2023/FishFoodFields.shp", "field_id": null, "joined_Name": "D3__080" }, "geometry": { "type": "MultiPolygon", "coordinates": [ [ [ [ -121.663135139977456, 38.869568050307826, 0.0 ], [ -121.663120864269331, 38.872030790774311, 0.0 ], [ -121.663120956404228, 38.872187930653759, 0.0 ], [ -121.663068608231114, 38.872259314994452, 0.0 ], [ -121.662940118520808, 38.872283108874505, 0.0 ], [ -121.66274792347177, 38.872285666649823, 0.0 ], [ -121.66228567236665, 38.872294912014716, 0.0 ], [ -121.659979976456327, 38.872287774026425, 0.0 ], [ -121.656410782463851, 38.872266358631478, 0.0 ], [ -121.654583356858609, 38.872273495856007, 0.0 ], [ -121.654419174423992, 38.872237805422877, 0.0 ], [ -121.654319237415294, 38.87214500622752, 0.0 ], [ -121.6543192358656, 38.871830917127099, 0.0 ], [ -121.654340651313703, 38.869325344123865, 0.0 ], [ -121.654376345811983, 38.866848325687918, 0.0 ], [ -121.6543906223215, 38.865235051640099, 0.0 ], [ -121.654440590261316, 38.865135113876356, 0.0 ], [ -121.654533389138393, 38.86511369793427, 0.0 ], [ -121.658602268150489, 38.865149389943092, 0.0 ], [ -121.66242843993308, 38.865163666914682, 0.0 ], [ -121.663070894904195, 38.865177944684305, 0.0 ], [ -121.663128001143434, 38.865334987765884, 0.0 ], [ -121.663163693454834, 38.865534862934702, 0.0 ], [ -121.663156555129206, 38.867091028795514, 0.0 ], [ -121.663135139977456, 38.869568050307826, 0.0 ] ] ] ] } },
{ "type": "Feature", "properties": { "Name": "D3__085", "FolderPath": "FishFood2023Final.kmz/FishFood2023Final/SutterMutual/Fields/IndividualFields", "SymbolID": 4, "AltMode": 0, "Base": 0.0, "Clamped": -1, "Extruded": 0, "Snippet": null, "PopupInfo": null, "Shape_Leng": 3115.8574520100001, "Shape_Area": 621924.46380499995, "OBJECTID": null, "Type": null, "Owner": null, "Access": null, "Feature_ID": null, "layer": "FishFoodFields", "path": "D:/seths_msi/Documents/CalTrout Mapping Projects/CalTrout_imagery_2023/FishFoodFields.shp", "field_id": null, "joined_Name": "D3__085" }, "geometry": { "type": "MultiPolygon", "coordinates": [ [ [ [ -121.663575456284846, 38.865006138007473, 0.0 ], [ -121.66346124134968, 38.86496330882138, 0.0 ], [ -121.663399622209923, 38.864801222119006, 0.0 ], [ -121.663421037526788, 38.86146045847795, 0.0 ], [ -121.663414980323537, 38.85838304187449, 0.0 ], [ -121.663449403760509, 38.858042255009764, 0.0 ], [ -121.663586222855159, 38.858000613774102, 0.0 ], [ -121.663758733180003, 38.857994666251223, 0.0 ], [ -121.663949090064492, 38.857994666299454, 0.0 ], [ -121.664002628392481, 38.857994665164064, 0.0 ], [ -121.664062114713474, 38.857923280728997, 0.0 ], [ -121.664100066535568, 38.857870147801158, 0.0 ], [ -121.664332125194179, 38.857867756051412, 0.0 ], [ -121.667658611441297, 38.857867755364595, 0.0 ], [ -121.670385474038483, 38.857903446597817, 0.0 ], [ -121.671920226551805, 38.857896308919663, 0.0 ], [ -121.672327114029628, 38.857932000320247, 0.0 ], [ -121.672441328562854, 38.857989107868555, 0.0 ], [ -121.672498433858436, 38.858110461044511, 0.0 ], [ -121.672526989599419, 38.858374579825977, 0.0 ], [ -121.672505573621436, 38.859166940721131, 0.0 ], [ -121.672498435474495, 38.860273390904119, 0.0 ], [ -121.672455604950045, 38.862486288649208, 0.0 ], [ -121.672434190399883, 38.864449344552355, 0.0 ], [ -121.672418797420463, 38.86495735835318, 0.0 ], [ -121.672291422267065, 38.865034691031894, 0.0 ], [ -121.672098686826274, 38.865041830392414, 0.0 ], [ -121.671484785875634, 38.86503469176624, 0.0 ], [ -121.669136258141563, 38.865020415729973, 0.0 ], [ -121.665874016492225, 38.865020414618591, 0.0 ], [ -121.663575456284846, 38.865006138007473, 0.0 ] ] ] ] } },
{ "type": "Feature", "properties": { "Name": "D4__010", "FolderPath": "FishFood2023Final.kmz/FishFood2023Final/SutterMutual/Fields/IndividualFields", "SymbolID": 4, "AltMode": 0, "Base": 0.0, "Clamped": -1, "Extruded": 0, "Snippet": null, "PopupInfo": null, "Shape_Leng": 3484.8866152099999, "Shape_Area": 760632.54003300006, "OBJECTID": null, "Type": null, "Owner": null, "Access": null, "Feature_ID": null, "layer": "FishFoodFields", "path": "D:/seths_msi/Documents/CalTrout Mapping Projects/CalTrout_imagery_2023/FishFoodFields.shp", "field_id": null, "joined_Name": "D4__010" }, "geometry": { "type": "MultiPolygon", "coordinates": [ [ [ [ -121.69020401366204, 38.947315846210955, 0.0 ], [ -121.690200256273712, 38.947608956026592, 0.0 ], [ -121.690170513415794, 38.947698185529397, 0.0 ], [ -121.690140768924721, 38.947769569741411, 0.0 ], [ -121.690134820401695, 38.947823108148121, 0.0 ], [ -121.690158614813768, 38.947888542325643, 0.0 ], [ -121.690212152461584, 38.947977773005853, 0.0 ], [ -121.690182410208962, 38.950160928874475, 0.0 ], [ -121.690146716933057, 38.952480902219548, 0.0 ], [ -121.690105076606173, 38.95252849102458, 0.0 ], [ -121.690071683135884, 38.952569040233364, 0.0 ], [ -121.690055411502783, 38.952579888764753, 0.0 ], [ -121.687553104993015, 38.952564182896261, 0.0 ], [ -121.685256925577036, 38.952558233912086, 0.0 ], [ -121.684126681192566, 38.95254633725277, 0.0 ], [ -121.682782286372742, 38.952552284489109, 0.0 ], [ -121.680093493239752, 38.952559441345379, 0.0 ], [ -121.679772234713482, 38.952558552907284, 0.0 ], [ -121.678106646153907, 38.952522542643301, 0.0 ], [ -121.678011468695402, 38.952480900000147, 0.0 ], [ -121.677928186045065, 38.952421414346631, 0.0 ], [ -121.67789249546324, 38.95229649346345, 0.0 ], [ -121.677880826892618, 38.952136039825653, 0.0 ], [ -121.677942796257256, 38.951893789380613, 0.0 ], [ -121.678142671656403, 38.951244197941357, 0.0 ], [ -121.678284550318452, 38.950779417489841, 0.0 ], [ -121.678350144415532, 38.950559134999388, 0.0 ], [ -121.678362438393464, 38.950517845600523, 0.0 ], [ -121.678356474591283, 38.950464169358007, 0.0 ], [ -121.678355308832309, 38.950453682756333, 0.0 ], [ -121.678344593521686, 38.950357232801537, 0.0 ], [ -121.678269164751526, 38.950142615921379, 0.0 ], [ -121.678225619909639, 38.949964621892057, 0.0 ], [ -121.67824941339093, 38.949815904723792, 0.0 ], [ -121.678570973165904, 38.94898132731447, 0.0 ], [ -121.678641006113949, 38.94879143283714, 0.0 ], [ -121.679165506516455, 38.947436444287632, 0.0 ], [ -121.679779190298959, 38.945777268791922, 0.0 ], [ -121.679827329938604, 38.945683395905931, 0.0 ], [ -121.679845375858321, 38.945665350200819, 0.0 ], [ -121.680020065891867, 38.945583457820064, 0.0 ], [ -121.681012301964302, 38.945619151026847, 0.0 ], [ -121.683717748723183, 38.945661980701985, 0.0 ], [ -121.686922883315845, 38.945719087228383, 0.0 ], [ -121.687767333094854, 38.945726660747113, 0.0 ], [ -121.689563750190018, 38.945764873559021, 0.0 ], [ -121.689974207383273, 38.945764874504313, 0.0 ], [ -121.69008128278108, 38.945782719621164, 0.0 ], [ -121.690181148330453, 38.945862652008785, 0.0 ], [ -121.690202337584637, 38.945926280898803, 0.0 ], [ -121.690203116657486, 38.946571920866909, 0.0 ], [ -121.69020401366204, 38.947315846210955, 0.0 ] ] ] ] } },
{ "type": "Feature", "properties": { "Name": "D4__038", "FolderPath": "FishFood2023Final.kmz/FishFood2023Final/SutterMutual/Fields/IndividualFields", "SymbolID": 4, "AltMode": 0, "Base": 0.0, "Clamped": -1, "Extruded": 0, "Snippet": null, "PopupInfo": null, "Shape_Leng": 3184.9999472899999, "Shape_Area": 646883.83365499997, "OBJECTID": null, "Type": null, "Owner": null, "Access": null, "Feature_ID": null, "layer": "FishFoodFields", "path": "D:/seths_msi/Documents/CalTrout Mapping Projects/CalTrout_imagery_2023/FishFoodFields.shp", "field_id": null, "joined_Name": "D4__038" }, "geometry": { "type": "MultiPolygon", "coordinates": [ [ [ [ -121.644913753234306, 38.894426201561934, 0.0 ], [ -121.64596071643075, 38.894416684042667, 0.0 ], [ -121.650605424248866, 38.894407166003262, 0.0 ], [ -121.653908114415927, 38.894445238119985, 0.0 ], [ -121.6539073794074, 38.894629891835883, 0.0 ], [ -121.653893102973754, 38.896785683345257, 0.0 ], [ -121.653883584608195, 38.898246672256349, 0.0 ], [ -121.653864549433081, 38.900497641959603, 0.0 ], [ -121.653870042913411, 38.90166928036232, 0.0 ], [ -121.653845567186082, 38.90170735335748, 0.0 ], [ -121.652499474659777, 38.901707352968437, 0.0 ], [ -121.648492461927944, 38.901688316379094, 0.0 ], [ -121.645180251322685, 38.901678798237377, 0.0 ], [ -121.644952279755287, 38.901592192563406, 0.0 ], [ -121.64480951234367, 38.901563640263412, 0.0 ], [ -121.644741698059292, 38.901531517357114, 0.0 ], [ -121.644695298357334, 38.901499394326699, 0.0 ], [ -121.644677450846132, 38.901456564327006, 0.0 ], [ -121.644661326453431, 38.901403350262278, 0.0 ], [ -121.644666324321534, 38.901330875374256, 0.0 ], [ -121.644663174778302, 38.901199583195272, 0.0 ], [ -121.644641758848465, 38.901096076030001, 0.0 ], [ -121.644639368101224, 38.901006814421699, 0.0 ], [ -121.64461677470004, 38.900478604651703, 0.0 ], [ -121.644620343655788, 38.900357252967062, 0.0 ], [ -121.644634620907823, 38.899286495154129, 0.0 ], [ -121.644634622028988, 38.899215112029943, 0.0 ], [ -121.644634622525842, 38.898047986181467, 0.0 ], [ -121.644634622300202, 38.897973032878511, 0.0 ], [ -121.64463105306028, 38.896823753944574, 0.0 ], [ -121.644649002047231, 38.89677736475786, 0.0 ], [ -121.644634621296063, 38.895749427187184, 0.0 ], [ -121.644652943484772, 38.895718510570418, 0.0 ], [ -121.644654648265416, 38.895575275608905, 0.0 ], [ -121.644641760117963, 38.895567398167081, 0.0 ], [ -121.644648898643226, 38.894675100217832, 0.0 ], [ -121.644666289146173, 38.894597522925672, 0.0 ], [ -121.644691704474909, 38.894533982383436, 0.0 ], [ -121.644767911860285, 38.894448077788311, 0.0 ], [ -121.644913753234306, 38.894426201561934, 0.0 ] ] ] ] } },
{ "type": "Feature", "properties": { "Name": "D4__039", "FolderPath": "FishFood2023Final.kmz/FishFood2023Final/SutterMutual/Fields/IndividualFields", "SymbolID": 4, "AltMode": 0, "Base": 0.0, "Clamped": -1, "Extruded": 0, "Snippet": null, "PopupInfo": null, "Shape_Leng": 3070.3100658100002, "Shape_Area": 601077.31462099997, "OBJECTID": null, "Type": null, "Owner": null, "Access": null, "Feature_ID": null, "layer": "FishFoodFields", "path": "D:/seths_msi/Documents/CalTrout Mapping Projects/CalTrout_imagery_2023/FishFoodFields.shp", "field_id": null, "joined_Name": "D4__039" }, "geometry": { "type": "MultiPolygon", "coordinates": [ [ [ [ -121.662959583766593, 38.901298085359109, 0.0 ], [ -121.662842888596956, 38.901410613393999, 0.0 ], [ -121.658545195316833, 38.90139893416162, 0.0 ], [ -121.654060400092192, 38.901374227371626, 0.0 ], [ -121.65395570412052, 38.901298085845575, 0.0 ], [ -121.653946185762535, 38.90048906768429, 0.0 ], [ -121.653974740018796, 38.897519500643433, 0.0 ], [ -121.653984257106359, 38.894559450838372, 0.0 ], [ -121.654079436825896, 38.894445237249322, 0.0 ], [ -121.655069291258002, 38.894445237709924, 0.0 ], [ -121.658695591570577, 38.894445237816086, 0.0 ], [ -121.66234092469692, 38.894464273605131, 0.0 ], [ -121.662731157500971, 38.894492826966989, 0.0 ], [ -121.66295006729672, 38.894588004246444, 0.0 ], [ -121.662969101916858, 38.894854505269102, 0.0 ], [ -121.662988138768767, 38.895891950038482, 0.0 ], [ -121.662950067386788, 38.898699713906709, 0.0 ], [ -121.662959583766593, 38.901298085359109, 0.0 ] ] ] ] } },
{ "type": "Feature", "properties": { "Name": "D4__056", "FolderPath": "FishFood2023Final.kmz/FishFood2023Final/SutterMutual/Fields/IndividualFields", "SymbolID": 4, "AltMode": 0, "Base": 0.0, "Clamped": -1, "Extruded": 0, "Snippet": null, "PopupInfo": null, "Shape_Leng": 2706.1016015099999, "Shape_Area": 453865.530432, "OBJECTID": null, "Type": null, "Owner": null, "Access": null, "Feature_ID": null, "layer": "FishFoodFields", "path": "D:/seths_msi/Documents/CalTrout Mapping Projects/CalTrout_imagery_2023/FishFoodFields.shp", "field_id": null, "joined_Name": "D4__056" }, "geometry": { "type": "MultiPolygon", "coordinates": [ [ [ [ -121.65838162344653, 38.850365193835955, 0.0 ], [ -121.655240734922657, 38.850365192614277, 0.0 ], [ -121.654933032817738, 38.850339116911421, 0.0 ], [ -121.65483622674958, 38.85031760538407, 0.0 ], [ -121.654775011283917, 38.850298898884041, 0.0 ], [ -121.65473984198178, 38.850279360596915, 0.0 ], [ -121.654875469459853, 38.849858197149658, 0.0 ], [ -121.655881984194082, 38.847345484978689, 0.0 ], [ -121.656909910528867, 38.844704282245289, 0.0 ], [ -121.657188307097783, 38.844004722286527, 0.0 ], [ -121.657302520675131, 38.843954753447157, 0.0 ], [ -121.657545226745995, 38.843926199418242, 0.0 ], [ -121.658444661915198, 38.843926200708118, 0.0 ], [ -121.661828256089066, 38.843876230801378, 0.0 ], [ -121.663170271876083, 38.843861955162062, 0.0 ], [ -121.663220240892898, 38.843926199338547, 0.0 ], [ -121.663234516900488, 38.844640036744821, 0.0 ], [ -121.663242670570142, 38.844691923893166, 0.0 ], [ -121.66325593351408, 38.846396081217861, 0.0 ], [ -121.663227378559895, 38.849265710787613, 0.0 ], [ -121.663214118761246, 38.850273557074473, 0.0 ], [ -121.663205979490783, 38.850323553690522, 0.0 ], [ -121.663098904677554, 38.850383040914124, 0.0 ], [ -121.662807419891408, 38.85039493785294, 0.0 ], [ -121.65838162344653, 38.850365193835955, 0.0 ] ] ] ] } },
{ "type": "Feature", "properties": { "Name": "D4__060", "FolderPath": "FishFood2023Final.kmz/FishFood2023Final/SutterMutual/Fields/IndividualFields", "SymbolID": 4, "AltMode": 0, "Base": 0.0, "Clamped": -1, "Extruded": 0, "Snippet": null, "PopupInfo": null, "Shape_Leng": 2547.9709793799998, "Shape_Area": 339441.75594200002, "OBJECTID": null, "Type": null, "Owner": null, "Access": null, "Feature_ID": null, "layer": "FishFoodFields", "path": "D:/seths_msi/Documents/CalTrout Mapping Projects/CalTrout_imagery_2023/FishFoodFields.shp", "field_id": null, "joined_Name": "D4__060" }, "geometry": { "type": "MultiPolygon", "coordinates": [ [ [ [ -121.66252067845511, 38.835895519717056, 0.0 ], [ -121.66322024151232, 38.835931210563636, 0.0 ], [ -121.663277348122818, 38.836066841144643, 0.0 ], [ -121.663277348198235, 38.836602218315136, 0.0 ], [ -121.663255932549973, 38.838700903179948, 0.0 ], [ -121.663248793682541, 38.842748366471852, 0.0 ], [ -121.663237979736934, 38.843689285073573, 0.0 ], [ -121.663127441212723, 38.84380484744225, 0.0 ], [ -121.663020366291761, 38.843804848137545, 0.0 ], [ -121.659865200524806, 38.843840538600411, 0.0 ], [ -121.657480982186001, 38.843890507913137, 0.0 ], [ -121.657338212743284, 38.843876231354521, 0.0 ], [ -121.657281106668449, 38.843776293611981, 0.0 ], [ -121.657716548692107, 38.842669845206295, 0.0 ], [ -121.659008593948315, 38.839371912403919, 0.0 ], [ -121.660214981241595, 38.836330960211733, 0.0 ], [ -121.660341644938256, 38.836029382236077, 0.0 ], [ -121.660460302506522, 38.835970052652598, 0.0 ], [ -121.660510270276632, 38.835912946700105, 0.0 ], [ -121.661195894754385, 38.835886190812694, 0.0 ], [ -121.66252067845511, 38.835895519717056, 0.0 ] ] ] ] } },
{ "type": "Feature", "properties": { "Name": "ROOS3", "FolderPath": null, "SymbolID": null, "AltMode": null, "Base": null, "Clamped": null, "Extruded": null, "Snippet": null, "PopupInfo": null, "Shape_Leng": 6916.0805230134902, "Shape_Area": 1617130.4394964487, "OBJECTID": 16.0, "Type": "Rice_Field", "Owner": "Roosevelt", "Access": "Private", "Feature_ID": 123, "layer": "roos_fields", "path": "roos_fields.shp", "field_id": null, "joined_Name": "ROOS3" }, "geometry": { "type": "MultiPolygon", "coordinates": [ [ [ [ -121.830045491969827, 38.832134214922952, 0.0 ], [ -121.812208746888999, 38.826346110953224, 0.0 ], [ -121.811073439555358, 38.825345572884977, 0.0 ], [ -121.81100008067763, 38.824718397628324, 0.0 ], [ -121.811335919987826, 38.823924889425925, 0.0 ], [ -121.81110170903753, 38.823143878716884, 0.0 ], [ -121.809834863427099, 38.822136140440207, 0.0 ], [ -121.809565163568564, 38.821652435050574, 0.0 ], [ -121.81019155888707, 38.820359427766682, 0.0 ], [ -121.80986468733461, 38.819607320092359, 0.0 ], [ -121.810196313343482, 38.818853791227973, 0.0 ], [ -121.810378299540133, 38.818224777421278, 0.0 ], [ -121.810056608772484, 38.817566544930479, 0.0 ], [ -121.808528010723492, 38.816464850082319, 0.0 ], [ -121.808414221904854, 38.81581644057642, 0.0 ], [ -121.809129047473675, 38.814635182093788, 0.0 ], [ -121.808956778346442, 38.813663996666925, 0.0 ], [ -121.808990025592678, 38.813032765053528, 0.0 ], [ -121.809608344530687, 38.81239929635025, 0.0 ], [ -121.81064512002466, 38.81275600268453, 0.0 ], [ -121.811339038723801, 38.813006904632502, 0.0 ], [ -121.812115864654061, 38.812850513548113, 0.0 ], [ -121.812231511196202, 38.816808307193682, 0.0 ], [ -121.81494169977816, 38.818840812598815, 0.0 ], [ -121.815838581107016, 38.820337120273969, 0.0 ], [ -121.819182506744042, 38.821465479859874, 0.0 ], [ -121.820723787158343, 38.822750543982842, 0.0 ], [ -121.829378540717897, 38.823064993583401, 0.0 ], [ -121.830067780069342, 38.823593504318474, 0.0 ], [ -121.830045491969827, 38.832134214922952, 0.0 ] ] ] ] } },
{ "type": "Feature", "properties": { "Name": "ROOS2", "FolderPath": null, "SymbolID": null, "AltMode": null, "Base": null, "Clamped": null, "Extruded": null, "Snippet": null, "PopupInfo": null, "Shape_Leng": 4333.2980516723501, "Shape_Area": 735334.73636924964, "OBJECTID": 17.0, "Type": "Rice_Field", "Owner": "Roosevelt", "Access": "Private", "Feature_ID": 124, "layer": "roos_fields", "path": "roos_fields.shp", "field_id": null, "joined_Name": "ROOS2" }, "geometry": { "type": "MultiPolygon", "coordinates": [ [ [ [ -121.810070937775151, 38.825065219725332, 0.0 ], [ -121.811172265421348, 38.826283016176227, 0.0 ], [ -121.803323711308749, 38.823796718215789, 0.0 ], [ -121.803406347968419, 38.812202190294045, 0.0 ], [ -121.808971316497036, 38.811984880570044, 0.0 ], [ -121.808477932739123, 38.813002463954284, 0.0 ], [ -121.808880602470168, 38.814561901165007, 0.0 ], [ -121.808630231558737, 38.815103220371029, 0.0 ], [ -121.808040186476575, 38.815986553883526, 0.0 ], [ -121.808309725478395, 38.816535288186273, 0.0 ], [ -121.809653970496854, 38.817492338258631, 0.0 ], [ -121.810016469252844, 38.818227680223018, 0.0 ], [ -121.809785129364428, 38.819003807850905, 0.0 ], [ -121.809262191440581, 38.819463285216493, 0.0 ], [ -121.809404757492871, 38.819918866643313, 0.0 ], [ -121.809783288095673, 38.820478125757077, 0.0 ], [ -121.809586217755935, 38.821048900147794, 0.0 ], [ -121.808987822735375, 38.821839360234044, 0.0 ], [ -121.809207726304237, 38.822418170967246, 0.0 ], [ -121.810003808365906, 38.82286231706982, 0.0 ], [ -121.810615047476333, 38.8233656655487, 0.0 ], [ -121.810677746696868, 38.823933559619029, 0.0 ], [ -121.810145614681673, 38.824513122069909, 0.0 ], [ -121.810070937775151, 38.825065219725332, 0.0 ] ] ] ] } },
{ "type": "Feature", "properties": { "Name": "ROOS1", "FolderPath": null, "SymbolID": null, "AltMode": null, "Base": null, "Clamped": null, "Extruded": null, "Snippet": null, "PopupInfo": null, "Shape_Leng": 1805.25984391679, "Shape_Area": 196707.51587870327, "OBJECTID": 18.0, "Type": "Rice_Field", "Owner": "Roosevelt", "Access": "Private", "Feature_ID": 125, "layer": "roos_fields", "path": "roos_fields.shp", "field_id": null, "joined_Name": "ROOS1" }, "geometry": { "type": "MultiPolygon", "coordinates": [ [ [ [ -121.802496376816975, 38.823718247873138, 0.0 ], [ -121.8000416727768, 38.822705754123106, 0.0 ], [ -121.79875605842696, 38.822474938974715, 0.0 ], [ -121.797442022375705, 38.82149580793282, 0.0 ], [ -121.797524548170088, 38.819001176105722, 0.0 ], [ -121.802890882501487, 38.819011787884719, 0.0 ], [ -121.802811799125379, 38.823714803705165, 0.0 ], [ -121.802496376816975, 38.823718247873138, 0.0 ] ] ] ] } },
{ "type": "Feature", "properties": { "Name": "TC014", "FolderPath": null, "SymbolID": null, "AltMode": null, "Base": null, "Clamped": null, "Extruded": null, "Snippet": null, "PopupInfo": null, "Shape_Leng": null, "Shape_Area": null, "OBJECTID": null, "Type": null, "Owner": null, "Access": null, "Feature_ID": null, "layer": null, "path": null, "field_id": null, "joined_Name": "TC014" }, "geometry": { "type": "MultiPolygon", "coordinates": [ [ [ [ -121.759382758874736, 38.824817481374701, 0.0 ], [ -121.754082124279805, 38.823683867655539, 0.0 ], [ -121.753555034346604, 38.82250312098666, 0.0 ], [ -121.755511120483831, 38.818900677713636, 0.0 ], [ -121.756858956509205, 38.819673963689937, 0.0 ], [ -121.756858956509205, 38.819673963689937, 0.0 ], [ -121.757224630686238, 38.820240935084833, 0.0 ], [ -121.757224630686238, 38.820240935084833, 0.0 ], [ -121.759382758874736, 38.824817481374701, 0.0 ] ] ] ] } },
{ "type": "Feature", "properties": { "Name": "TC013", "FolderPath": null, "SymbolID": null, "AltMode": null, "Base": null, "Clamped": null, "Extruded": null, "Snippet": null, "PopupInfo": null, "Shape_Leng": null, "Shape_Area": null, "OBJECTID": null, "Type": null, "Owner": null, "Access": null, "Feature_ID": null, "layer": null, "path": null, "field_id": null, "joined_Name": "TC013" }, "geometry": { "type": "MultiPolygon", "coordinates": [ [ [ [ -121.765910930893824, 38.823670396041109, 0.0 ], [ -121.758473405449905, 38.822018654714611, 0.0 ], [ -121.757423645551356, 38.819642002986782, 0.0 ], [ -121.757247298293606, 38.819475518161013, 0.0 ], [ -121.755764882668714, 38.818679369940746, 0.0 ], [ -121.755737111162702, 38.818483982150696, 0.0 ], [ -121.757993919531884, 38.814179393020552, 0.0 ], [ -121.765591300176254, 38.816905858637377, 0.0 ], [ -121.770346491979907, 38.818626487348226, 0.0 ], [ -121.766013149233956, 38.823618130449724, 0.0 ], [ -121.766013149233956, 38.823618130449724, 0.0 ], [ -121.765910930893824, 38.823670396041109, 0.0 ] ] ] ] } },
{ "type": "Feature", "properties": { "Name": "TC015", "FolderPath": null, "SymbolID": null, "AltMode": null, "Base": null, "Clamped": null, "Extruded": null, "Snippet": null, "PopupInfo": null, "Shape_Leng": null, "Shape_Area": null, "OBJECTID": null, "Type": null, "Owner": null, "Access": null, "Feature_ID": null, "layer": null, "path": null, "field_id": null, "joined_Name": "TC015" }, "geometry": { "type": "MultiPolygon", "coordinates": [ [ [ [ -121.770415437618055, 38.818355912960726, 0.0 ], [ -121.758116385603543, 38.813970361256629, 0.0 ], [ -121.760242546894005, 38.809993553221318, 0.0 ], [ -121.763028614909658, 38.811096094447748, 0.0 ], [ -121.771495117316576, 38.816294417071525, 0.0 ], [ -121.771495117316576, 38.816294417071525, 0.0 ], [ -121.770415437618055, 38.818355912960726, 0.0 ] ] ] ] } },
{ "type": "Feature", "properties": { "Name": "TC016", "FolderPath": null, "SymbolID": null, "AltMode": null, "Base": null, "Clamped": null, "Extruded": null, "Snippet": null, "PopupInfo": null, "Shape_Leng": null, "Shape_Area": null, "OBJECTID": null, "Type": null, "Owner": null, "Access": null, "Feature_ID": null, "layer": null, "path": null, "field_id": null, "joined_Name": "TC016" }, "geometry": { "type": "MultiPolygon", "coordinates": [ [ [ [ -121.771653247844398, 38.816161953966031, 0.0 ], [ -121.763047991962438, 38.810876820734009, 0.0 ], [ -121.76033857011177, 38.809848252955319, 0.0 ], [ -121.762015359285868, 38.806610429388336, 0.0 ], [ -121.765670271586586, 38.807929397185525, 0.0 ], [ -121.767797531440308, 38.809280921263074, 0.0 ], [ -121.772222646001055, 38.812046613110844, 0.0 ], [ -121.773444822405295, 38.812571569326657, 0.0 ], [ -121.773487176975252, 38.812828072863361, 0.0 ], [ -121.773487176975252, 38.812828072863361, 0.0 ], [ -121.771653247844398, 38.816161953966031, 0.0 ] ] ] ] } },
{ "type": "Feature", "properties": { "Name": "TC012", "FolderPath": null, "SymbolID": null, "AltMode": null, "Base": null, "Clamped": null, "Extruded": null, "Snippet": null, "PopupInfo": null, "Shape_Leng": null, "Shape_Area": null, "OBJECTID": null, "Type": null, "Owner": null, "Access": null, "Feature_ID": null, "layer": null, "path": null, "field_id": null, "joined_Name": "TC012" }, "geometry": { "type": "MultiPolygon", "coordinates": [ [ [ [ -121.659943750114422, 38.717582966310943, 0.0 ], [ -121.653133737116988, 38.712237178321516, 0.0 ], [ -121.640106579415928, 38.706550590126369, 0.0 ], [ -121.640532790642496, 38.705409371991905, 0.0 ], [ -121.658734566101757, 38.705668379981702, 0.0 ], [ -121.659943750114422, 38.717582966310943, 0.0 ] ] ] ] } },
{ "type": "Feature", "properties": { "Name": "Knaggs_011", "FolderPath": null, "SymbolID": null, "AltMode": null, "Base": null, "Clamped": null, "Extruded": null, "Snippet": null, "PopupInfo": null, "Shape_Leng": null, "Shape_Area": null, "OBJECTID": null, "Type": null, "Owner": null, "Access": null, "Feature_ID": null, "layer": null, "path": null, "field_id": null, "joined_Name": "Knaggs_011" }, "geometry": { "type": "MultiPolygon", "coordinates": [ [ [ [ -121.658662015724886, 38.705387100085566, 0.0 ], [ -121.640568754399681, 38.705153729779376, 0.0 ], [ -121.643320113177893, 38.698723207738681, 0.0 ], [ -121.658134140417886, 38.698662491287152, 0.0 ], [ -121.658134140417886, 38.698662491287152, 0.0 ], [ -121.658662015724886, 38.705387100085566, 0.0 ] ] ] ] } },
{ "type": "Feature", "properties": { "Name": "Knaggs_010", "FolderPath": null, "SymbolID": null, "AltMode": null, "Base": null, "Clamped": null, "Extruded": null, "Snippet": null, "PopupInfo": null, "Shape_Leng": null, "Shape_Area": null, "OBJECTID": null, "Type": null, "Owner": null, "Access": null, "Feature_ID": null, "layer": null, "path": null, "field_id": null, "joined_Name": "Knaggs_010" }, "geometry": { "type": "MultiPolygon", "coordinates": [ [ [ [ -121.658200694662241, 38.698431580788132, 0.0 ], [ -121.643370928259017, 38.698504316734486, 0.0 ], [ -121.644715254211391, 38.695703238311133, 0.0 ], [ -121.645034965249394, 38.69442663916098, 0.0 ], [ -121.645363090838217, 38.693528131101104, 0.0 ], [ -121.645827065558109, 38.692850676261394, 0.0 ], [ -121.646145363874624, 38.69164721722251, 0.0 ], [ -121.64633340044702, 38.691576234001687, 0.0 ], [ -121.657490109797294, 38.691497577481542, 0.0 ], [ -121.658200694662241, 38.698431580788132, 0.0 ] ] ] ] } },
{ "type": "Feature", "properties": { "Name": "Knaggs_009", "FolderPath": null, "SymbolID": null, "AltMode": null, "Base": null, "Clamped": null, "Extruded": null, "Snippet": null, "PopupInfo": null, "Shape_Leng": null, "Shape_Area": null, "OBJECTID": null, "Type": null, "Owner": null, "Access": null, "Feature_ID": null, "layer": null, "path": null, "field_id": null, "joined_Name": "Knaggs_009" }, "geometry": { "type": "MultiPolygon", "coordinates": [ [ [ [ -121.658459066071018, 38.691264830797977, 0.0 ], [ -121.646197773315734, 38.691342989408788, 0.0 ], [ -121.6462454978994, 38.689636467689986, 0.0 ], [ -121.645879998985663, 38.686742401574584, 0.0 ], [ -121.645561109164191, 38.684678024190923, 0.0 ], [ -121.645864665049245, 38.684254770976594, 0.0 ], [ -121.646379299735315, 38.684187569207864, 0.0 ], [ -121.653363619962192, 38.684219438587604, 0.0 ], [ -121.658466236140214, 38.684217124013507, 0.0 ], [ -121.658459066071018, 38.691264830797977, 0.0 ] ] ] ] } },
{ "type": "Feature", "properties": { "Name": "TC022", "FolderPath": null, "SymbolID": null, "AltMode": null, "Base": null, "Clamped": null, "Extruded": null, "Snippet": null, "PopupInfo": null, "Shape_Leng": null, "Shape_Area": null, "OBJECTID": null, "Type": null, "Owner": null, "Access": null, "Feature_ID": null, "layer": null, "path": null, "field_id": null, "joined_Name": "TC022" }, "geometry": { "type": "MultiPolygon", "coordinates": [ [ [ [ -121.672483756102963, 38.872348131103038, 0.0 ], [ -121.663562468958006, 38.872319521841931, 0.0 ], [ -121.663602456274745, 38.865187042844468, 0.0 ], [ -121.672412115429367, 38.865299725980762, 0.0 ], [ -121.672483756102963, 38.872348131103038, 0.0 ] ] ] ] } },
{ "type": "Feature", "properties": { "Name": "TC023", "FolderPath": null, "SymbolID": null, "AltMode": null, "Base": null, "Clamped": null, "Extruded": null, "Snippet": null, "PopupInfo": null, "Shape_Leng": null, "Shape_Area": null, "OBJECTID": null, "Type": null, "Owner": null, "Access": null, "Feature_ID": null, "layer": null, "path": null, "field_id": null, "joined_Name": "TC023" }, "geometry": { "type": "MultiPolygon", "coordinates": [ [ [ [ -121.672431077924941, 38.879370728657172, 0.0 ], [ -121.663477721159524, 38.879341742861229, 0.0 ], [ -121.663624160980845, 38.87235680706214, 0.0 ], [ -121.672466347408147, 38.872445477631786, 0.0 ], [ -121.672431077924941, 38.879370728657172, 0.0 ] ] ] ] } },
{ "type": "Feature", "properties": { "Name": "TC020", "FolderPath": null, "SymbolID": null, "AltMode": null, "Base": null, "Clamped": null, "Extruded": null, "Snippet": null, "PopupInfo": null, "Shape_Leng": null, "Shape_Area": null, "OBJECTID": null, "Type": null, "Owner": null, "Access": null, "Feature_ID": null, "layer": null, "path": null, "field_id": null, "joined_Name": "TC020" }, "geometry": { "type": "MultiPolygon", "coordinates": [ [ [ [ -121.625343956820686, 38.959908716508323, 0.0 ], [ -121.616348185759207, 38.959936515412444, 0.0 ], [ -121.616328866619114, 38.952901023449392, 0.0 ], [ -121.625233375631694, 38.952701445407953, 0.0 ], [ -121.625145895409503, 38.953188128634828, 0.0 ], [ -121.625427376964993, 38.953167058929751, 0.0 ], [ -121.625343956820686, 38.959908716508323, 0.0 ] ] ] ] } },
{ "type": "Feature", "properties": { "Name": "TC005", "FolderPath": null, "SymbolID": null, "AltMode": null, "Base": null, "Clamped": null, "Extruded": null, "Snippet": null, "PopupInfo": null, "Shape_Leng": null, "Shape_Area": null, "OBJECTID": null, "Type": null, "Owner": null, "Access": null, "Feature_ID": null, "layer": null, "path": null, "field_id": null, "joined_Name": "TC005" }, "geometry": { "type": "MultiPolygon", "coordinates": [ [ [ [ -122.061453985129873, 39.214918582875924, 0.0 ], [ -122.05115625119943, 39.214932699205946, 0.0 ], [ -122.051163348081332, 39.213823221085867, 0.0 ], [ -122.051293900390618, 39.213803328205529, 0.0 ], [ -122.056673595094367, 39.213816535992088, 0.0 ], [ -122.057534883472101, 39.213872278439496, 0.0 ], [ -122.059046954652274, 39.213902791414547, 0.0 ], [ -122.059736914740185, 39.213877880906075, 0.0 ], [ -122.06187682832109, 39.213840267005068, 0.0 ], [ -122.061453985129873, 39.214918582875924, 0.0 ] ] ] ] } },
{ "type": "Feature", "properties": { "Name": "TC006", "FolderPath": null, "SymbolID": null, "AltMode": null, "Base": null, "Clamped": null, "Extruded": null, "Snippet": null, "PopupInfo": null, "Shape_Leng": null, "Shape_Area": null, "OBJECTID": null, "Type": null, "Owner": null, "Access": null, "Feature_ID": null, "layer": null, "path": null, "field_id": null, "joined_Name": "TC006" }, "geometry": { "type": "MultiPolygon", "coordinates": [ [ [ [ -122.061024754298231, 39.216034185636708, 0.0 ], [ -122.051157841093399, 39.21605177342397, 0.0 ], [ -122.05114110241729, 39.214966486760552, 0.0 ], [ -122.061454269695275, 39.214970785202667, 0.0 ], [ -122.061089878732147, 39.21585181998234, 0.0 ], [ -122.061024754298231, 39.216034185636708, 0.0 ] ] ] ] } },
{ "type": "Feature", "properties": { "Name": "TC007_008", "FolderPath": null, "SymbolID": null, "AltMode": null, "Base": null, "Clamped": null, "Extruded": null, "Snippet": null, "PopupInfo": null, "Shape_Leng": null, "Shape_Area": null, "OBJECTID": null, "Type": null, "Owner": null, "Access": null, "Feature_ID": null, "layer": null, "path": null, "field_id": null, "joined_Name": "TC007_008" }, "geometry": { "type": "MultiPolygon", "coordinates": [ [ [ [ -122.060939124871084, 39.217167416915203, 0.0 ], [ -122.052585174061591, 39.217142445002878, 0.0 ], [ -122.052132397053427, 39.21701073818317, 0.0 ], [ -122.051505750035645, 39.216987348252552, 0.0 ], [ -122.05113736845432, 39.216990444414918, 0.0 ], [ -122.051149676822064, 39.216076092318993, 0.0 ], [ -122.061016268616584, 39.216082888058779, 0.0 ], [ -122.060939124871084, 39.217167416915203, 0.0 ] ] ] ] } },
{ "type": "Feature", "properties": { "Name": "12-1", "FolderPath": null, "SymbolID": null, "AltMode": null, "Base": null, "Clamped": null, "Extruded": null, "Snippet": null, "PopupInfo": null, "Shape_Leng": null, "Shape_Area": null, "OBJECTID": null, "Type": null, "Owner": "Conaway Preservation Group", "Access": null, "Feature_ID": null, "layer": null, "path": null, "field_id": "12-1", "joined_Name": null }, "geometry": { "type": "MultiPolygon", "coordinates": [ [ [ [ -121.710216147688982, 38.641085824683174, 0.0 ], [ -121.701963865959556, 38.641473193221657, 0.0 ], [ -121.701762901152392, 38.641475958408236, 0.0 ], [ -121.701611287092021, 38.641478044401453, 0.0 ], [ -121.701657709330973, 38.640726011487494, 0.0 ], [ -121.701657710229284, 38.640345352364655, 0.0 ], [ -121.701741268822062, 38.640271077024117, 0.0 ], [ -121.702017876267718, 38.640285540292837, 0.0 ], [ -121.710206981279811, 38.640002877690073, 0.0 ], [ -121.710244571282871, 38.640003024337062, 0.0 ], [ -121.710235702216096, 38.640992556429843, 0.0 ], [ -121.710229098700424, 38.641085215651266, 0.0 ], [ -121.710216147688982, 38.641085824683174, 0.0 ] ] ] ] } },
{ "type": "Feature", "properties": { "Name": "24-2W", "FolderPath": null, "SymbolID": null, "AltMode": null, "Base": null, "Clamped": null, "Extruded": null, "Snippet": null, "PopupInfo": null, "Shape_Leng": null, "Shape_Area": null, "OBJECTID": null, "Type": null, "Owner": "Conaway Preservation Group", "Access": null, "Feature_ID": null, "layer": null, "path": null, "field_id": "24-2W", "joined_Name": null }, "geometry": { "type": "MultiPolygon", "coordinates": [ [ [ [ -121.705678965598054, 38.609099877009498, 0.0 ], [ -121.706640268953237, 38.612697622550485, 0.0 ], [ -121.706973393006692, 38.61393494171601, 0.0 ], [ -121.702699880824667, 38.613906389193261, 0.0 ], [ -121.702595184873275, 38.613906389193261, 0.0 ], [ -121.702594504848591, 38.613903997766293, 0.0 ], [ -121.702014595620298, 38.611860051718416, 0.0 ], [ -121.701234131216609, 38.609061806750717, 0.0 ], [ -121.705678965598054, 38.609099877009498, 0.0 ] ] ] ] } },
{ "type": "Feature", "properties": { "Name": "7-1", "FolderPath": null, "SymbolID": null, "AltMode": null, "Base": null, "Clamped": null, "Extruded": null, "Snippet": null, "PopupInfo": null, "Shape_Leng": null, "Shape_Area": null, "OBJECTID": null, "Type": null, "Owner": "Conaway Preservation Group", "Access": null, "Feature_ID": null, "layer": null, "path": null, "field_id": "7-1", "joined_Name": null }, "geometry": { "type": "MultiPolygon", "coordinates": [ [ [ [ -121.696077417006819, 38.643403555853531, 0.0 ], [ -121.696099622462313, 38.642178289885862, 0.0 ], [ -121.696123840144082, 38.640171003726586, 0.0 ], [ -121.696157416474463, 38.637982618285669, 0.0 ], [ -121.69619470015202, 38.635589225383228, 0.0 ], [ -121.696233459761572, 38.634120946226616, 0.0 ], [ -121.696241599396359, 38.633000428704001, 0.0 ], [ -121.696315574761698, 38.63294403003048, 0.0 ], [ -121.697020818735069, 38.632942350791957, 0.0 ], [ -121.700741196874134, 38.632955119459766, 0.0 ], [ -121.70142230131917, 38.632943608291114, 0.0 ], [ -121.701555075911443, 38.632997536879245, 0.0 ], [ -121.701596075021001, 38.633083825623515, 0.0 ], [ -121.701577439470441, 38.633779825605025, 0.0 ], [ -121.701580821627502, 38.634266255718082, 0.0 ], [ -121.701560521498678, 38.635391407867402, 0.0 ], [ -121.701533854111162, 38.636869359775005, 0.0 ], [ -121.701515043389122, 38.637574896078775, 0.0 ], [ -121.701546753020338, 38.638176085262465, 0.0 ], [ -121.701522494914414, 38.638509613189434, 0.0 ], [ -121.70150958971702, 38.639224751812499, 0.0 ], [ -121.701541160109372, 38.639496909345674, 0.0 ], [ -121.701514319346998, 38.639973464784894, 0.0 ], [ -121.701485728666427, 38.640883940127516, 0.0 ], [ -121.701441216245797, 38.642676417483351, 0.0 ], [ -121.701416125401607, 38.642719055076292, 0.0 ], [ -121.701324682295578, 38.642732345421194, 0.0 ], [ -121.701245912621559, 38.64271716557662, 0.0 ], [ -121.701070911821049, 38.642643694662375, 0.0 ], [ -121.700804985344149, 38.642554907676619, 0.0 ], [ -121.700746118743581, 38.642541272094149, 0.0 ], [ -121.700684006529883, 38.642520183735243, 0.0 ], [ -121.700574928596495, 38.642499897339967, 0.0 ], [ -121.700368844290551, 38.642464228268011, 0.0 ], [ -121.699998715037296, 38.642421966600672, 0.0 ], [ -121.699584911491556, 38.642441210386217, 0.0 ], [ -121.699401592291522, 38.642491625754147, 0.0 ], [ -121.698818352110152, 38.64246606585327, 0.0 ], [ -121.698804900737102, 38.64253744256763, 0.0 ], [ -121.698645810896892, 38.642592896308734, 0.0 ], [ -121.698480643055518, 38.642648281246778, 0.0 ], [ -121.698327890829646, 38.642689498749228, 0.0 ], [ -121.697883728718878, 38.643042195972953, 0.0 ], [ -121.697218817305156, 38.643497338769201, 0.0 ], [ -121.696954479947976, 38.643656524927991, 0.0 ], [ -121.69676550854814, 38.643683030895481, 0.0 ], [ -121.696528596756607, 38.64367085350321, 0.0 ], [ -121.696249907914435, 38.643615294650886, 0.0 ], [ -121.696105737294459, 38.64351831668526, 0.0 ], [ -121.696077417006819, 38.643403555853531, 0.0 ] ] ] ] } },
{ "type": "Feature", "properties": { "Name": "39-2", "FolderPath": null, "SymbolID": null, "AltMode": null, "Base": null, "Clamped": null, "Extruded": null, "Snippet": null, "PopupInfo": null, "Shape_Leng": null, "Shape_Area": null, "OBJECTID": null, "Type": null, "Owner": "Conaway Preservation Group", "Access": null, "Feature_ID": null, "layer": null, "path": null, "field_id": "39-2", "joined_Name": null }, "geometry": { "type": "MultiPolygon", "coordinates": [ [ [ [ -121.691585967248685, 38.685198931945287, 0.0 ], [ -121.691609761823926, 38.685079958354201, 0.0 ], [ -121.692585340307318, 38.685139444823847, 0.0 ], [ -121.69419147772966, 38.685294110255022, 0.0 ], [ -121.695512078452452, 38.685496363304495, 0.0 ], [ -121.69718959960052, 38.685912770038804, 0.0 ], [ -121.697439443538926, 38.685984153947331, 0.0 ], [ -121.697570312804473, 38.68600794810019, 0.0 ], [ -121.697951026906736, 38.686067435200755, 0.0 ], [ -121.698676763248329, 38.68607933191376, 0.0 ], [ -121.698898311153599, 38.686121532061641, 0.0 ], [ -121.698616713566537, 38.688727818027068, 0.0 ], [ -121.698578933120643, 38.689077485239324, 0.0 ], [ -121.698341161641324, 38.691277973925807, 0.0 ], [ -121.691455309985557, 38.691253841463762, 0.0 ], [ -121.691502686235324, 38.688411205132269, 0.0 ], [ -121.691585967248685, 38.685198931945287, 0.0 ] ] ] ] } },
{ "type": "Feature", "properties": { "Name": "15-3", "FolderPath": null, "SymbolID": null, "AltMode": null, "Base": null, "Clamped": null, "Extruded": null, "Snippet": null, "PopupInfo": null, "Shape_Leng": null, "Shape_Area": null, "OBJECTID": null, "Type": null, "Owner": "Conaway Preservation Group", "Access": null, "Feature_ID": null, "layer": null, "path": null, "field_id": "15-3", "joined_Name": "15-3" }, "geometry": { "type": "MultiPolygon", "coordinates": [ [ [ [ -121.625848978623836, 38.624768508731343, 0.0 ], [ -121.623854871406678, 38.620597149288336, 0.0 ], [ -121.623012408875383, 38.618821366115547, 0.0 ], [ -121.623004269240582, 38.618746126566371, 0.0 ], [ -121.623034505634735, 38.618667582538336, 0.0 ], [ -121.623107403021734, 38.61861208361757, 0.0 ], [ -121.623329518662231, 38.618517010391443, 0.0 ], [ -121.623612942524275, 38.618471501085772, 0.0 ], [ -121.62475755699468, 38.618469933105821, 0.0 ], [ -121.625925825004828, 38.618483661001029, 0.0 ], [ -121.626096498620598, 38.618466903128237, 0.0 ], [ -121.628776249469922, 38.6184344478987, 0.0 ], [ -121.631060997614114, 38.6184312726323, 0.0 ], [ -121.631193777596252, 38.618429529885418, 0.0 ], [ -121.631255998506106, 38.618486028411724, 0.0 ], [ -121.631283013541605, 38.618576516362019, 0.0 ], [ -121.631439139839685, 38.622611528123848, 0.0 ], [ -121.631467686502802, 38.624385248165304, 0.0 ], [ -121.631425323750619, 38.624443132992532, 0.0 ], [ -121.631381871342015, 38.624461410296583, 0.0 ], [ -121.631324410604861, 38.624460737960206, 0.0 ], [ -121.63070177660336, 38.624209235305031, 0.0 ], [ -121.630473148177003, 38.62414268637626, 0.0 ], [ -121.630329640513736, 38.624133491889857, 0.0 ], [ -121.630061327213099, 38.624091248189202, 0.0 ], [ -121.628900822443654, 38.624312562037531, 0.0 ], [ -121.627607534098757, 38.624625173132358, 0.0 ], [ -121.626796580874341, 38.624805935517522, 0.0 ], [ -121.626267766921089, 38.624919839742432, 0.0 ], [ -121.626096389026131, 38.624919746401964, 0.0 ], [ -121.626009561464045, 38.62488686669127, 0.0 ], [ -121.625967110676967, 38.624852553872273, 0.0 ], [ -121.625848978623836, 38.624768508731343, 0.0 ] ] ] ] } },
{ "type": "Feature", "properties": { "Name": "10-4", "FolderPath": null, "SymbolID": null, "AltMode": null, "Base": null, "Clamped": null, "Extruded": null, "Snippet": null, "PopupInfo": null, "Shape_Leng": null, "Shape_Area": null, "OBJECTID": null, "Type": null, "Owner": "Conaway Preservation Group", "Access": null, "Feature_ID": null, "layer": null, "path": null, "field_id": "10-2", "joined_Name": "10-4" }, "geometry": { "type": "MultiPolygon", "coordinates": [ [ [ [ -121.624483516934106, 38.640268551758027, 0.0 ], [ -121.624358873891822, 38.640109725041334, 0.0 ], [ -121.623873663264135, 38.639252838873091, 0.0 ], [ -121.623159614004337, 38.637964091121837, 0.0 ], [ -121.622648858883252, 38.637013912887284, 0.0 ], [ -121.622376483400927, 38.636474249113796, 0.0 ], [ -121.622219624077587, 38.636093303570732, 0.0 ], [ -121.621902216948342, 38.635524496009921, 0.0 ], [ -121.621453397971138, 38.634675181937453, 0.0 ], [ -121.620580123225579, 38.633134193540648, 0.0 ], [ -121.620494024197157, 38.632868526711398, 0.0 ], [ -121.620777201022491, 38.6328432545968, 0.0 ], [ -121.621023085187105, 38.632860459620979, 0.0 ], [ -121.621552282720984, 38.632845238388619, 0.0 ], [ -121.624415436313683, 38.632857483582967, 0.0 ], [ -121.626066436499613, 38.632833971404551, 0.0 ], [ -121.626402100988685, 38.633402981359616, 0.0 ], [ -121.627312108744533, 38.634937204407237, 0.0 ], [ -121.628479201758296, 38.636860684768592, 0.0 ], [ -121.629301116225847, 38.638236497625769, 0.0 ], [ -121.630054201776275, 38.639396915658807, 0.0 ], [ -121.630663057417962, 38.640469806556979, 0.0 ], [ -121.625832566403588, 38.640305865906043, 0.0 ], [ -121.625085441175074, 38.640268475978971, 0.0 ], [ -121.624693230433806, 38.640271018084874, 0.0 ], [ -121.624483516934106, 38.640268551758027, 0.0 ] ] ] ] } },
{ "type": "Feature", "properties": { "Name": "6-4", "FolderPath": null, "SymbolID": null, "AltMode": null, "Base": null, "Clamped": null, "Extruded": null, "Snippet": null, "PopupInfo": null, "Shape_Leng": null, "Shape_Area": null, "OBJECTID": null, "Type": null, "Owner": "Conaway Preservation Group", "Access": null, "Feature_ID": null, "layer": null, "path": null, "field_id": "6-4", "joined_Name": null }, "geometry": { "type": "MultiPolygon", "coordinates": [ [ [ [ -121.682560885541591, 38.651203972837308, 0.0 ], [ -121.682590596421335, 38.648060659507259, 0.0 ], [ -121.68269160928007, 38.647941819231619, 0.0 ], [ -121.683101607562264, 38.647918051012518, 0.0 ], [ -121.683576967264514, 38.647965587442833, 0.0 ], [ -121.683901521390155, 38.648037710073382, 0.0 ], [ -121.684868533539017, 38.648107734904244, 0.0 ], [ -121.685732278057742, 38.648157702886728, 0.0 ], [ -121.686867281452905, 38.648143427125682, 0.0 ], [ -121.687545426847379, 38.648143425722495, 0.0 ], [ -121.687995145038201, 38.648179118627688, 0.0 ], [ -121.687999855803568, 38.648181212143186, 0.0 ], [ -121.688092881741099, 38.648185440567232, 0.0 ], [ -121.688294910153573, 38.648316164485244, 0.0 ], [ -121.688318677779336, 38.648446888164806, 0.0 ], [ -121.688271142527782, 38.648761813752692, 0.0 ], [ -121.688217664022304, 38.649540214923839, 0.0 ], [ -121.688063172658048, 38.649575867143902, 0.0 ], [ -121.687694522031748, 38.649698749935389, 0.0 ], [ -121.687152817254159, 38.649963715259268, 0.0 ], [ -121.686881559276003, 38.650192143040144, 0.0 ], [ -121.686817311766902, 38.650234973299483, 0.0 ], [ -121.686731652912982, 38.650320633039847, 0.0 ], [ -121.686681683227008, 38.650413432437922, 0.0 ], [ -121.686617437514499, 38.650520509110727, 0.0 ], [ -121.68638203129936, 38.651252884230495, 0.0 ], [ -121.686292458485738, 38.651275277006967, 0.0 ], [ -121.683636386328985, 38.651263393451288, 0.0 ], [ -121.682615244396089, 38.65124474133718, 0.0 ], [ -121.682560885541591, 38.651203972837308, 0.0 ] ] ] ] } },
{ "type": "Feature", "properties": { "Name": "15-8", "FolderPath": null, "SymbolID": null, "AltMode": null, "Base": null, "Clamped": null, "Extruded": null, "Snippet": null, "PopupInfo": null, "Shape_Leng": null, "Shape_Area": null, "OBJECTID": null, "Type": null, "Owner": "Conaway Preservation Group", "Access": null, "Feature_ID": null, "layer": null, "path": null, "field_id": "15-8", "joined_Name": "15-8" }, "geometry": { "type": "MultiPolygon", "coordinates": [ [ [ [ -121.631739727811876, 38.618407092454483, 0.0 ], [ -121.636452219723765, 38.618391156455758, 0.0 ], [ -121.636529514364071, 38.618451377035662, 0.0 ], [ -121.636570160435724, 38.618544094169984, 0.0 ], [ -121.636518440831566, 38.621275348206986, 0.0 ], [ -121.636456886471649, 38.621331397417485, 0.0 ], [ -121.636233015523075, 38.621369148845112, 0.0 ], [ -121.631665230525343, 38.621367809027326, 0.0 ], [ -121.631600540146792, 38.621284115637081, 0.0 ], [ -121.631565884939775, 38.621196235647375, 0.0 ], [ -121.631480266510039, 38.618562718999407, 0.0 ], [ -121.631600537451845, 38.618436402610662, 0.0 ], [ -121.631739727811876, 38.618407092454483, 0.0 ] ] ] ] } },
{ "type": "Feature", "properties": { "Name": "15-6", "FolderPath": null, "SymbolID": null, "AltMode": null, "Base": null, "Clamped": null, "Extruded": null, "Snippet": null, "PopupInfo": null, "Shape_Leng": null, "Shape_Area": null, "OBJECTID": null, "Type": null, "Owner": "Conaway Preservation Group", "Access": null, "Feature_ID": null, "layer": null, "path": null, "field_id": "15-6", "joined_Name": "15-6" }, "geometry": { "type": "MultiPolygon", "coordinates": [ [ [ [ -121.631796707950329, 38.621440188627538, 0.0 ], [ -121.636364575593063, 38.621429660294638, 0.0 ], [ -121.636453662418106, 38.621501656626947, 0.0 ], [ -121.636487683414529, 38.621615584348135, 0.0 ], [ -121.636441061749622, 38.624077259589889, 0.0 ], [ -121.636394235268796, 38.624146163872332, 0.0 ], [ -121.636283850286688, 38.624197331821172, 0.0 ], [ -121.636021846752612, 38.624242670461818, 0.0 ], [ -121.635758250505503, 38.624310554849671, 0.0 ], [ -121.635100543580364, 38.62465057306607, 0.0 ], [ -121.63446226631649, 38.62491918986828, 0.0 ], [ -121.634164092117501, 38.624919050208476, 0.0 ], [ -121.63376714186478, 38.624847879826682, 0.0 ], [ -121.633207398916312, 38.62479167124657, 0.0 ], [ -121.632144878784786, 38.624732024456236, 0.0 ], [ -121.631739779914142, 38.624634452474801, 0.0 ], [ -121.631588740775527, 38.624547401921006, 0.0 ], [ -121.631553038132864, 38.624450198841771, 0.0 ], [ -121.631470164954663, 38.621924366746185, 0.0 ], [ -121.631503783505863, 38.62184901464888, 0.0 ], [ -121.631537400260399, 38.621773661770604, 0.0 ], [ -121.631588568299009, 38.621647252077373, 0.0 ], [ -121.631586024270106, 38.621579640991726, 0.0 ], [ -121.631601687295415, 38.621507441905514, 0.0 ], [ -121.631613168663065, 38.621478964686695, 0.0 ], [ -121.631633632285229, 38.621457745905303, 0.0 ], [ -121.631663099721479, 38.621442353810131, 0.0 ], [ -121.631796707950329, 38.621440188627538, 0.0 ] ] ] ] } },
{ "type": "Feature", "properties": { "Name": "4-1", "FolderPath": null, "SymbolID": null, "AltMode": null, "Base": null, "Clamped": null, "Extruded": null, "Snippet": null, "PopupInfo": null, "Shape_Leng": null, "Shape_Area": null, "OBJECTID": null, "Type": null, "Owner": "Conaway Preservation Group", "Access": null, "Feature_ID": null, "layer": null, "path": null, "field_id": "4-1", "joined_Name": "4-1" }, "geometry": { "type": "MultiPolygon", "coordinates": [ [ [ [ -121.641848348431495, 38.655190394032594, 0.0 ], [ -121.641928583257709, 38.655160092232052, 0.0 ], [ -121.654096951890637, 38.655369420274027, 0.0 ], [ -121.654247243630905, 38.655382147766296, 0.0 ], [ -121.65432193764849, 38.655470815735832, 0.0 ], [ -121.654339233810973, 38.65568120635406, 0.0 ], [ -121.654287492647228, 38.657936251471853, 0.0 ], [ -121.653819464994299, 38.657936252173343, 0.0 ], [ -121.653760045031532, 38.658031322931514, 0.0 ], [ -121.653736278304066, 38.658375958282377, 0.0 ], [ -121.653789755911248, 38.658613638392453, 0.0 ], [ -121.653878884957081, 38.658690884416238, 0.0 ], [ -121.653882055111737, 38.658690975608273, 0.0 ], [ -121.654086853928519, 38.658696827331937, 0.0 ], [ -121.65409430275885, 38.658699041194168, 0.0 ], [ -121.65426880140113, 38.658750918925406, 0.0 ], [ -121.654167677151264, 38.663157451837321, 0.0 ], [ -121.654139837462282, 38.663315791876208, 0.0 ], [ -121.654079821916454, 38.663352706831638, 0.0 ], [ -121.653997508388656, 38.663363680729233, 0.0 ], [ -121.653082235606931, 38.663360295620478, 0.0 ], [ -121.651999921098138, 38.663345442103463, 0.0 ], [ -121.647214045810642, 38.663311639398472, 0.0 ], [ -121.647098602415184, 38.663305535536303, 0.0 ], [ -121.647032075880176, 38.663285692018533, 0.0 ], [ -121.646984326829568, 38.66323745450125, 0.0 ], [ -121.646593023386771, 38.662539109512053, 0.0 ], [ -121.645975528646971, 38.661401765207202, 0.0 ], [ -121.644602594770717, 38.659253877386483, 0.0 ], [ -121.643031410796056, 38.656668146674484, 0.0 ], [ -121.642235005787668, 38.655712960052625, 0.0 ], [ -121.641846349679994, 38.655269401734422, 0.0 ], [ -121.641848348431495, 38.655190394032594, 0.0 ] ] ] ] } },
{ "type": "Feature", "properties": { "Name": "23-1", "FolderPath": null, "SymbolID": null, "AltMode": null, "Base": null, "Clamped": null, "Extruded": null, "Snippet": null, "PopupInfo": null, "Shape_Leng": null, "Shape_Area": null, "OBJECTID": null, "Type": null, "Owner": "Conaway Preservation Group", "Access": null, "Feature_ID": null, "layer": null, "path": null, "field_id": "22-2", "joined_Name": "23-1" }, "geometry": { "type": "MultiPolygon", "coordinates": [ [ [ [ -121.622429320509283, 38.615131583883212, 0.0 ], [ -121.622408092420812, 38.614932569327173, 0.0 ], [ -121.622148015773021, 38.612960103671966, 0.0 ], [ -121.622047113407049, 38.612198336927825, 0.0 ], [ -121.622021685694605, 38.612097895939279, 0.0 ], [ -121.621929784447772, 38.611977601996223, 0.0 ], [ -121.621824864815849, 38.611902453539393, 0.0 ], [ -121.62161715006765, 38.611799867019151, 0.0 ], [ -121.621403406725591, 38.611694824975253, 0.0 ], [ -121.621271463074976, 38.611602667557797, 0.0 ], [ -121.621184954414815, 38.611518199765314, 0.0 ], [ -121.621060823412208, 38.611335533217421, 0.0 ], [ -121.620875128168251, 38.611035311065613, 0.0 ], [ -121.620737269111473, 38.610776186628947, 0.0 ], [ -121.620664330401993, 38.610617963532135, 0.0 ], [ -121.620612932394693, 38.610445690566458, 0.0 ], [ -121.620568887996313, 38.610206743717384, 0.0 ], [ -121.62037872183717, 38.609017569722091, 0.0 ], [ -121.620317944519982, 38.608704802853723, 0.0 ], [ -121.620281786431519, 38.60837040342274, 0.0 ], [ -121.620344941589224, 38.608184124937807, 0.0 ], [ -121.620432863299357, 38.608038214350643, 0.0 ], [ -121.620401309076684, 38.607463411862199, 0.0 ], [ -121.620292360500741, 38.604262677376475, 0.0 ], [ -121.620337725422573, 38.60411626459917, 0.0 ], [ -121.620424234082734, 38.604043809251579, 0.0 ], [ -121.620577545959037, 38.604038939392616, 0.0 ], [ -121.626096771708461, 38.604070572760826, 0.0 ], [ -121.627711214055608, 38.604074555976617, 0.0 ], [ -121.629801482330649, 38.60405490174594, 0.0 ], [ -121.63004737278348, 38.604106382382305, 0.0 ], [ -121.630201508414871, 38.604204827509825, 0.0 ], [ -121.630311416391578, 38.6045608913441, 0.0 ], [ -121.630543992913573, 38.604909094479957, 0.0 ], [ -121.630677847280808, 38.60515805757705, 0.0 ], [ -121.630746697757459, 38.605447220467717, 0.0 ], [ -121.631196233590259, 38.606640728033831, 0.0 ], [ -121.631168586140731, 38.606769747480165, 0.0 ], [ -121.631132933803741, 38.606829167725408, 0.0 ], [ -121.631002210963587, 38.60684105162818, 0.0 ], [ -121.627668752488759, 38.606805399914045, 0.0 ], [ -121.627609333424289, 38.606751921958569, 0.0 ], [ -121.62753802875028, 38.606793516005368, 0.0 ], [ -121.627555854918796, 38.606882646325303, 0.0 ], [ -121.627460782618982, 38.608576114003775, 0.0 ], [ -121.627448898806108, 38.609063357387313, 0.0 ], [ -121.62740730591014, 38.609782339513558, 0.0 ], [ -121.62733600213447, 38.611844210430448, 0.0 ], [ -121.62733005888056, 38.612129425378292, 0.0 ], [ -121.627324118321567, 38.612224498647429, 0.0 ], [ -121.627205278396019, 38.614922163574462, 0.0 ], [ -121.627139915179299, 38.615058828714943, 0.0 ], [ -121.627032960863261, 38.615094481943231, 0.0 ], [ -121.626622961682756, 38.615094480539454, 0.0 ], [ -121.624305584930809, 38.615130133048119, 0.0 ], [ -121.622873565265053, 38.615153900909483, 0.0 ], [ -121.622522987843965, 38.615171727151292, 0.0 ], [ -121.622429320509283, 38.615131583883212, 0.0 ] ] ] ] } },
{ "type": "Feature", "properties": { "Name": "17-1", "FolderPath": null, "SymbolID": null, "AltMode": null, "Base": null, "Clamped": null, "Extruded": null, "Snippet": null, "PopupInfo": null, "Shape_Leng": null, "Shape_Area": null, "OBJECTID": null, "Type": null, "Owner": "Conaway Preservation Group", "Access": null, "Feature_ID": null, "layer": null, "path": null, "field_id": "17-1", "joined_Name": null }, "geometry": { "type": "MultiPolygon", "coordinates": [ [ [ [ -121.663653492191145, 38.632616456372162, 0.0 ], [ -121.658950130755827, 38.632586473435722, 0.0 ], [ -121.656761911978791, 38.632567328053703, 0.0 ], [ -121.656542028651771, 38.632540959725439, 0.0 ], [ -121.656353978923434, 38.632437468714826, 0.0 ], [ -121.656049379075242, 38.632064408903716, 0.0 ], [ -121.655457050638134, 38.631229071218741, 0.0 ], [ -121.655385418977374, 38.630995781626481, 0.0 ], [ -121.655407045019501, 38.62861772565563, 0.0 ], [ -121.655416841147684, 38.628093299517055, 0.0 ], [ -121.655479288432986, 38.628004607493374, 0.0 ], [ -121.655684743918229, 38.627989087676205, 0.0 ], [ -121.658276023288494, 38.627983072737322, 0.0 ], [ -121.66263765660662, 38.627985330357113, 0.0 ], [ -121.666581561639532, 38.627976705505439, 0.0 ], [ -121.672577249324092, 38.627961443234852, 0.0 ], [ -121.673375061094205, 38.627964533164196, 0.0 ], [ -121.673556733682346, 38.628002357593772, 0.0 ], [ -121.673600010021133, 38.628128021324557, 0.0 ], [ -121.673598930246158, 38.628598904134243, 0.0 ], [ -121.673536655437417, 38.629504220033091, 0.0 ], [ -121.673492337052878, 38.630672009577715, 0.0 ], [ -121.673460007584097, 38.631601507317136, 0.0 ], [ -121.673518151040852, 38.631745222647396, 0.0 ], [ -121.673606028733531, 38.631925039383816, 0.0 ], [ -121.673630926439955, 38.632223354497903, 0.0 ], [ -121.673618278160745, 38.632497402420064, 0.0 ], [ -121.673479982522764, 38.632579284883242, 0.0 ], [ -121.673299464269803, 38.632611450913139, 0.0 ], [ -121.67299296448472, 38.632615484472488, 0.0 ], [ -121.668228585882019, 38.632597103987031, 0.0 ], [ -121.663653492191145, 38.632616456372162, 0.0 ] ] ] ] } },
{ "type": "Feature", "properties": { "Name": "1-3", "FolderPath": null, "SymbolID": null, "AltMode": null, "Base": null, "Clamped": null, "Extruded": null, "Snippet": null, "PopupInfo": null, "Shape_Leng": null, "Shape_Area": null, "OBJECTID": null, "Type": null, "Owner": "Conaway Preservation Group", "Access": null, "Feature_ID": null, "layer": null, "path": null, "field_id": "1-3", "joined_Name": null }, "geometry": { "type": "MultiPolygon", "coordinates": [ [ [ [ -121.697796252573141, 38.647921784836235, 0.0 ], [ -121.709774686812267, 38.647888627324285, 0.0 ], [ -121.709803767972957, 38.64797639321359, 0.0 ], [ -121.709853203161359, 38.648125585226687, 0.0 ], [ -121.710185666054741, 38.648399177360844, 0.0 ], [ -121.710183886492189, 38.650071903176418, 0.0 ], [ -121.710146287505964, 38.651254290137004, 0.0 ], [ -121.697957690609485, 38.65129352151272, 0.0 ], [ -121.697594764048176, 38.651289480585909, 0.0 ], [ -121.69753772372259, 38.651206204469887, 0.0 ], [ -121.697405107233806, 38.648183720292543, 0.0 ], [ -121.697443884809687, 38.647982139172015, 0.0 ], [ -121.697561950387481, 38.647928359368279, 0.0 ], [ -121.697796252573141, 38.647921784836235, 0.0 ] ] ] ] } },
{ "type": "Feature", "properties": { "Name": "1-2", "FolderPath": null, "SymbolID": null, "AltMode": null, "Base": null, "Clamped": null, "Extruded": null, "Snippet": null, "PopupInfo": null, "Shape_Leng": null, "Shape_Area": null, "OBJECTID": null, "Type": null, "Owner": "Conaway Preservation Group", "Access": null, "Feature_ID": null, "layer": null, "path": null, "field_id": "1-2", "joined_Name": null }, "geometry": { "type": "MultiPolygon", "coordinates": [ [ [ [ -121.703459419872118, 38.65396550008861, 0.0 ], [ -121.703011598024901, 38.653960534002806, 0.0 ], [ -121.702818170981288, 38.653972162458004, 0.0 ], [ -121.702702405090619, 38.65406040634867, 0.0 ], [ -121.702656265820991, 38.65418385739725, 0.0 ], [ -121.702611739925615, 38.654217796997941, 0.0 ], [ -121.702453188176307, 38.654243584910311, 0.0 ], [ -121.697650189202889, 38.654183315822706, 0.0 ], [ -121.69750153868462, 38.654147226742829, 0.0 ], [ -121.697442566981167, 38.654008834591849, 0.0 ], [ -121.697515049346521, 38.651461527052675, 0.0 ], [ -121.697604349072265, 38.651379880133248, 0.0 ], [ -121.697674966535075, 38.651360006652475, 0.0 ], [ -121.703568299277805, 38.651335951230514, 0.0 ], [ -121.71014378479957, 38.651333022261895, 0.0 ], [ -121.710138570977676, 38.651496971360032, 0.0 ], [ -121.710049783291609, 38.654243825531971, 0.0 ], [ -121.709995709203071, 38.654320705865793, 0.0 ], [ -121.709909262526651, 38.654366238716925, 0.0 ], [ -121.709744434248449, 38.654374750956251, 0.0 ], [ -121.705990882224256, 38.654317786840501, 0.0 ], [ -121.703550044612939, 38.654271609962706, 0.0 ], [ -121.703553774418012, 38.654090507277438, 0.0 ], [ -121.703519893558749, 38.654021262775494, 0.0 ], [ -121.703459419872118, 38.65396550008861, 0.0 ] ] ] ] } },
{ "type": "Feature", "properties": { "Name": "13-1", "FolderPath": null, "SymbolID": null, "AltMode": null, "Base": null, "Clamped": null, "Extruded": null, "Snippet": null, "PopupInfo": null, "Shape_Leng": null, "Shape_Area": null, "OBJECTID": null, "Type": null, "Owner": "Conaway Preservation Group", "Access": null, "Feature_ID": null, "layer": null, "path": null, "field_id": "13-1", "joined_Name": null }, "geometry": { "type": "MultiPolygon", "coordinates": [ [ [ [ -121.706856352406632, 38.626305363712994, 0.0 ], [ -121.706942381366446, 38.626253861810333, 0.0 ], [ -121.709477109992918, 38.626262776710497, 0.0 ], [ -121.710412984737431, 38.626277864595735, 0.0 ], [ -121.710497305101541, 38.626321712011759, 0.0 ], [ -121.710574776709961, 38.626408400391647, 0.0 ], [ -121.710548801025212, 38.627519186164356, 0.0 ], [ -121.710460260375854, 38.63110416379282, 0.0 ], [ -121.710463802433011, 38.631924393081789, 0.0 ], [ -121.710420060766879, 38.631990670934684, 0.0 ], [ -121.710328289775788, 38.632023038627565, 0.0 ], [ -121.710187894774975, 38.632054870879685, 0.0 ], [ -121.710077803541964, 38.632091806154854, 0.0 ], [ -121.710045470479955, 38.632878259708143, 0.0 ], [ -121.706738659629707, 38.632856054158346, 0.0 ], [ -121.706737307665193, 38.631578067006323, 0.0 ], [ -121.706776197530473, 38.629413576043817, 0.0 ], [ -121.706825193442683, 38.626347936654291, 0.0 ], [ -121.706856352406632, 38.626305363712994, 0.0 ] ] ] ] } },
{ "type": "Feature", "properties": { "Name": "1-4", "FolderPath": null, "SymbolID": null, "AltMode": null, "Base": null, "Clamped": null, "Extruded": null, "Snippet": null, "PopupInfo": null, "Shape_Leng": null, "Shape_Area": null, "OBJECTID": null, "Type": null, "Owner": "Conaway Preservation Group", "Access": null, "Feature_ID": null, "layer": null, "path": null, "field_id": "1-4", "joined_Name": null }, "geometry": { "type": "MultiPolygon", "coordinates": [ [ [ [ -121.6869730104669, 38.65163913286159, 0.0 ], [ -121.687056263632485, 38.651575693396524, 0.0 ], [ -121.697269757171625, 38.651718509283974, 0.0 ], [ -121.69723814815174, 38.654092884736748, 0.0 ], [ -121.697219196394201, 38.654132013538835, 0.0 ], [ -121.697182068125187, 38.654167364625614, 0.0 ], [ -121.697115624235181, 38.654184506304638, 0.0 ], [ -121.686427806751283, 38.654022042167632, 0.0 ], [ -121.686218439102973, 38.653998232471189, 0.0 ], [ -121.686119165382593, 38.653939895173821, 0.0 ], [ -121.686138972336281, 38.653854284658536, 0.0 ], [ -121.686324768191568, 38.653670398664161, 0.0 ], [ -121.686854917939655, 38.653111281967512, 0.0 ], [ -121.68687537617194, 38.652989914027067, 0.0 ], [ -121.68686157715085, 38.652746564387307, 0.0 ], [ -121.686839179455859, 38.652474506983111, 0.0 ], [ -121.686797628780724, 38.652252304232093, 0.0 ], [ -121.686810925643542, 38.652023564519524, 0.0 ], [ -121.6869730104669, 38.65163913286159, 0.0 ] ] ] ] } },
{ "type": "Feature", "properties": { "Name": "36-2", "FolderPath": null, "SymbolID": null, "AltMode": null, "Base": null, "Clamped": null, "Extruded": null, "Snippet": null, "PopupInfo": null, "Shape_Leng": null, "Shape_Area": null, "OBJECTID": null, "Type": null, "Owner": "Conaway Preservation Group", "Access": null, "Feature_ID": null, "layer": null, "path": null, "field_id": "36-2", "joined_Name": null }, "geometry": { "type": "MultiPolygon", "coordinates": [ [ [ [ -121.694433990517027, 38.66980480329407, 0.0 ], [ -121.695916744335108, 38.669797504152037, 0.0 ], [ -121.700758349306156, 38.66988715793201, 0.0 ], [ -121.70136605151103, 38.669917749478664, 0.0 ], [ -121.701509729854195, 38.669961069420538, 0.0 ], [ -121.701565482893997, 38.670241838678898, 0.0 ], [ -121.701398910985816, 38.673148785516879, 0.0 ], [ -121.701382091828734, 38.67323800868845, 0.0 ], [ -121.701168806627464, 38.673259482856416, 0.0 ], [ -121.695732501666967, 38.673246662458432, 0.0 ], [ -121.694280518740641, 38.673230459519949, 0.0 ], [ -121.694213725406001, 38.673140303562342, 0.0 ], [ -121.694201120245935, 38.67299710748307, 0.0 ], [ -121.694203068691778, 38.672889838580531, 0.0 ], [ -121.694227281881965, 38.672812620496991, 0.0 ], [ -121.694167441507602, 38.672758306680244, 0.0 ], [ -121.694114877487067, 38.672721955541761, 0.0 ], [ -121.69407784174453, 38.672667896242764, 0.0 ], [ -121.694146234080392, 38.670159228450721, 0.0 ], [ -121.694171745336135, 38.670010496835559, 0.0 ], [ -121.694287286647992, 38.669928339423684, 0.0 ], [ -121.694433990517027, 38.66980480329407, 0.0 ] ] ] ] } },
{ "type": "Feature", "properties": { "Name": "3-3/3-4", "FolderPath": null, "SymbolID": null, "AltMode": null, "Base": null, "Clamped": null, "Extruded": null, "Snippet": null, "PopupInfo": null, "Shape_Leng": null, "Shape_Area": null, "OBJECTID": null, "Type": null, "Owner": "Conaway Preservation Group", "Access": null, "Feature_ID": null, "layer": null, "path": null, "field_id": "3-3/3-4", "joined_Name": null }, "geometry": { "type": "MultiPolygon", "coordinates": [ [ [ [ -121.634163001562712, 38.656878089729496, 0.0 ], [ -121.630806781575231, 38.653234665901728, 0.0 ], [ -121.630538087388899, 38.652902921757516, 0.0 ], [ -121.630256876975722, 38.65246442657984, 0.0 ], [ -121.626976745191101, 38.64732652935551, 0.0 ], [ -121.626978730467869, 38.647222482284519, 0.0 ], [ -121.627076305474034, 38.64716686304272, 0.0 ], [ -121.627462813709855, 38.647143016690066, 0.0 ], [ -121.628101890474341, 38.647159974128385, 0.0 ], [ -121.634362341317527, 38.647204854842663, 0.0 ], [ -121.634493760352044, 38.647272615757792, 0.0 ], [ -121.634886406776204, 38.647561026548935, 0.0 ], [ -121.636868295108826, 38.649930452054654, 0.0 ], [ -121.640050921955918, 38.653801588208403, 0.0 ], [ -121.640024538436009, 38.653879421687094, 0.0 ], [ -121.637947895807187, 38.655007813476963, 0.0 ], [ -121.637674470194284, 38.654975326383997, 0.0 ], [ -121.637549934949789, 38.654973874952091, 0.0 ], [ -121.637071698841993, 38.65523202312265, 0.0 ], [ -121.637206099384912, 38.655370334341363, 0.0 ], [ -121.634261520698274, 38.656937843757369, 0.0 ], [ -121.634163001562712, 38.656878089729496, 0.0 ] ] ] ] } },
{ "type": "Feature", "properties": { "Name": "39-4", "FolderPath": null, "SymbolID": null, "AltMode": null, "Base": null, "Clamped": null, "Extruded": null, "Snippet": null, "PopupInfo": null, "Shape_Leng": null, "Shape_Area": null, "OBJECTID": null, "Type": null, "Owner": "Conaway Preservation Group", "Access": null, "Feature_ID": null, "layer": null, "path": null, "field_id": "39-4", "joined_Name": null }, "geometry": { "type": "MultiPolygon", "coordinates": [ [ [ [ -121.675085858535368, 38.683974066055143, 0.0 ], [ -121.675097301275457, 38.683962622687751, 0.0 ], [ -121.679405686955107, 38.684027543209666, 0.0 ], [ -121.686844001612315, 38.684109995083638, 0.0 ], [ -121.686969845702151, 38.684461308900474, 0.0 ], [ -121.68701143949643, 38.684520728566916, 0.0 ], [ -121.687148104692184, 38.684621742657953, 0.0 ], [ -121.68727288607505, 38.684752466687847, 0.0 ], [ -121.687260786666485, 38.68539380216383, 0.0 ], [ -121.687207442908289, 38.686024214761055, 0.0 ], [ -121.687100527219783, 38.687948689330888, 0.0 ], [ -121.681194228194215, 38.687877954581928, 0.0 ], [ -121.675763245751767, 38.687818534898682, 0.0 ], [ -121.675668174350307, 38.687788824687885, 0.0 ], [ -121.675633360141475, 38.687771418289316, 0.0 ], [ -121.675173043626941, 38.685665606886324, 0.0 ], [ -121.675169057802051, 38.685551971713686, 0.0 ], [ -121.675305713116316, 38.685263477596884, 0.0 ], [ -121.675347306910609, 38.685138695922809, 0.0 ], [ -121.675377016891986, 38.684924784776705, 0.0 ], [ -121.675365133079097, 38.684776234603888, 0.0 ], [ -121.675347248520112, 38.684736175896283, 0.0 ], [ -121.675347306910609, 38.684734640920915, 0.0 ], [ -121.675085858535368, 38.683974066055143, 0.0 ] ] ] ] } },
{ "type": "Feature", "properties": { "Name": "6-3", "FolderPath": null, "SymbolID": null, "AltMode": null, "Base": null, "Clamped": null, "Extruded": null, "Snippet": null, "PopupInfo": null, "Shape_Leng": null, "Shape_Area": null, "OBJECTID": null, "Type": null, "Owner": "Conaway Preservation Group", "Access": null, "Feature_ID": null, "layer": null, "path": null, "field_id": "6-3", "joined_Name": null }, "geometry": { "type": "MultiPolygon", "coordinates": [ [ [ [ -121.675872794402338, 38.654691238018863, 0.0 ], [ -121.677866650989515, 38.654574123952344, 0.0 ], [ -121.677943958206271, 38.65469192340047, 0.0 ], [ -121.678609460711442, 38.658387843464091, 0.0 ], [ -121.678558130976114, 38.658439174266483, 0.0 ], [ -121.676240805428179, 38.658835025937421, 0.0 ], [ -121.676138456774609, 38.658809059398628, 0.0 ], [ -121.676076675140919, 38.65872773441383, 0.0 ], [ -121.676015070475373, 38.658532931890171, 0.0 ], [ -121.675285300698107, 38.655093820371313, 0.0 ], [ -121.675276949060915, 38.654858775396825, 0.0 ], [ -121.675355254305927, 38.654734488602671, 0.0 ], [ -121.675872794402338, 38.654691238018863, 0.0 ] ] ] ] } },
{ "type": "Feature", "properties": { "Name": "15-1", "FolderPath": null, "SymbolID": null, "AltMode": null, "Base": null, "Clamped": null, "Extruded": null, "Snippet": null, "PopupInfo": null, "Shape_Leng": null, "Shape_Area": null, "OBJECTID": null, "Type": null, "Owner": "Conaway Preservation Group", "Access": null, "Feature_ID": null, "layer": null, "path": null, "field_id": "15-1", "joined_Name": "15-1" }, "geometry": { "type": "MultiPolygon", "coordinates": [ [ [ [ -121.626278815300793, 38.625187705306089, 0.0 ], [ -121.626434178030877, 38.625104380611091, 0.0 ], [ -121.627306639801091, 38.624915625385526, 0.0 ], [ -121.628477846200539, 38.624660041192257, 0.0 ], [ -121.629903176112393, 38.624385819441223, 0.0 ], [ -121.630265445106915, 38.624361678467025, 0.0 ], [ -121.630554019908772, 38.624407631090094, 0.0 ], [ -121.63176568014039, 38.624917897839772, 0.0 ], [ -121.632183350035149, 38.624980160111598, 0.0 ], [ -121.632843377308674, 38.624994970351125, 0.0 ], [ -121.633953823458938, 38.625107283983112, 0.0 ], [ -121.634314884219421, 38.625146978126807, 0.0 ], [ -121.634523151431509, 38.625135217967077, 0.0 ], [ -121.634668154789708, 38.62512050600936, 0.0 ], [ -121.635051732721067, 38.624938533798741, 0.0 ], [ -121.635705575992205, 38.624626484115026, 0.0 ], [ -121.635943121994373, 38.624501531499533, 0.0 ], [ -121.6361909869442, 38.624473482873313, 0.0 ], [ -121.63638980387951, 38.624482896983373, 0.0 ], [ -121.636395188381314, 38.624504246810346, 0.0 ], [ -121.636387779076856, 38.624919733769453, 0.0 ], [ -121.636306003639888, 38.627951727816814, 0.0 ], [ -121.636339756938398, 38.628078256927516, 0.0 ], [ -121.636384190307282, 38.628127327969338, 0.0 ], [ -121.636503501848381, 38.628165715137548, 0.0 ], [ -121.636605286359938, 38.628247966067697, 0.0 ], [ -121.636503959090845, 38.63243841675795, 0.0 ], [ -121.6364176453651, 38.632524998798083, 0.0 ], [ -121.636362438500996, 38.632574025394263, 0.0 ], [ -121.630183940062864, 38.632605947223496, 0.0 ], [ -121.626601327555775, 38.632620706064856, 0.0 ], [ -121.626456754490576, 38.632611911249803, 0.0 ], [ -121.626349305202808, 38.632553884249482, 0.0 ], [ -121.626269803401854, 38.632453610007317, 0.0 ], [ -121.626180129976902, 38.628620873803747, 0.0 ], [ -121.626154034816238, 38.627799078945834, 0.0 ], [ -121.626139309632109, 38.625342250395931, 0.0 ], [ -121.626178120445644, 38.62525038351383, 0.0 ], [ -121.626278815300793, 38.625187705306089, 0.0 ] ] ] ] } },
{ "type": "Feature", "properties": { "Name": "19-1", "FolderPath": null, "SymbolID": null, "AltMode": null, "Base": null, "Clamped": null, "Extruded": null, "Snippet": null, "PopupInfo": null, "Shape_Leng": null, "Shape_Area": null, "OBJECTID": null, "Type": null, "Owner": "Conaway Preservation Group", "Access": null, "Feature_ID": null, "layer": null, "path": null, "field_id": "19-1", "joined_Name": null }, "geometry": { "type": "MultiPolygon", "coordinates": [ [ [ [ -121.681120695698311, 38.614748359555513, 0.0 ], [ -121.678965789147, 38.611230522783032, 0.0 ], [ -121.682160814541618, 38.611275736953715, 0.0 ], [ -121.684305233261995, 38.6147947815968, 0.0 ], [ -121.684054553890377, 38.61483191808523, 0.0 ], [ -121.681352805994678, 38.614785496769819, 0.0 ], [ -121.681120695698311, 38.614748359555513, 0.0 ] ] ] ] } },
{ "type": "Feature", "properties": { "Name": "24-2E", "FolderPath": null, "SymbolID": null, "AltMode": null, "Base": null, "Clamped": null, "Extruded": null, "Snippet": null, "PopupInfo": null, "Shape_Leng": null, "Shape_Area": null, "OBJECTID": null, "Type": null, "Owner": "Conaway Preservation Group", "Access": null, "Feature_ID": null, "layer": null, "path": null, "field_id": "24-2E", "joined_Name": null }, "geometry": { "type": "MultiPolygon", "coordinates": [ [ [ [ -121.695418728223075, 38.613896871215218, 0.0 ], [ -121.694124301712719, 38.613868317273472, 0.0 ], [ -121.693842307968652, 38.613868318677333, 0.0 ], [ -121.693641133854001, 38.613559281193908, 0.0 ], [ -121.693534790392363, 38.613432212660342, 0.0 ], [ -121.693047397756885, 38.613405696911201, 0.0 ], [ -121.692934570255503, 38.613394939274706, 0.0 ], [ -121.692934570255503, 38.612678586272395, 0.0 ], [ -121.69302023180434, 38.609233126967695, 0.0 ], [ -121.693077337706967, 38.609080841882651, 0.0 ], [ -121.69328672960981, 38.609014217144043, 0.0 ], [ -121.695098642317674, 38.609027705373393, 0.0 ], [ -121.696193719191726, 38.613894062147999, 0.0 ], [ -121.695418728223075, 38.613896871215218, 0.0 ] ] ] ] } },
{ "type": "Feature", "properties": { "Name": "18-6", "FolderPath": null, "SymbolID": null, "AltMode": null, "Base": null, "Clamped": null, "Extruded": null, "Snippet": null, "PopupInfo": null, "Shape_Leng": null, "Shape_Area": null, "OBJECTID": null, "Type": null, "Owner": "Conaway Preservation Group", "Access": null, "Feature_ID": null, "layer": null, "path": null, "field_id": "18-6", "joined_Name": null }, "geometry": { "type": "MultiPolygon", "coordinates": [ [ [ [ -121.695902782718974, 38.622259437117599, 0.0 ], [ -121.696016589383987, 38.619056810740148, 0.0 ], [ -121.696124701628435, 38.619079789807721, 0.0 ], [ -121.699589457865216, 38.622224240133825, 0.0 ], [ -121.699581785354383, 38.622245135844771, 0.0 ], [ -121.699552271205718, 38.622263881832254, 0.0 ], [ -121.699318221446646, 38.622298711737542, 0.0 ], [ -121.695902782718974, 38.622259437117599, 0.0 ] ] ] ] } },
{ "type": "Feature", "properties": { "Name": "20-1", "FolderPath": null, "SymbolID": null, "AltMode": null, "Base": null, "Clamped": null, "Extruded": null, "Snippet": null, "PopupInfo": null, "Shape_Leng": null, "Shape_Area": null, "OBJECTID": null, "Type": null, "Owner": "Conaway Preservation Group", "Access": null, "Feature_ID": null, "layer": null, "path": null, "field_id": "20-1", "joined_Name": null }, "geometry": { "type": "MultiPolygon", "coordinates": [ [ [ [ -121.658699007616448, 38.618127457801876, 0.0 ], [ -121.658635879408166, 38.617769122634208, 0.0 ], [ -121.658652535970162, 38.616816362622032, 0.0 ], [ -121.658722361118876, 38.614005510155827, 0.0 ], [ -121.658732935188098, 38.613682563357152, 0.0 ], [ -121.658736208648975, 38.613588421360845, 0.0 ], [ -121.658754315990166, 38.613513525176621, 0.0 ], [ -121.658781207058212, 38.613456611408523, 0.0 ], [ -121.65882769038258, 38.613408265940713, 0.0 ], [ -121.658876812058935, 38.613381410453023, 0.0 ], [ -121.658927121308139, 38.613372450432536, 0.0 ], [ -121.660588633579522, 38.613412940731855, 0.0 ], [ -121.661822044719131, 38.61343301706107, 0.0 ], [ -121.661821247015169, 38.613479856192107, 0.0 ], [ -121.673540565803847, 38.613678346234096, 0.0 ], [ -121.673863001702031, 38.613726118053307, 0.0 ], [ -121.673967909655872, 38.613770408332144, 0.0 ], [ -121.673876799824797, 38.617974111409353, 0.0 ], [ -121.673802388776565, 38.618071419423167, 0.0 ], [ -121.673731084102556, 38.6181070711541, 0.0 ], [ -121.673267609111491, 38.618089245641769, 0.0 ], [ -121.673148769185943, 38.618113013224551, 0.0 ], [ -121.673148769185943, 38.618196201456776, 0.0 ], [ -121.67313688537304, 38.618344751481168, 0.0 ], [ -121.673053040217681, 38.618395057459409, 0.0 ], [ -121.668962055819932, 38.618328986023613, 0.0 ], [ -121.658780931275416, 38.618181276811519, 0.0 ], [ -121.658699007616448, 38.618127457801876, 0.0 ] ] ] ] } },
{ "type": "Feature", "properties": { "Name": null, "FolderPath": null, "SymbolID": null, "AltMode": null, "Base": null, "Clamped": null, "Extruded": null, "Snippet": null, "PopupInfo": null, "Shape_Leng": null, "Shape_Area": null, "OBJECTID": null, "Type": null, "Owner": "Conaway Preservation Group", "Access": null, "Feature_ID": null, "layer": null, "path": null, "field_id": null, "joined_Name": null }, "geometry": { "type": "MultiPolygon", "coordinates": [ [ [ [ -121.701611287092021, 38.641478044401453, 0.0 ], [ -121.701871226297598, 38.641477541321358, 0.0 ], [ -121.701963865959556, 38.641473193221657, 0.0 ], [ -121.710216147688982, 38.641085824683174, 0.0 ], [ -121.710199324938657, 38.642137233466478, 0.0 ], [ -121.710094102574487, 38.642335537543808, 0.0 ], [ -121.709314393653941, 38.642133387780653, 0.0 ], [ -121.708830825146606, 38.641988734835763, 0.0 ], [ -121.70746820752305, 38.641856368056096, 0.0 ], [ -121.70714104828312, 38.641852751792243, 0.0 ], [ -121.705877830144047, 38.641912107892381, 0.0 ], [ -121.705159266849961, 38.641838163947448, 0.0 ], [ -121.703701072971782, 38.641822012840208, 0.0 ], [ -121.703491321742803, 38.641861845074722, 0.0 ], [ -121.702938951267882, 38.641942263040114, 0.0 ], [ -121.701825880240335, 38.642931704509095, 0.0 ], [ -121.70173617896765, 38.642944075677306, 0.0 ], [ -121.701555553815155, 38.642766511461332, 0.0 ], [ -121.701611287092021, 38.641478044401453, 0.0 ] ] ] ] } },
{ "type": "Feature", "properties": { "Name": "13-3", "FolderPath": null, "SymbolID": null, "AltMode": null, "Base": null, "Clamped": null, "Extruded": null, "Snippet": null, "PopupInfo": null, "Shape_Leng": null, "Shape_Area": null, "OBJECTID": null, "Type": null, "Owner": "Conaway Preservation Group", "Access": null, "Feature_ID": null, "layer": null, "path": null, "field_id": "13-3", "joined_Name": null }, "geometry": { "type": "MultiPolygon", "coordinates": [ [ [ [ -121.708413192082801, 38.621157246776349, 0.0 ], [ -121.709176877753634, 38.621154405708594, 0.0 ], [ -121.709358211676872, 38.621282457882586, 0.0 ], [ -121.709502806301629, 38.621326069726422, 0.0 ], [ -121.71057355949273, 38.621349881154508, 0.0 ], [ -121.710679903852721, 38.62139307115001, 0.0 ], [ -121.710747461653654, 38.62146584515974, 0.0 ], [ -121.710745743176531, 38.621561864769475, 0.0 ], [ -121.710718202626552, 38.624808887326417, 0.0 ], [ -121.710704454809445, 38.624929986481256, 0.0 ], [ -121.710667858343058, 38.625448012155211, 0.0 ], [ -121.710593373632975, 38.625903250533021, 0.0 ], [ -121.710565626470483, 38.625927430990743, 0.0 ], [ -121.710190906826114, 38.625935543074583, 0.0 ], [ -121.706211636917132, 38.625900923369713, 0.0 ], [ -121.702021853109486, 38.625896139911873, 0.0 ], [ -121.70191727214241, 38.625880673676861, 0.0 ], [ -121.701831181198841, 38.62585110759921, 0.0 ], [ -121.701795618693367, 38.625800644033326, 0.0 ], [ -121.701760507142168, 38.625725150034498, 0.0 ], [ -121.70175788406155, 38.625617827878322, 0.0 ], [ -121.701792619218651, 38.623944450574427, 0.0 ], [ -121.701753529029062, 38.623836725014733, 0.0 ], [ -121.701682213575282, 38.62374652302514, 0.0 ], [ -121.701605950200943, 38.623677723631744, 0.0 ], [ -121.701226020327923, 38.62334133694975, 0.0 ], [ -121.699562695256262, 38.621810243000859, 0.0 ], [ -121.699501162455931, 38.621761878598754, 0.0 ], [ -121.699486561239297, 38.621728932870937, 0.0 ], [ -121.69949105910392, 38.621690237658484, 0.0 ], [ -121.699518077732719, 38.621666694446183, 0.0 ], [ -121.706146585415809, 38.621290159211583, 0.0 ], [ -121.708413192082801, 38.621157246776349, 0.0 ] ] ] ] } },
{ "type": "Feature", "properties": { "Name": "1-5", "FolderPath": null, "SymbolID": null, "AltMode": null, "Base": null, "Clamped": null, "Extruded": null, "Snippet": null, "PopupInfo": null, "Shape_Leng": null, "Shape_Area": null, "OBJECTID": null, "Type": null, "Owner": "Conaway Preservation Group", "Access": null, "Feature_ID": null, "layer": null, "path": null, "field_id": "1-5", "joined_Name": null }, "geometry": { "type": "MultiPolygon", "coordinates": [ [ [ [ -121.68997160215666, 38.647930653543753, 0.0 ], [ -121.692666697129368, 38.647898220771154, 0.0 ], [ -121.697082607555231, 38.647908750128359, 0.0 ], [ -121.697158493637176, 38.647915556183939, 0.0 ], [ -121.697191609131821, 38.647975532372151, 0.0 ], [ -121.697239713016984, 38.649096672405662, 0.0 ], [ -121.697279525452046, 38.6508853165979, 0.0 ], [ -121.69725820663372, 38.651013232186038, 0.0 ], [ -121.697207729399594, 38.651072277627968, 0.0 ], [ -121.69710003846501, 38.65114260536933, 0.0 ], [ -121.696916998641044, 38.651176331736281, 0.0 ], [ -121.693302165361331, 38.651201568623172, 0.0 ], [ -121.692636489481288, 38.651191149893371, 0.0 ], [ -121.692466863301135, 38.651155873806943, 0.0 ], [ -121.692322423186596, 38.651073194556346, 0.0 ], [ -121.690025181273455, 38.649483146639689, 0.0 ], [ -121.690071627766912, 38.649362233483316, 0.0 ], [ -121.690059146574356, 38.649136575664656, 0.0 ], [ -121.690011674204825, 38.649010273849612, 0.0 ], [ -121.689849981046976, 38.648778605937935, 0.0 ], [ -121.68965142731804, 38.648556600793611, 0.0 ], [ -121.689560963375669, 38.648383090874432, 0.0 ], [ -121.6895945091633, 38.648210607648103, 0.0 ], [ -121.689649550737386, 38.64810989366886, 0.0 ], [ -121.689765494494495, 38.648003900845417, 0.0 ], [ -121.68997160215666, 38.647930653543753, 0.0 ] ] ] ] } },
{ "type": "Feature", "properties": { "Name": "36-2", "FolderPath": null, "SymbolID": null, "AltMode": null, "Base": null, "Clamped": null, "Extruded": null, "Snippet": null, "PopupInfo": null, "Shape_Leng": null, "Shape_Area": null, "OBJECTID": null, "Type": null, "Owner": "Conaway Preservation Group", "Access": null, "Feature_ID": null, "layer": null, "path": null, "field_id": "36-2", "joined_Name": null }, "geometry": { "type": "MultiPolygon", "coordinates": [ [ [ [ -121.70360116054924, 38.673256371735988, 0.0 ], [ -121.702948031438751, 38.673213365882205, 0.0 ], [ -121.70261321945091, 38.673227532849317, 0.0 ], [ -121.702338578417397, 38.673278132042938, 0.0 ], [ -121.701988454645516, 38.673298087810267, 0.0 ], [ -121.701501924392716, 38.673292686835069, 0.0 ], [ -121.701441539639305, 38.673268175197201, 0.0 ], [ -121.701611407466245, 38.670213737815956, 0.0 ], [ -121.701674050584302, 38.670113102465656, 0.0 ], [ -121.701781228580842, 38.670072567739609, 0.0 ], [ -121.708410449526255, 38.670116168133973, 0.0 ], [ -121.709368373419366, 38.670120783819577, 0.0 ], [ -121.709573191100787, 38.670146887231184, 0.0 ], [ -121.709655846886704, 38.67020144429862, 0.0 ], [ -121.709637989277155, 38.67204308897589, 0.0 ], [ -121.709568609692852, 38.672095969082683, 0.0 ], [ -121.709476423680059, 38.672148597367368, 0.0 ], [ -121.709445052713704, 38.6722018975019, 0.0 ], [ -121.709490022376841, 38.672238157028275, 0.0 ], [ -121.709572785960574, 38.67228675598642, 0.0 ], [ -121.709617650520812, 38.672328975489208, 0.0 ], [ -121.709616794426353, 38.672376651417906, 0.0 ], [ -121.709615403834306, 38.672454123857705, 0.0 ], [ -121.709535781659085, 38.672618654413803, 0.0 ], [ -121.709380744119144, 38.672783841045366, 0.0 ], [ -121.709253225569597, 38.673110269552183, 0.0 ], [ -121.709205473824071, 38.673228955156532, 0.0 ], [ -121.708717549385909, 38.673301056558046, 0.0 ], [ -121.708313785411804, 38.673344283279306, 0.0 ], [ -121.704877014391073, 38.673342035504476, 0.0 ], [ -121.70360116054924, 38.673256371735988, 0.0 ] ] ] ] } },
{ "type": "Feature", "properties": { "Name": "10-2", "FolderPath": null, "SymbolID": null, "AltMode": null, "Base": null, "Clamped": null, "Extruded": null, "Snippet": null, "PopupInfo": null, "Shape_Leng": null, "Shape_Area": null, "OBJECTID": null, "Type": null, "Owner": "Conaway Preservation Group", "Access": null, "Feature_ID": null, "layer": null, "path": null, "field_id": "10-2", "joined_Name": null }, "geometry": { "type": "MultiPolygon", "coordinates": [ [ [ [ -121.624483516934106, 38.640268551758027, 0.0 ], [ -121.624693230433806, 38.640271018084874, 0.0 ], [ -121.625085441175074, 38.640268475978971, 0.0 ], [ -121.625832566403588, 38.640305865906043, 0.0 ], [ -121.630663057417962, 38.640469806556979, 0.0 ], [ -121.631041388289759, 38.64119666490577, 0.0 ], [ -121.633155991027536, 38.644623726791949, 0.0 ], [ -121.634453015465681, 38.646765631614286, 0.0 ], [ -121.634498754985003, 38.646918757873522, 0.0 ], [ -121.634302408416715, 38.647011834597023, 0.0 ], [ -121.631788733605561, 38.647018626004382, 0.0 ], [ -121.63170571759521, 38.647026788320964, 0.0 ], [ -121.631550831870527, 38.647017822681946, 0.0 ], [ -121.62796658353129, 38.647004443328058, 0.0 ], [ -121.627620478821996, 38.646978925027533, 0.0 ], [ -121.627505071359153, 38.64681305725577, 0.0 ], [ -121.627305846588698, 38.646259956575435, 0.0 ], [ -121.626832302381629, 38.644788082041721, 0.0 ], [ -121.626555798242237, 38.643983728194854, 0.0 ], [ -121.626506140271644, 38.643718493083426, 0.0 ], [ -121.626366390261182, 38.643394977059337, 0.0 ], [ -121.62597774672993, 38.642732358752241, 0.0 ], [ -121.625253141367239, 38.641515028146358, 0.0 ], [ -121.624688856536707, 38.640499854958314, 0.0 ], [ -121.624483516934106, 38.640268551758027, 0.0 ] ] ] ] } },
{ "type": "Feature", "properties": { "Name": "31-3", "FolderPath": null, "SymbolID": null, "AltMode": null, "Base": null, "Clamped": null, "Extruded": null, "Snippet": null, "PopupInfo": null, "Shape_Leng": null, "Shape_Area": null, "OBJECTID": null, "Type": null, "Owner": "Conaway Preservation Group", "Access": null, "Feature_ID": null, "layer": null, "path": null, "field_id": "31-3", "joined_Name": null }, "geometry": { "type": "MultiPolygon", "coordinates": [ [ [ [ -121.67909071875188, 38.666069775710362, 0.0 ], [ -121.681851423977974, 38.665606191761135, 0.0 ], [ -121.682049164731566, 38.665602459560581, 0.0 ], [ -121.682291526601986, 38.665652876867213, 0.0 ], [ -121.682481883203963, 38.665637138647234, 0.0 ], [ -121.682741523270522, 38.66557449645731, 0.0 ], [ -121.682954307211872, 38.665413571801665, 0.0 ], [ -121.684363579738005, 38.665179086753355, 0.0 ], [ -121.684894710446372, 38.665070615134411, 0.0 ], [ -121.685140986276451, 38.665073385723026, 0.0 ], [ -121.685257471717662, 38.665189139414956, 0.0 ], [ -121.685192271096042, 38.667756250636181, 0.0 ], [ -121.685139548972018, 38.669142105919285, 0.0 ], [ -121.68512682433601, 38.669422111789501, 0.0 ], [ -121.685048083408091, 38.669570242850895, 0.0 ], [ -121.684826873269387, 38.669609479624768, 0.0 ], [ -121.683926504436528, 38.66978412975417, 0.0 ], [ -121.680341499715809, 38.670411321029491, 0.0 ], [ -121.678701774284988, 38.670684877140509, 0.0 ], [ -121.675263532722155, 38.671182436917896, 0.0 ], [ -121.672413222343096, 38.671543515288015, 0.0 ], [ -121.672216128376505, 38.671511474040599, 0.0 ], [ -121.672037209124724, 38.671318703045408, 0.0 ], [ -121.67187911282123, 38.670822175212031, 0.0 ], [ -121.671913594653418, 38.670602024051362, 0.0 ], [ -121.67209680336066, 38.670562379629324, 0.0 ], [ -121.672120270050826, 38.670526881633954, 0.0 ], [ -121.672145057264487, 38.670419870638135, 0.0 ], [ -121.672079614097726, 38.670258191684383, 0.0 ], [ -121.671920311356814, 38.670238500185278, 0.0 ], [ -121.671776429994395, 38.670207062930054, 0.0 ], [ -121.671739193029239, 38.670164915819214, 0.0 ], [ -121.671431820980033, 38.66869510844365, 0.0 ], [ -121.671237708521858, 38.667679595842174, 0.0 ], [ -121.671279129839618, 38.667495288035539, 0.0 ], [ -121.67137926863758, 38.667424896391069, 0.0 ], [ -121.671769799529272, 38.667274356514994, 0.0 ], [ -121.67235014174554, 38.667137891910428, 0.0 ], [ -121.67402770241948, 38.666870813678209, 0.0 ], [ -121.67909071875188, 38.666069775710362, 0.0 ] ] ] ] } },
{ "type": "Feature", "properties": { "Name": "31-3", "FolderPath": null, "SymbolID": null, "AltMode": null, "Base": null, "Clamped": null, "Extruded": null, "Snippet": null, "PopupInfo": null, "Shape_Leng": null, "Shape_Area": null, "OBJECTID": null, "Type": null, "Owner": "Conaway Preservation Group", "Access": null, "Feature_ID": null, "layer": null, "path": null, "field_id": "31-3", "joined_Name": null }, "geometry": { "type": "MultiPolygon", "coordinates": [ [ [ [ -121.684817284652041, 38.659744503332526, 0.0 ], [ -121.685129562400988, 38.659712251275025, 0.0 ], [ -121.685333250900101, 38.659797988769149, 0.0 ], [ -121.685342241239468, 38.660137847774251, 0.0 ], [ -121.685296064240575, 38.662247397006709, 0.0 ], [ -121.685240182741722, 38.664887336604423, 0.0 ], [ -121.684821033321725, 38.664942230150849, 0.0 ], [ -121.682403513280235, 38.665350144535999, 0.0 ], [ -121.679650423072815, 38.665813829041397, 0.0 ], [ -121.675311743506811, 38.666503884503996, 0.0 ], [ -121.671323856059303, 38.667132195884712, 0.0 ], [ -121.671157949802719, 38.667058783674875, 0.0 ], [ -121.670874838554425, 38.665511761626398, 0.0 ], [ -121.67065265104867, 38.664370754714511, 0.0 ], [ -121.670325496300293, 38.662739780589931, 0.0 ], [ -121.670296641515066, 38.662244718197734, 0.0 ], [ -121.670373420522367, 38.662203867576487, 0.0 ], [ -121.670663349085387, 38.662147557119418, 0.0 ], [ -121.671311727006312, 38.662029750993966, 0.0 ], [ -121.671708176897411, 38.661968688108786, 0.0 ], [ -121.672012867475487, 38.661936384444502, 0.0 ], [ -121.674393089466363, 38.661486536886521, 0.0 ], [ -121.675917729031198, 38.66125942176356, 0.0 ], [ -121.676481605128274, 38.661188314819988, 0.0 ], [ -121.676802039580039, 38.661126374400517, 0.0 ], [ -121.681385675350938, 38.660325772313627, 0.0 ], [ -121.684817284652041, 38.659744503332526, 0.0 ] ] ] ] } },
{ "type": "Feature", "properties": { "Name": "31-4", "FolderPath": null, "SymbolID": null, "AltMode": null, "Base": null, "Clamped": null, "Extruded": null, "Snippet": null, "PopupInfo": null, "Shape_Leng": null, "Shape_Area": null, "OBJECTID": null, "Type": null, "Owner": "Conaway Preservation Group", "Access": null, "Feature_ID": null, "layer": null, "path": null, "field_id": "31-4", "joined_Name": null }, "geometry": { "type": "MultiPolygon", "coordinates": [ [ [ [ -121.679645317947035, 38.65830931901499, 0.0 ], [ -121.681008859038712, 38.658074356844651, 0.0 ], [ -121.681058891606781, 38.65808207386273, 0.0 ], [ -121.681126309270539, 38.658136480184808, 0.0 ], [ -121.681169223588299, 38.658283596401105, 0.0 ], [ -121.681156634597883, 38.659467239542174, 0.0 ], [ -121.681054996511705, 38.659537621472602, 0.0 ], [ -121.680863398437992, 38.65953903633563, 0.0 ], [ -121.680808279608797, 38.659559873469945, 0.0 ], [ -121.680827210705104, 38.659771094539018, 0.0 ], [ -121.68080552537414, 38.660207168434383, 0.0 ], [ -121.680730920289804, 38.660295736435216, 0.0 ], [ -121.680529279051257, 38.660347107256456, 0.0 ], [ -121.679271043867061, 38.660558218680578, 0.0 ], [ -121.677317123682471, 38.660897352981593, 0.0 ], [ -121.676649137335502, 38.66100781674016, 0.0 ], [ -121.676558323948498, 38.660985330906769, 0.0 ], [ -121.676491958211926, 38.660873711815618, 0.0 ], [ -121.676119069334121, 38.659077720761545, 0.0 ], [ -121.676134921903952, 38.658959878721433, 0.0 ], [ -121.676236038967261, 38.658918106592587, 0.0 ], [ -121.676670974481752, 38.658830042652319, 0.0 ], [ -121.678222421571306, 38.658547169104011, 0.0 ], [ -121.679645317947035, 38.65830931901499, 0.0 ] ] ] ] } },
{ "type": "Feature", "properties": { "Name": "24-2W", "FolderPath": null, "SymbolID": null, "AltMode": null, "Base": null, "Clamped": null, "Extruded": null, "Snippet": null, "PopupInfo": null, "Shape_Leng": null, "Shape_Area": null, "OBJECTID": null, "Type": null, "Owner": "Conaway Preservation Group", "Access": null, "Feature_ID": null, "layer": null, "path": null, "field_id": "24-2W", "joined_Name": null }, "geometry": { "type": "MultiPolygon", "coordinates": [ [ [ [ -121.69804572191407, 38.609051474554597, 0.0 ], [ -121.698044630460984, 38.609047109746996, 0.0 ], [ -121.70116750766357, 38.609061805346812, 0.0 ], [ -121.702005077969844, 38.612031372975004, 0.0 ], [ -121.702495866237129, 38.613903637683528, 0.0 ], [ -121.69910946914429, 38.61389124746534, 0.0 ], [ -121.699061801840372, 38.613787242407234, 0.0 ], [ -121.69804572191407, 38.609051474554597, 0.0 ] ] ] ] } },
{ "type": "Feature", "properties": { "Name": "17-3", "FolderPath": null, "SymbolID": null, "AltMode": null, "Base": null, "Clamped": null, "Extruded": null, "Snippet": null, "PopupInfo": null, "Shape_Leng": null, "Shape_Area": null, "OBJECTID": null, "Type": null, "Owner": "Conaway Preservation Group", "Access": null, "Feature_ID": null, "layer": null, "path": null, "field_id": "17-3", "joined_Name": null }, "geometry": { "type": "MultiPolygon", "coordinates": [ [ [ [ -121.655814811886529, 38.622977060196668, 0.0 ], [ -121.655653655022903, 38.622949356974999, 0.0 ], [ -121.655595997554698, 38.622911458995397, 0.0 ], [ -121.655562555073303, 38.62273845687475, 0.0 ], [ -121.655591987475276, 38.621162220750165, 0.0 ], [ -121.655670294516895, 38.618567686134448, 0.0 ], [ -121.655723341831049, 38.618476233802241, 0.0 ], [ -121.655818990849255, 38.618431714811308, 0.0 ], [ -121.65597361965574, 38.618398966885344, 0.0 ], [ -121.658289443220511, 38.618494595447721, 0.0 ], [ -121.658620161585645, 38.618458111490142, 0.0 ], [ -121.658980317742603, 38.618416208363527, 0.0 ], [ -121.659237067030602, 38.618413396665794, 0.0 ], [ -121.662052476962558, 38.618462890530978, 0.0 ], [ -121.673549679212385, 38.618616828256542, 0.0 ], [ -121.673702606609737, 38.618676100421865, 0.0 ], [ -121.673817809256718, 38.61879248565986, 0.0 ], [ -121.67386000402395, 38.61889077938838, 0.0 ], [ -121.673768900481065, 38.622244291538266, 0.0 ], [ -121.67374285203276, 38.622812196639117, 0.0 ], [ -121.673708660356453, 38.622876540957321, 0.0 ], [ -121.673636367535622, 38.622918876611124, 0.0 ], [ -121.673426075520865, 38.622937654004687, 0.0 ], [ -121.672678360997509, 38.622964110785922, 0.0 ], [ -121.669394394304945, 38.622957013909854, 0.0 ], [ -121.662875410119611, 38.622973310335027, 0.0 ], [ -121.662313647758353, 38.622959488552446, 0.0 ], [ -121.655814811886529, 38.622977060196668, 0.0 ] ] ] ] } },
{ "type": "Feature", "properties": { "Name": "18-3", "FolderPath": null, "SymbolID": null, "AltMode": null, "Base": null, "Clamped": null, "Extruded": null, "Snippet": null, "PopupInfo": null, "Shape_Leng": null, "Shape_Area": null, "OBJECTID": null, "Type": null, "Owner": "Conaway Preservation Group", "Access": null, "Feature_ID": null, "layer": null, "path": null, "field_id": "18-3", "joined_Name": null }, "geometry": { "type": "MultiPolygon", "coordinates": [ [ [ [ -121.674267080086508, 38.62176717186734, 0.0 ], [ -121.674388526923039, 38.618795988682592, 0.0 ], [ -121.675293828405117, 38.618790400410205, 0.0 ], [ -121.675293828405117, 38.618531165014922, 0.0 ], [ -121.680683341919092, 38.618601154101874, 0.0 ], [ -121.680678345489511, 38.618626587051438, 0.0 ], [ -121.687568409345644, 38.618729695123797, 0.0 ], [ -121.689804799381434, 38.618768424219517, 0.0 ], [ -121.691988324461093, 38.618801296909297, 0.0 ], [ -121.692363926251048, 38.618918536115928, 0.0 ], [ -121.692663641959072, 38.61893968125073, 0.0 ], [ -121.695455104602189, 38.61897084201042, 0.0 ], [ -121.695788338250082, 38.618969594092334, 0.0 ], [ -121.69586290380856, 38.618980438626046, 0.0 ], [ -121.695911817075768, 38.618998150916532, 0.0 ], [ -121.69592142635436, 38.619036586487489, 0.0 ], [ -121.695789532111107, 38.622205131287565, 0.0 ], [ -121.695684669971342, 38.622256955432569, 0.0 ], [ -121.69547622758779, 38.622258822311018, 0.0 ], [ -121.692824718872671, 38.622216564171168, 0.0 ], [ -121.683859506286012, 38.62209594610443, 0.0 ], [ -121.674484368180686, 38.621990098690191, 0.0 ], [ -121.674349719702747, 38.621953808814027, 0.0 ], [ -121.674297331752015, 38.621877246779427, 0.0 ], [ -121.674267080086508, 38.62176717186734, 0.0 ] ] ] ] } },
{ "type": "Feature", "properties": { "Name": "13-2E", "FolderPath": null, "SymbolID": null, "AltMode": null, "Base": null, "Clamped": null, "Extruded": null, "Snippet": null, "PopupInfo": null, "Shape_Leng": null, "Shape_Area": null, "OBJECTID": null, "Type": null, "Owner": "Conaway Preservation Group", "Access": null, "Feature_ID": null, "layer": null, "path": null, "field_id": "13-2E", "joined_Name": null }, "geometry": { "type": "MultiPolygon", "coordinates": [ [ [ [ -121.691063238483153, 38.625917799512919, 0.0 ], [ -121.691012956183457, 38.629909306021617, 0.0 ], [ -121.690961505175565, 38.632755325616962, 0.0 ], [ -121.690816829702428, 38.632754875105498, 0.0 ], [ -121.687129099934026, 38.632733781761949, 0.0 ], [ -121.684777730033431, 38.632733956493063, 0.0 ], [ -121.684625103571719, 38.632677729534279, 0.0 ], [ -121.684345904486463, 38.632466748576022, 0.0 ], [ -121.683906321987052, 38.631903884042998, 0.0 ], [ -121.683551067936577, 38.631093079691247, 0.0 ], [ -121.683168570678504, 38.630360111862849, 0.0 ], [ -121.683093909000263, 38.629918030992343, 0.0 ], [ -121.683148523874607, 38.628449464447414, 0.0 ], [ -121.683232872984831, 38.62587662500087, 0.0 ], [ -121.683307333440411, 38.62578768039468, 0.0 ], [ -121.683422659156605, 38.625740005035325, 0.0 ], [ -121.683554619875196, 38.625715190087071, 0.0 ], [ -121.688749242989985, 38.62576264720316, 0.0 ], [ -121.690774607985745, 38.625769006911895, 0.0 ], [ -121.690981772066692, 38.625820298623047, 0.0 ], [ -121.691056771511441, 38.625891875784646, 0.0 ], [ -121.691063238483153, 38.625917799512919, 0.0 ] ] ] ] } },
{ "type": "Feature", "properties": { "Name": "13-5", "FolderPath": null, "SymbolID": null, "AltMode": null, "Base": null, "Clamped": null, "Extruded": null, "Snippet": null, "PopupInfo": null, "Shape_Leng": null, "Shape_Area": null, "OBJECTID": null, "Type": null, "Owner": "Conaway Preservation Group", "Access": null, "Feature_ID": null, "layer": null, "path": null, "field_id": "13-5", "joined_Name": null }, "geometry": { "type": "MultiPolygon", "coordinates": [ [ [ [ -121.696464051905124, 38.618820547035988, 0.0 ], [ -121.69651797777162, 38.618796350846438, 0.0 ], [ -121.698073761029022, 38.618809858292735, 0.0 ], [ -121.704115040909215, 38.618836875985131, 0.0 ], [ -121.709186027094816, 38.618875769961704, 0.0 ], [ -121.709234301659848, 38.618895376616884, 0.0 ], [ -121.709260459702605, 38.618928090626611, 0.0 ], [ -121.709299429517941, 38.619012881676817, 0.0 ], [ -121.709257247327159, 38.620939205026737, 0.0 ], [ -121.709217386383045, 38.621028800643181, 0.0 ], [ -121.709163191021958, 38.621064219295029, 0.0 ], [ -121.708971733085448, 38.621074109703905, 0.0 ], [ -121.706873224564305, 38.621188989805376, 0.0 ], [ -121.6994515251466, 38.62161092553206, 0.0 ], [ -121.699329778272784, 38.621573556734859, 0.0 ], [ -121.699216768413379, 38.621476261894514, 0.0 ], [ -121.69645385512834, 38.618984506641787, 0.0 ], [ -121.696425621977269, 38.618928840922003, 0.0 ], [ -121.696431554451394, 38.618869776718185, 0.0 ], [ -121.696464051905124, 38.618820547035988, 0.0 ] ] ] ] } },
{ "type": "Feature", "properties": { "Name": "24-2W", "FolderPath": null, "SymbolID": null, "AltMode": null, "Base": null, "Clamped": null, "Extruded": null, "Snippet": null, "PopupInfo": null, "Shape_Leng": null, "Shape_Area": null, "OBJECTID": null, "Type": null, "Owner": "Conaway Preservation Group", "Access": null, "Feature_ID": null, "layer": null, "path": null, "field_id": "24-2W", "joined_Name": null }, "geometry": { "type": "MultiPolygon", "coordinates": [ [ [ [ -121.706973393006692, 38.61393494171601, 0.0 ], [ -121.706640268953237, 38.612697622550485, 0.0 ], [ -121.705678965598054, 38.609099877009498, 0.0 ], [ -121.706878213807371, 38.609080841180692, 0.0 ], [ -121.710713905984548, 38.609128430041252, 0.0 ], [ -121.710866191984749, 38.609147465155466, 0.0 ], [ -121.710980406484936, 38.609233125563819, 0.0 ], [ -121.710951851737008, 38.610422856844359, 0.0 ], [ -121.710926334193033, 38.61274500334747, 0.0 ], [ -121.710883607623188, 38.613043554082559, 0.0 ], [ -121.710803631511737, 38.613602383929262, 0.0 ], [ -121.710708900571774, 38.613782270027748, 0.0 ], [ -121.710408194920319, 38.613906257233111, 0.0 ], [ -121.710294364000745, 38.613953190111772, 0.0 ], [ -121.706973393006692, 38.61393494171601, 0.0 ] ] ] ] } },
{ "type": "Feature", "properties": { "Name": "10-1", "FolderPath": null, "SymbolID": null, "AltMode": null, "Base": null, "Clamped": null, "Extruded": null, "Snippet": null, "PopupInfo": null, "Shape_Leng": null, "Shape_Area": null, "OBJECTID": null, "Type": null, "Owner": "Conaway Preservation Group", "Access": null, "Feature_ID": null, "layer": null, "path": null, "field_id": "10-1", "joined_Name": "10-1" }, "geometry": { "type": "MultiPolygon", "coordinates": [ [ [ [ -121.634591320985137, 38.646689071519127, 0.0 ], [ -121.630887971310599, 38.640649912241059, 0.0 ], [ -121.630880546734758, 38.640564677368651, 0.0 ], [ -121.630943444974335, 38.640536470839123, 0.0 ], [ -121.631093750189351, 38.640535442212752, 0.0 ], [ -121.633724713535599, 38.64055468510157, 0.0 ], [ -121.634249018844457, 38.640664742398272, 0.0 ], [ -121.63437565255343, 38.640666220081243, 0.0 ], [ -121.634552609884622, 38.640636212445607, 0.0 ], [ -121.634707860325264, 38.640559971369548, 0.0 ], [ -121.634915636158908, 38.640514944057443, 0.0 ], [ -121.636114927487398, 38.640514628312538, 0.0 ], [ -121.636314189987075, 38.640546580285132, 0.0 ], [ -121.636338635840929, 38.640688778950029, 0.0 ], [ -121.636325935459439, 38.641110738155554, 0.0 ], [ -121.636173123046447, 38.646785520401401, 0.0 ], [ -121.636098650912786, 38.646884049376993, 0.0 ], [ -121.635989424757355, 38.64691825342846, 0.0 ], [ -121.634917220787045, 38.646920263491282, 0.0 ], [ -121.634786565320582, 38.646889914693851, 0.0 ], [ -121.634715140272348, 38.646839411914677, 0.0 ], [ -121.634591320985137, 38.646689071519127, 0.0 ] ] ] ] } },
{ "type": "Feature", "properties": { "Name": "3-1/3-2", "FolderPath": null, "SymbolID": null, "AltMode": null, "Base": null, "Clamped": null, "Extruded": null, "Snippet": null, "PopupInfo": null, "Shape_Leng": null, "Shape_Area": null, "OBJECTID": null, "Type": null, "Owner": "Conaway Preservation Group", "Access": null, "Feature_ID": null, "layer": null, "path": null, "field_id": "3-1/3-2", "joined_Name": null }, "geometry": { "type": "MultiPolygon", "coordinates": [ [ [ [ -121.637456104121753, 38.66044217271012, 0.0 ], [ -121.634464878617322, 38.657200037369009, 0.0 ], [ -121.634371067552209, 38.65705702757365, 0.0 ], [ -121.634432999204549, 38.656972601398394, 0.0 ], [ -121.638538269510221, 38.65477345500414, 0.0 ], [ -121.640898745632853, 38.657353031894353, 0.0 ], [ -121.641213897990738, 38.657197041296897, 0.0 ], [ -121.640921568230979, 38.656863695048955, 0.0 ], [ -121.640648035718527, 38.65697227239766, 0.0 ], [ -121.638605606325626, 38.654737380953414, 0.0 ], [ -121.638650545446012, 38.654713304918566, 0.0 ], [ -121.640064318531728, 38.653963418668027, 0.0 ], [ -121.640197544078291, 38.653936583981164, 0.0 ], [ -121.641930564042937, 38.656085428166925, 0.0 ], [ -121.642449194694123, 38.65673479167782, 0.0 ], [ -121.643129760149989, 38.657755007933673, 0.0 ], [ -121.64314021743823, 38.657840277775428, 0.0 ], [ -121.643459156195007, 38.658336142944485, 0.0 ], [ -121.645451134404922, 38.661481332829183, 0.0 ], [ -121.646278822344783, 38.663023587321618, 0.0 ], [ -121.646241561125123, 38.663079920237209, 0.0 ], [ -121.646176212281446, 38.663156366018079, 0.0 ], [ -121.646060140065273, 38.663183634243836, 0.0 ], [ -121.64005847768577, 38.663118765660478, 0.0 ], [ -121.639937135952124, 38.663103050030884, 0.0 ], [ -121.639834931927297, 38.66303396785586, 0.0 ], [ -121.63971518470332, 38.662985270027491, 0.0 ], [ -121.639620641511229, 38.662880100954702, 0.0 ], [ -121.63930983699936, 38.662725110720949, 0.0 ], [ -121.639167394737981, 38.662600461605194, 0.0 ], [ -121.637488350945517, 38.660783337576795, 0.0 ], [ -121.637406772239601, 38.660631013958465, 0.0 ], [ -121.637421166843723, 38.660508189902835, 0.0 ], [ -121.637456104121753, 38.66044217271012, 0.0 ] ] ] ] } },
{ "type": "Feature", "properties": { "Name": "39-3", "FolderPath": null, "SymbolID": null, "AltMode": null, "Base": null, "Clamped": null, "Extruded": null, "Snippet": null, "PopupInfo": null, "Shape_Leng": null, "Shape_Area": null, "OBJECTID": null, "Type": null, "Owner": "Conaway Preservation Group", "Access": null, "Feature_ID": null, "layer": null, "path": null, "field_id": "39-3", "joined_Name": null }, "geometry": { "type": "MultiPolygon", "coordinates": [ [ [ [ -121.687344190749059, 38.684883191180099, 0.0 ], [ -121.687421437778639, 38.684663337107708, 0.0 ], [ -121.687831225855035, 38.684696450948216, 0.0 ], [ -121.68839970402135, 38.68474238872443, 0.0 ], [ -121.688456660803638, 38.684763102121252, 0.0 ], [ -121.69116380847251, 38.68504627389882, 0.0 ], [ -121.691478809913392, 38.685218094818204, 0.0 ], [ -121.691526165501884, 38.685322273916995, 0.0 ], [ -121.691478576351429, 38.686880819836098, 0.0 ], [ -121.69145328967447, 38.688202937816911, 0.0 ], [ -121.687205590582167, 38.688000942041683, 0.0 ], [ -121.687159988505101, 38.687818534898675, 0.0 ], [ -121.687290712243524, 38.685703186286766, 0.0 ], [ -121.687339792597413, 38.684950641570097, 0.0 ], [ -121.687344190749059, 38.684883191180099, 0.0 ] ] ] ] } },
{ "type": "Feature", "properties": { "Name": "6-2", "FolderPath": null, "SymbolID": null, "AltMode": null, "Base": null, "Clamped": null, "Extruded": null, "Snippet": null, "PopupInfo": null, "Shape_Leng": null, "Shape_Area": null, "OBJECTID": null, "Type": null, "Owner": "Conaway Preservation Group", "Access": null, "Feature_ID": null, "layer": null, "path": null, "field_id": "6-2", "joined_Name": null }, "geometry": { "type": "MultiPolygon", "coordinates": [ [ [ [ -121.671675154827568, 38.657763933647303, 0.0 ], [ -121.669429080054684, 38.657674804131702, 0.0 ], [ -121.66924428132937, 38.657690203880378, 0.0 ], [ -121.668944006869253, 38.656133317645825, 0.0 ], [ -121.668497987042471, 38.653644198047729, 0.0 ], [ -121.668457892536409, 38.653377905713327, 0.0 ], [ -121.668457979672993, 38.653377830649724, 0.0 ], [ -121.668448652465415, 38.653319323076865, 0.0 ], [ -121.668418942483996, 38.653147006071293, 0.0 ], [ -121.668466477735578, 38.653057875019933, 0.0 ], [ -121.668573434746548, 38.653022222428064, 0.0 ], [ -121.669054735906116, 38.653123237474411, 0.0 ], [ -121.669423647942168, 38.653262741859045, 0.0 ], [ -121.669445689005954, 38.653261746387244, 0.0 ], [ -121.672349770741306, 38.654163957334944, 0.0 ], [ -121.674527037258372, 38.654813327742154, 0.0 ], [ -121.674800110731681, 38.654845032719386, 0.0 ], [ -121.674995501492532, 38.654875600527284, 0.0 ], [ -121.675131245915097, 38.654853020168687, 0.0 ], [ -121.675167613311061, 38.654882372248323, 0.0 ], [ -121.675226624540372, 38.655018096259653, 0.0 ], [ -121.675360937048424, 38.655762174223916, 0.0 ], [ -121.675817052142364, 38.657913871299783, 0.0 ], [ -121.675662231994707, 38.657918426742853, 0.0 ], [ -121.671675154827568, 38.657763933647303, 0.0 ] ] ] ] } },
{ "type": "Feature", "properties": { "Name": "8-4", "FolderPath": null, "SymbolID": null, "AltMode": null, "Base": null, "Clamped": null, "Extruded": null, "Snippet": null, "PopupInfo": null, "Shape_Leng": null, "Shape_Area": null, "OBJECTID": null, "Type": null, "Owner": "Conaway Preservation Group", "Access": null, "Feature_ID": null, "layer": null, "path": null, "field_id": null, "joined_Name": "8-4" }, "geometry": { "type": "MultiPolygon", "coordinates": [ [ [ [ -121.655277967892985, 38.633126007186384, 0.0 ], [ -121.655314524833472, 38.633121657878313, 0.0 ], [ -121.655344693853991, 38.63313392618241, 0.0 ], [ -121.655447899500331, 38.633304395254207, 0.0 ], [ -121.655702090386399, 38.633691183420865, 0.0 ], [ -121.656457608574641, 38.634741786349998, 0.0 ], [ -121.658296936068311, 38.637173388508806, 0.0 ], [ -121.659585013286218, 38.638849987177963, 0.0 ], [ -121.660249749528475, 38.639720705136696, 0.0 ], [ -121.660332676605634, 38.639838483399068, 0.0 ], [ -121.660298223519504, 38.639892928134529, 0.0 ], [ -121.660243026536904, 38.639918521931243, 0.0 ], [ -121.660090704604073, 38.639935852257878, 0.0 ], [ -121.656996381251105, 38.639914671214747, 0.0 ], [ -121.655248534592701, 38.639906511596323, 0.0 ], [ -121.655154762155135, 38.639881590688709, 0.0 ], [ -121.655118913087094, 38.639847798662323, 0.0 ], [ -121.655095266733866, 38.639811762704355, 0.0 ], [ -121.655075416661035, 38.639735237981085, 0.0 ], [ -121.655167961999922, 38.636410257319966, 0.0 ], [ -121.65523265597173, 38.633924214429804, 0.0 ], [ -121.655259155374296, 38.633156786357766, 0.0 ], [ -121.655277967892985, 38.633126007186384, 0.0 ] ] ] ] } },
{ "type": "Feature", "properties": { "Name": "33-4", "FolderPath": null, "SymbolID": null, "AltMode": null, "Base": null, "Clamped": null, "Extruded": null, "Snippet": null, "PopupInfo": null, "Shape_Leng": null, "Shape_Area": null, "OBJECTID": null, "Type": null, "Owner": "Conaway Preservation Group", "Access": null, "Feature_ID": null, "layer": null, "path": null, "field_id": "33-4", "joined_Name": null }, "geometry": { "type": "MultiPolygon", "coordinates": [ [ [ [ -121.647078539441623, 38.663569277039294, 0.0 ], [ -121.647109772067438, 38.663499911936235, 0.0 ], [ -121.647218885035102, 38.663472791131319, 0.0 ], [ -121.647315529386617, 38.663466908934993, 0.0 ], [ -121.653721682477311, 38.663540828453975, 0.0 ], [ -121.653998645655832, 38.663533612845036, 0.0 ], [ -121.654055040092743, 38.663567045791822, 0.0 ], [ -121.654072702767834, 38.663638775346605, 0.0 ], [ -121.654071139699255, 38.663722207456104, 0.0 ], [ -121.654043355705824, 38.664911059914026, 0.0 ], [ -121.654043354807513, 38.664911085866393, 0.0 ], [ -121.653977811029449, 38.667285587924248, 0.0 ], [ -121.653917419089538, 38.669198250261317, 0.0 ], [ -121.653895598112953, 38.669239727427708, 0.0 ], [ -121.653856921148403, 38.669275045106829, 0.0 ], [ -121.653757879193364, 38.669285825219134, 0.0 ], [ -121.650310005894042, 38.669278868294555, 0.0 ], [ -121.650196319603282, 38.669259674501518, 0.0 ], [ -121.650094538684954, 38.66921379411923, 0.0 ], [ -121.650085340834778, 38.669195478429614, 0.0 ], [ -121.65003441623962, 38.669178502360758, 0.0 ], [ -121.649250072910547, 38.667788076133817, 0.0 ], [ -121.648382541094591, 38.666053014231842, 0.0 ], [ -121.648142189653797, 38.665557050286573, 0.0 ], [ -121.647078539441623, 38.663569277039294, 0.0 ] ] ] ] } },
{ "type": "Feature", "properties": { "Name": "16-3", "FolderPath": null, "SymbolID": null, "AltMode": null, "Base": null, "Clamped": null, "Extruded": null, "Snippet": null, "PopupInfo": null, "Shape_Leng": null, "Shape_Area": null, "OBJECTID": null, "Type": null, "Owner": "Conaway Preservation Group", "Access": null, "Feature_ID": null, "layer": null, "path": null, "field_id": "16-3", "joined_Name": null }, "geometry": { "type": "MultiPolygon", "coordinates": [ [ [ [ -121.637447356327513, 38.618397647366386, 0.0 ], [ -121.642334849039926, 38.61836291172299, 0.0 ], [ -121.643195123366695, 38.618384337068512, 0.0 ], [ -121.643472226682391, 38.618387550939936, 0.0 ], [ -121.643617628892599, 38.618412124874396, 0.0 ], [ -121.643704499573829, 38.618447457084521, 0.0 ], [ -121.643874353027741, 38.618724101933125, 0.0 ], [ -121.64404569049853, 38.618920643821554, 0.0 ], [ -121.644137164147267, 38.619052773610612, 0.0 ], [ -121.644313277062082, 38.619383843448595, 0.0 ], [ -121.645338816248326, 38.620746709915295, 0.0 ], [ -121.647061660995746, 38.622998324849114, 0.0 ], [ -121.647488956338762, 38.623549738196616, 0.0 ], [ -121.647641576512257, 38.623728350110063, 0.0 ], [ -121.648229378338641, 38.62374141588483, 0.0 ], [ -121.648432512577202, 38.623800975771779, 0.0 ], [ -121.649232399455641, 38.624925161552021, 0.0 ], [ -121.649598548273886, 38.625439745619595, 0.0 ], [ -121.649502683660003, 38.62561672885775, 0.0 ], [ -121.64929032013022, 38.625659041839818, 0.0 ], [ -121.645961616438186, 38.625639278426718, 0.0 ], [ -121.637238192596769, 38.625595206016996, 0.0 ], [ -121.637090932670546, 38.62557060085728, 0.0 ], [ -121.637048920261336, 38.625478556711734, 0.0 ], [ -121.637060265983365, 38.624920580851636, 0.0 ], [ -121.637285378403689, 38.618670427213949, 0.0 ], [ -121.637315448609513, 38.61843044302023, 0.0 ], [ -121.637447356327513, 38.618397647366386, 0.0 ] ] ] ] } },
{ "type": "Feature", "properties": { "Name": "7-4", "FolderPath": null, "SymbolID": null, "AltMode": null, "Base": null, "Clamped": null, "Extruded": null, "Snippet": null, "PopupInfo": null, "Shape_Leng": null, "Shape_Area": null, "OBJECTID": null, "Type": null, "Owner": "Conaway Preservation Group", "Access": null, "Feature_ID": null, "layer": null, "path": null, "field_id": "7-4", "joined_Name": null }, "geometry": { "type": "MultiPolygon", "coordinates": [ [ [ [ -121.673458245987831, 38.644906889660959, 0.0 ], [ -121.673472392656905, 38.644035405395165, 0.0 ], [ -121.673607430105392, 38.644036929315639, 0.0 ], [ -121.673617028604198, 38.643516315648149, 0.0 ], [ -121.673699095095287, 38.641142518659976, 0.0 ], [ -121.673768957973252, 38.637946010221974, 0.0 ], [ -121.673757597878165, 38.637473795959835, 0.0 ], [ -121.673776150783723, 38.637456839036069, 0.0 ], [ -121.673798427206151, 38.63743563480638, 0.0 ], [ -121.673809051581003, 38.637434855233799, 0.0 ], [ -121.673821278550335, 38.637431179103594, 0.0 ], [ -121.673853026809113, 38.637423910343088, 0.0 ], [ -121.680939585455576, 38.637433366257284, 0.0 ], [ -121.682431033168967, 38.637438020536926, 0.0 ], [ -121.682549962027736, 38.637475357209112, 0.0 ], [ -121.682559414101178, 38.637623288407674, 0.0 ], [ -121.682460155652137, 38.642313845014364, 0.0 ], [ -121.682373385582238, 38.645661184175644, 0.0 ], [ -121.682355199189317, 38.646210236337389, 0.0 ], [ -121.682351446926376, 38.646323517212764, 0.0 ], [ -121.682216916127729, 38.646364917823199, 0.0 ], [ -121.681606192888552, 38.646374872095457, 0.0 ], [ -121.676423431128811, 38.646292353606462, 0.0 ], [ -121.673718077395549, 38.646268858463792, 0.0 ], [ -121.673535961938029, 38.646252488754612, 0.0 ], [ -121.673445564470981, 38.646208546885646, 0.0 ], [ -121.673434070526895, 38.646119965676057, 0.0 ], [ -121.673425589532314, 38.646054610864184, 0.0 ], [ -121.673400082768126, 38.645707335732816, 0.0 ], [ -121.673458245987831, 38.644906889660959, 0.0 ] ] ] ] } },
{ "type": "Feature", "properties": { "Name": "20-2", "FolderPath": null, "SymbolID": null, "AltMode": null, "Base": null, "Clamped": null, "Extruded": null, "Snippet": null, "PopupInfo": null, "Shape_Leng": null, "Shape_Area": null, "OBJECTID": null, "Type": null, "Owner": "Conaway Preservation Group", "Access": null, "Feature_ID": null, "layer": null, "path": null, "field_id": "20-2", "joined_Name": null }, "geometry": { "type": "MultiPolygon", "coordinates": [ [ [ [ -121.658997114441789, 38.608735405082506, 0.0 ], [ -121.659308847811687, 38.608704762841626, 0.0 ], [ -121.673851364925824, 38.609013877393608, 0.0 ], [ -121.674004685785263, 38.609084467521186, 0.0 ], [ -121.674073328751078, 38.609173478469643, 0.0 ], [ -121.673983353492233, 38.613297346254008, 0.0 ], [ -121.673951388739468, 38.613506538268787, 0.0 ], [ -121.673879492974024, 38.613593955990765, 0.0 ], [ -121.673766651997923, 38.613614734889865, 0.0 ], [ -121.664528793536036, 38.613453285008916, 0.0 ], [ -121.660862040327814, 38.613365947134511, 0.0 ], [ -121.659403905738415, 38.613337804307328, 0.0 ], [ -121.659258069641936, 38.613336133032689, 0.0 ], [ -121.658993212160198, 38.613314595977634, 0.0 ], [ -121.658884505231043, 38.613291795456973, 0.0 ], [ -121.658836250428934, 38.613272168318254, 0.0 ], [ -121.658805432824792, 38.613229852239456, 0.0 ], [ -121.658786698459551, 38.613191487960798, 0.0 ], [ -121.658773926212831, 38.613094063826871, 0.0 ], [ -121.658843050675614, 38.610400245633102, 0.0 ], [ -121.658896823828528, 38.608981026893225, 0.0 ], [ -121.658921805976576, 38.608863292704598, 0.0 ], [ -121.658960059834627, 38.608767167647997, 0.0 ], [ -121.658997114441789, 38.608735405082506, 0.0 ] ] ] ] } },
{ "type": "Feature", "properties": { "Name": null, "FolderPath": null, "SymbolID": null, "AltMode": null, "Base": null, "Clamped": null, "Extruded": null, "Snippet": null, "PopupInfo": null, "Shape_Leng": null, "Shape_Area": null, "OBJECTID": null, "Type": null, "Owner": "Conaway Preservation Group", "Access": null, "Feature_ID": null, "layer": null, "path": null, "field_id": null, "joined_Name": null }, "geometry": { "type": "MultiPolygon", "coordinates": [ [ [ [ -121.703273899799655, 38.642616339332442, 0.0 ], [ -121.703686939777398, 38.642470707176635, 0.0 ], [ -121.70402484196984, 38.642445839783377, 0.0 ], [ -121.70492706223051, 38.642484445211387, 0.0 ], [ -121.705692116933804, 38.642542982681412, 0.0 ], [ -121.706467838232783, 38.642515799213754, 0.0 ], [ -121.706933397315296, 38.642492335108088, 0.0 ], [ -121.707416809515763, 38.64249052558894, 0.0 ], [ -121.707825474698083, 38.642588026961903, 0.0 ], [ -121.708288337936438, 38.642714737923797, 0.0 ], [ -121.708715884807688, 38.642776680933196, 0.0 ], [ -121.709116461559191, 38.642816865558324, 0.0 ], [ -121.709433559667971, 38.642934810632354, 0.0 ], [ -121.709804986088486, 38.643074810560833, 0.0 ], [ -121.7101120706768, 38.643242712587686, 0.0 ], [ -121.710264780681811, 38.643373148033191, 0.0 ], [ -121.710236904161931, 38.645431070720939, 0.0 ], [ -121.709999499195263, 38.645451690251349, 0.0 ], [ -121.701360790078397, 38.645527766858706, 0.0 ], [ -121.701356459300428, 38.643746668190701, 0.0 ], [ -121.701484766570772, 38.643712329316784, 0.0 ], [ -121.701859792540645, 38.643652116620792, 0.0 ], [ -121.702173183302236, 38.643469621024288, 0.0 ], [ -121.702422095687666, 38.643322173386437, 0.0 ], [ -121.7027191775353, 38.643032204051302, 0.0 ], [ -121.703273899799655, 38.642616339332442, 0.0 ] ] ] ] } },
{ "type": "Feature", "properties": { "Name": "24-3", "FolderPath": null, "SymbolID": null, "AltMode": null, "Base": null, "Clamped": null, "Extruded": null, "Snippet": null, "PopupInfo": null, "Shape_Leng": null, "Shape_Area": null, "OBJECTID": null, "Type": null, "Owner": "Conaway Preservation Group", "Access": null, "Feature_ID": null, "layer": null, "path": null, "field_id": "24-3", "joined_Name": null }, "geometry": { "type": "MultiPolygon", "coordinates": [ [ [ [ -121.70189613208882, 38.604285995339737, 0.0 ], [ -121.702047900659437, 38.604257005836708, 0.0 ], [ -121.702937825678816, 38.604264812189101, 0.0 ], [ -121.704572455865346, 38.604269253806635, 0.0 ], [ -121.704742346150212, 38.605135700235252, 0.0 ], [ -121.705464800946103, 38.608971167107214, 0.0 ], [ -121.702626828029125, 38.608938546129586, 0.0 ], [ -121.702566630125318, 38.608861930190358, 0.0 ], [ -121.702538076275701, 38.608747716166938, 0.0 ], [ -121.701919415522696, 38.604559865009612, 0.0 ], [ -121.701878331073175, 38.604372039232608, 0.0 ], [ -121.70189613208882, 38.604285995339737, 0.0 ] ] ] ] } },
{ "type": "Feature", "properties": { "Name": "24-4", "FolderPath": null, "SymbolID": null, "AltMode": null, "Base": null, "Clamped": null, "Extruded": null, "Snippet": null, "PopupInfo": null, "Shape_Leng": null, "Shape_Area": null, "OBJECTID": null, "Type": null, "Owner": "Conaway Preservation Group", "Access": null, "Feature_ID": null, "layer": null, "path": null, "field_id": "24-4", "joined_Name": null }, "geometry": { "type": "MultiPolygon", "coordinates": [ [ [ [ -121.69616805073079, 38.608867272144522, 0.0 ], [ -121.695229795450828, 38.60420531891728, 0.0 ], [ -121.698392082643224, 38.604234878473619, 0.0 ], [ -121.69875281731521, 38.606187433352162, 0.0 ], [ -121.699211117111943, 38.608948835522213, 0.0 ], [ -121.698749973249051, 38.608947593045478, 0.0 ], [ -121.696360995379081, 38.60893807370757, 0.0 ], [ -121.696213309651426, 38.60893721801304, 0.0 ], [ -121.69616805073079, 38.608867272144522, 0.0 ] ] ] ] } },
{ "type": "Feature", "properties": { "Name": "20-3", "FolderPath": null, "SymbolID": null, "AltMode": null, "Base": null, "Clamped": null, "Extruded": null, "Snippet": null, "PopupInfo": null, "Shape_Leng": null, "Shape_Area": null, "OBJECTID": null, "Type": null, "Owner": "Conaway Preservation Group", "Access": null, "Feature_ID": null, "layer": null, "path": null, "field_id": "20-3", "joined_Name": null }, "geometry": { "type": "MultiPolygon", "coordinates": [ [ [ [ -121.659110317438959, 38.60412313027151, 0.0 ], [ -121.659168785187532, 38.604105101211111, 0.0 ], [ -121.659309159527083, 38.604105280224061, 0.0 ], [ -121.661626320683325, 38.604104627353237, 0.0 ], [ -121.665668081895092, 38.604106440649261, 0.0 ], [ -121.667224992538195, 38.604107019808865, 0.0 ], [ -121.668831090434665, 38.604109567408933, 0.0 ], [ -121.673840718093103, 38.604099516006336, 0.0 ], [ -121.673999987596346, 38.604113242439503, 0.0 ], [ -121.674105708525488, 38.604147224002517, 0.0 ], [ -121.674184575217552, 38.60419580316232, 0.0 ], [ -121.67421011432107, 38.604252720064665, 0.0 ], [ -121.674124533620571, 38.606391641616717, 0.0 ], [ -121.674080637444234, 38.608776512921068, 0.0 ], [ -121.673980435764179, 38.608874639969244, 0.0 ], [ -121.673797335753079, 38.608894622803227, 0.0 ], [ -121.659535495452829, 38.608610773659954, 0.0 ], [ -121.659198629017922, 38.608584855609379, 0.0 ], [ -121.658973035100601, 38.608559884504338, 0.0 ], [ -121.658919281710624, 38.608509198883489, 0.0 ], [ -121.658901851699184, 38.608466081856619, 0.0 ], [ -121.658899624775586, 38.608340882072369, 0.0 ], [ -121.658955367035588, 38.606081228314117, 0.0 ], [ -121.658983457354537, 38.604572304575775, 0.0 ], [ -121.659008538317266, 38.604204220270624, 0.0 ], [ -121.659036677145224, 38.604161626463224, 0.0 ], [ -121.659110317438959, 38.60412313027151, 0.0 ] ] ] ] } },
{ "type": "Feature", "properties": { "Name": "13-7", "FolderPath": null, "SymbolID": null, "AltMode": null, "Base": null, "Clamped": null, "Extruded": null, "Snippet": null, "PopupInfo": null, "Shape_Leng": null, "Shape_Area": null, "OBJECTID": null, "Type": null, "Owner": "Conaway Preservation Group", "Access": null, "Feature_ID": null, "layer": null, "path": null, "field_id": "13-7", "joined_Name": null }, "geometry": { "type": "MultiPolygon", "coordinates": [ [ [ [ -121.699909901300103, 38.629647932549894, 0.0 ], [ -121.699758298917814, 38.62962717373437, 0.0 ], [ -121.699160594063727, 38.629734973402869, 0.0 ], [ -121.699075588285012, 38.629729259665908, 0.0 ], [ -121.698973040205459, 38.629685201699992, 0.0 ], [ -121.698890016110241, 38.629569833448983, 0.0 ], [ -121.698906430127138, 38.628325423081179, 0.0 ], [ -121.698879864249236, 38.62643201433194, 0.0 ], [ -121.698899131315443, 38.626375004843304, 0.0 ], [ -121.698984994086942, 38.626333042478954, 0.0 ], [ -121.699386462865519, 38.626318433930756, 0.0 ], [ -121.701246311473554, 38.626334328165804, 0.0 ], [ -121.701452349067125, 38.626369994035933, 0.0 ], [ -121.701743647560946, 38.626397069936367, 0.0 ], [ -121.701847224211505, 38.626383914114072, 0.0 ], [ -121.702104550217911, 38.626272323926599, 0.0 ], [ -121.702809901989099, 38.626261072752669, 0.0 ], [ -121.703004213873271, 38.626272763951917, 0.0 ], [ -121.703057022235555, 38.626378257657144, 0.0 ], [ -121.703139987940233, 38.62750932611921, 0.0 ], [ -121.703185841545618, 38.628000996144841, 0.0 ], [ -121.703123345751294, 38.628095672926484, 0.0 ], [ -121.7029761037914, 38.628170337737195, 0.0 ], [ -121.7028017147436, 38.628267974383121, 0.0 ], [ -121.702748904584681, 38.628296568909533, 0.0 ], [ -121.70270575850158, 38.628329470917144, 0.0 ], [ -121.702544641163783, 38.62849935139711, 0.0 ], [ -121.702377015531766, 38.628693003270598, 0.0 ], [ -121.70211503894717, 38.629062044058919, 0.0 ], [ -121.701879436899276, 38.629316932551731, 0.0 ], [ -121.701644348687751, 38.629543212085387, 0.0 ], [ -121.701514993083464, 38.629637148577245, 0.0 ], [ -121.701458570798778, 38.629731891970984, 0.0 ], [ -121.701414390754792, 38.6298220050273, 0.0 ], [ -121.701376117133776, 38.629921719437796, 0.0 ], [ -121.701385519799857, 38.630074417123282, 0.0 ], [ -121.701427950823998, 38.630418224147526, 0.0 ], [ -121.701402435076687, 38.630484700585491, 0.0 ], [ -121.701316825630087, 38.630512360194317, 0.0 ], [ -121.701207681221376, 38.630496844428812, 0.0 ], [ -121.70092989877935, 38.630393620642842, 0.0 ], [ -121.700592113367904, 38.630246812070553, 0.0 ], [ -121.700478957083121, 38.63011680466812, 0.0 ], [ -121.700366401771291, 38.629953422095781, 0.0 ], [ -121.700193412298731, 38.629770296525905, 0.0 ], [ -121.700036590704627, 38.629701794142818, 0.0 ], [ -121.699909901300103, 38.629647932549894, 0.0 ] ] ] ] } },
{ "type": "Feature", "properties": { "Name": "7-2", "FolderPath": null, "SymbolID": null, "AltMode": null, "Base": null, "Clamped": null, "Extruded": null, "Snippet": null, "PopupInfo": null, "Shape_Leng": null, "Shape_Area": null, "OBJECTID": null, "Type": null, "Owner": "Conaway Preservation Group", "Access": null, "Feature_ID": null, "layer": null, "path": null, "field_id": "7-2", "joined_Name": null }, "geometry": { "type": "MultiPolygon", "coordinates": [ [ [ [ -121.69100368377309, 38.644537678561576, 0.0 ], [ -121.69100998275988, 38.644137413977056, 0.0 ], [ -121.690995977126278, 38.641935191898369, 0.0 ], [ -121.691163841710164, 38.633059495304202, 0.0 ], [ -121.691247130808364, 38.632955005077882, 0.0 ], [ -121.691401727275505, 38.632921505214085, 0.0 ], [ -121.696001614468202, 38.632947709197779, 0.0 ], [ -121.696096926618168, 38.632999098226072, 0.0 ], [ -121.696134046802342, 38.633075000690951, 0.0 ], [ -121.696133981225302, 38.633090814132935, 0.0 ], [ -121.696122854692206, 38.635817667411075, 0.0 ], [ -121.696017517343691, 38.643400682690782, 0.0 ], [ -121.696009643610239, 38.643481117171653, 0.0 ], [ -121.695935004389895, 38.643545024070455, 0.0 ], [ -121.695500425506566, 38.643606287890719, 0.0 ], [ -121.695004219499822, 38.643721536026433, 0.0 ], [ -121.694855013822718, 38.643810459084854, 0.0 ], [ -121.694478490361263, 38.644062852797312, 0.0 ], [ -121.694319654744291, 38.644103997219332, 0.0 ], [ -121.694105681433527, 38.644120208151548, 0.0 ], [ -121.692713638594526, 38.644148049831507, 0.0 ], [ -121.692679583462095, 38.644192392887071, 0.0 ], [ -121.692590829912035, 38.644227360181574, 0.0 ], [ -121.692469248328194, 38.644226000443986, 0.0 ], [ -121.691961595089808, 38.644222709149297, 0.0 ], [ -121.691812483735774, 38.644230578507702, 0.0 ], [ -121.691659940817402, 38.644259868285687, 0.0 ], [ -121.691432932053516, 38.64437177426754, 0.0 ], [ -121.691132362945979, 38.644516235070761, 0.0 ], [ -121.691089419882147, 38.644537213390194, 0.0 ], [ -121.69100368377309, 38.644537678561576, 0.0 ] ] ] ] } },
{ "type": "Feature", "properties": { "Name": "12-2", "FolderPath": null, "SymbolID": null, "AltMode": null, "Base": null, "Clamped": null, "Extruded": null, "Snippet": null, "PopupInfo": null, "Shape_Leng": null, "Shape_Area": null, "OBJECTID": null, "Type": null, "Owner": "Conaway Preservation Group", "Access": null, "Feature_ID": null, "layer": null, "path": null, "field_id": "12-2", "joined_Name": null }, "geometry": { "type": "MultiPolygon", "coordinates": [ [ [ [ -121.709267865413807, 38.632944178095379, 0.0 ], [ -121.709260828910175, 38.634485395827127, 0.0 ], [ -121.710408232649556, 38.634466747064444, 0.0 ], [ -121.710337434625359, 38.636262381858749, 0.0 ], [ -121.710281298004944, 38.637574850469328, 0.0 ], [ -121.7102465592546, 38.637601342547406, 0.0 ], [ -121.710100072777863, 38.637633107065909, 0.0 ], [ -121.708799247567754, 38.637618755531356, 0.0 ], [ -121.70726169741566, 38.637582698805495, 0.0 ], [ -121.707043639465269, 38.637537372810336, 0.0 ], [ -121.704630602915358, 38.637501137815612, 0.0 ], [ -121.704565970028995, 38.637376439895064, 0.0 ], [ -121.704589257954424, 38.635407287460396, 0.0 ], [ -121.704623941907556, 38.633142612165734, 0.0 ], [ -121.70466932030412, 38.632985752043119, 0.0 ], [ -121.704810579484231, 38.632906251013424, 0.0 ], [ -121.709267865413807, 38.632944178095379, 0.0 ] ] ] ] } },
{ "type": "Feature", "properties": { "Name": null, "FolderPath": null, "SymbolID": null, "AltMode": null, "Base": null, "Clamped": null, "Extruded": null, "Snippet": null, "PopupInfo": null, "Shape_Leng": null, "Shape_Area": null, "OBJECTID": null, "Type": null, "Owner": "Conaway Preservation Group", "Access": null, "Feature_ID": null, "layer": null, "path": null, "field_id": null, "joined_Name": null }, "geometry": { "type": "MultiPolygon", "coordinates": [ [ [ [ -121.70668998172107, 38.676823280023008, 0.0 ], [ -121.706632874920132, 38.676775690510532, 0.0 ], [ -121.706594804318414, 38.676690028747217, 0.0 ], [ -121.706566250468782, 38.674243942300556, 0.0 ], [ -121.706575768119208, 38.674120211635952, 0.0 ], [ -121.70662335726972, 38.674034551604024, 0.0 ], [ -121.706661427871438, 38.674005997769747, 0.0 ], [ -121.706747088521979, 38.673986961640104, 0.0 ], [ -121.708622103386986, 38.673986961640111, 0.0 ], [ -121.708793425586379, 38.674005997068413, 0.0 ], [ -121.708869568586508, 38.674005997068413, 0.0 ], [ -121.708983781290044, 38.674072622430288, 0.0 ], [ -121.709031371338838, 38.67417731850076, 0.0 ], [ -121.70905040753803, 38.674348639523082, 0.0 ], [ -121.709068142078365, 38.676813761281494, 0.0 ], [ -121.70903215556811, 38.676813760580181, 0.0 ], [ -121.708992357506077, 38.676842188463134, 0.0 ], [ -121.708296029311882, 38.676851472966874, 0.0 ], [ -121.708276799974911, 38.67684231539836, 0.0 ], [ -121.706785159123726, 38.676842314697055, 0.0 ], [ -121.70668998172107, 38.676823280023008, 0.0 ] ] ] ] } },
{ "type": "Feature", "properties": { "Name": "15-3", "FolderPath": null, "SymbolID": null, "AltMode": null, "Base": null, "Clamped": null, "Extruded": null, "Snippet": null, "PopupInfo": null, "Shape_Leng": null, "Shape_Area": null, "OBJECTID": null, "Type": null, "Owner": "Conaway Preservation Group", "Access": null, "Feature_ID": null, "layer": null, "path": null, "field_id": "15-5", "joined_Name": "15-3" }, "geometry": { "type": "MultiPolygon", "coordinates": [ [ [ [ -121.611686610571638, 38.618617629089812, 0.0 ], [ -121.6184224687278, 38.618544837450713, 0.0 ], [ -121.622114726005222, 38.618564785305175, 0.0 ], [ -121.6226504372232, 38.618561013454837, 0.0 ], [ -121.622838282135646, 38.61865477904017, 0.0 ], [ -121.625811185601535, 38.624915130610852, 0.0 ], [ -121.625775058954076, 38.625012778707365, 0.0 ], [ -121.625497847840535, 38.625094970793505, 0.0 ], [ -121.620452072873405, 38.625303974004773, 0.0 ], [ -121.614636300672259, 38.625528405725724, 0.0 ], [ -121.614351768289183, 38.625522560416542, 0.0 ], [ -121.614231598857003, 38.625401009599351, 0.0 ], [ -121.614012863576889, 38.624920752794608, 0.0 ], [ -121.611018162490623, 38.618869817426486, 0.0 ], [ -121.610976616307028, 38.618754880268263, 0.0 ], [ -121.61098490955375, 38.618695133002831, 0.0 ], [ -121.611011204140439, 38.618655388964555, 0.0 ], [ -121.611073739460636, 38.61862752123978, 0.0 ], [ -121.611146799442665, 38.61862123529589, 0.0 ], [ -121.611686610571638, 38.618617629089812, 0.0 ] ] ] ] } },
{ "type": "Feature", "properties": { "Name": "10-4", "FolderPath": null, "SymbolID": null, "AltMode": null, "Base": null, "Clamped": null, "Extruded": null, "Snippet": null, "PopupInfo": null, "Shape_Leng": null, "Shape_Area": null, "OBJECTID": null, "Type": null, "Owner": "Conaway Preservation Group", "Access": null, "Feature_ID": null, "layer": null, "path": null, "field_id": "10-4", "joined_Name": "10-4" }, "geometry": { "type": "MultiPolygon", "coordinates": [ [ [ [ -121.626371291469383, 38.632869351244338, 0.0 ], [ -121.634358358187583, 38.632754727741933, 0.0 ], [ -121.636222125246874, 38.632820427302825, 0.0 ], [ -121.636413442147898, 38.632856123629672, 0.0 ], [ -121.636438471008347, 38.632860793644589, 0.0 ], [ -121.636461784086592, 38.632884360549127, 0.0 ], [ -121.63648581222381, 38.632908650227542, 0.0 ], [ -121.636428718897605, 38.634648800350206, 0.0 ], [ -121.63629866081078, 38.640238703232257, 0.0 ], [ -121.636247729927419, 38.640380024033867, 0.0 ], [ -121.636097738224422, 38.640435150367651, 0.0 ], [ -121.630969646136222, 38.640484049465712, 0.0 ], [ -121.63090069864154, 38.64046420664225, 0.0 ], [ -121.630801606380871, 38.640441759266089, 0.0 ], [ -121.630739650474055, 38.640377114263799, 0.0 ], [ -121.628670703712245, 38.63696707368873, 0.0 ], [ -121.626383514845458, 38.633238700347192, 0.0 ], [ -121.626255901074515, 38.632973334947053, 0.0 ], [ -121.626281282972869, 38.6329074053589, 0.0 ], [ -121.626371291469383, 38.632869351244338, 0.0 ] ] ] ] } },
{ "type": "Feature", "properties": { "Name": "33-2", "FolderPath": null, "SymbolID": null, "AltMode": null, "Base": null, "Clamped": null, "Extruded": null, "Snippet": null, "PopupInfo": null, "Shape_Leng": null, "Shape_Area": null, "OBJECTID": null, "Type": null, "Owner": "Conaway Preservation Group", "Access": null, "Feature_ID": null, "layer": null, "path": null, "field_id": "33-2", "joined_Name": null }, "geometry": { "type": "MultiPolygon", "coordinates": [ [ [ [ -121.644627312814052, 38.673098460454263, 0.0 ], [ -121.644651805380263, 38.669360781672609, 0.0 ], [ -121.649481525640113, 38.669395223277817, 0.0 ], [ -121.649637840584404, 38.669425410342939, 0.0 ], [ -121.6497810266508, 38.669512212813089, 0.0 ], [ -121.653241182614991, 38.672910735651733, 0.0 ], [ -121.653318221235452, 38.672992767608392, 0.0 ], [ -121.653317329208349, 38.673040441692329, 0.0 ], [ -121.65325942021191, 38.673087459293818, 0.0 ], [ -121.653106433525735, 38.673136362756416, 0.0 ], [ -121.646392991929176, 38.673112491384884, 0.0 ], [ -121.645284214848729, 38.673103683304731, 0.0 ], [ -121.644627312814052, 38.673098460454263, 0.0 ] ] ] ] } },
{ "type": "Feature", "properties": { "Name": "38-5", "FolderPath": null, "SymbolID": null, "AltMode": null, "Base": null, "Clamped": null, "Extruded": null, "Snippet": null, "PopupInfo": null, "Shape_Leng": null, "Shape_Area": null, "OBJECTID": null, "Type": null, "Owner": "Conaway Preservation Group", "Access": null, "Feature_ID": null, "layer": null, "path": null, "field_id": "38-5", "joined_Name": null }, "geometry": { "type": "MultiPolygon", "coordinates": [ [ [ [ -121.679204886539665, 38.681198452062503, 0.0 ], [ -121.679209602694868, 38.680670317462287, 0.0 ], [ -121.679185835069106, 38.680212783912566, 0.0 ], [ -121.679183939623854, 38.68017112796948, 0.0 ], [ -121.682218288753475, 38.680206588222823, 0.0 ], [ -121.682715378702468, 38.681050605229942, 0.0 ], [ -121.682742651554506, 38.681080908697751, 0.0 ], [ -121.682749126611085, 38.681088102903111, 0.0 ], [ -121.682822333916846, 38.681169445268864, 0.0 ], [ -121.682940341104143, 38.68116012906745, 0.0 ], [ -121.683221844368092, 38.681193908619335, 0.0 ], [ -121.683552235746447, 38.68118167308824, 0.0 ], [ -121.685187247716982, 38.681205096470698, 0.0 ], [ -121.685353247398311, 38.681219743619337, 0.0 ], [ -121.685434742560901, 38.681312881658869, 0.0 ], [ -121.685577511808987, 38.681479445825921, 0.0 ], [ -121.685636998247119, 38.68157462207035, 0.0 ], [ -121.686089096075079, 38.681931541501861, 0.0 ], [ -121.686150827403111, 38.68196902188344, 0.0 ], [ -121.686324573257153, 38.68210562160737, 0.0 ], [ -121.686940134822464, 38.682589580630747, 0.0 ], [ -121.687041149477849, 38.682779724576449, 0.0 ], [ -121.687112453253519, 38.683070882894746, 0.0 ], [ -121.68714216323491, 38.683385807705072, 0.0 ], [ -121.687142162336585, 38.683969113971251, 0.0 ], [ -121.687142162336585, 38.684045369853941, 0.0 ], [ -121.686526438176202, 38.684045369853933, 0.0 ], [ -121.686525983628684, 38.684050500044677, 0.0 ], [ -121.679092950167032, 38.683945808598871, 0.0 ], [ -121.679117272951672, 38.683597164651424, 0.0 ], [ -121.679307631350284, 38.682562098203071, 0.0 ], [ -121.679306974681793, 38.682542424113478, 0.0 ], [ -121.679334384077748, 38.682405378530262, 0.0 ], [ -121.679304674994654, 38.681478428306235, 0.0 ], [ -121.679214628768904, 38.681278642139176, 0.0 ], [ -121.679204886539665, 38.681198452062503, 0.0 ] ] ] ] } },
{ "type": "Feature", "properties": { "Name": "18-2", "FolderPath": null, "SymbolID": null, "AltMode": null, "Base": null, "Clamped": null, "Extruded": null, "Snippet": null, "PopupInfo": null, "Shape_Leng": null, "Shape_Area": null, "OBJECTID": null, "Type": null, "Owner": "Conaway Preservation Group", "Access": null, "Feature_ID": null, "layer": null, "path": null, "field_id": "18-2", "joined_Name": null }, "geometry": { "type": "MultiPolygon", "coordinates": [ [ [ [ -121.687674874079832, 38.625607801244833, 0.0 ], [ -121.683409619211943, 38.625568038579587, 0.0 ], [ -121.682987563741989, 38.625604099243212, 0.0 ], [ -121.682425371087746, 38.625622253436134, 0.0 ], [ -121.678664654100842, 38.625587998516757, 0.0 ], [ -121.674441250843671, 38.625536138881664, 0.0 ], [ -121.674295914210489, 38.625518167837278, 0.0 ], [ -121.674208619524464, 38.625455962176815, 0.0 ], [ -121.67419579517545, 38.625304818275254, 0.0 ], [ -121.674180231863147, 38.624930674253001, 0.0 ], [ -121.674230530332522, 38.622589207101406, 0.0 ], [ -121.674234917704382, 38.622350927437786, 0.0 ], [ -121.674230158429992, 38.622205479397536, 0.0 ], [ -121.674353589644994, 38.622139085820351, 0.0 ], [ -121.674549345121818, 38.622112224477554, 0.0 ], [ -121.678434665625133, 38.622177588487915, 0.0 ], [ -121.683047151689735, 38.62224760981006, 0.0 ], [ -121.691417384012581, 38.622373049213884, 0.0 ], [ -121.695685831493023, 38.62242971938992, 0.0 ], [ -121.695777059003362, 38.622462249311226, 0.0 ], [ -121.695785530116495, 38.622534373042093, 0.0 ], [ -121.695695778538152, 38.624931448347041, 0.0 ], [ -121.695709035875126, 38.625518083621074, 0.0 ], [ -121.695681771107928, 38.625587158460441, 0.0 ], [ -121.695608288019372, 38.625623067525353, 0.0 ], [ -121.695456929978832, 38.625649948607197, 0.0 ], [ -121.692122408797005, 38.625637202499561, 0.0 ], [ -121.687674874079832, 38.625607801244833, 0.0 ] ] ] ] } },
{ "type": "Feature", "properties": { "Name": null, "FolderPath": null, "SymbolID": null, "AltMode": null, "Base": null, "Clamped": null, "Extruded": null, "Snippet": null, "PopupInfo": null, "Shape_Leng": null, "Shape_Area": null, "OBJECTID": null, "Type": null, "Owner": "Conaway Preservation Group", "Access": null, "Feature_ID": null, "layer": null, "path": null, "field_id": null, "joined_Name": null }, "geometry": { "type": "MultiPolygon", "coordinates": [ [ [ [ -121.673829299607533, 38.63176782432312, 0.0 ], [ -121.674061148494133, 38.63172352550918, 0.0 ], [ -121.676777145466858, 38.631761709352311, 0.0 ], [ -121.682516206932647, 38.631744866864615, 0.0 ], [ -121.682807357204425, 38.631756305946389, 0.0 ], [ -121.683009257157778, 38.63181163399657, 0.0 ], [ -121.683303370073389, 38.631945537890473, 0.0 ], [ -121.683504225286072, 38.63205798800039, 0.0 ], [ -121.683662795001695, 38.632206689658048, 0.0 ], [ -121.68395236064535, 38.632589486676814, 0.0 ], [ -121.683965615287349, 38.632623863159715, 0.0 ], [ -121.683935737321022, 38.63267666711198, 0.0 ], [ -121.683882116881719, 38.632699907069991, 0.0 ], [ -121.681195411275439, 38.632743735120599, 0.0 ], [ -121.679307766995876, 38.632743783540057, 0.0 ], [ -121.675422873192304, 38.63271574445362, 0.0 ], [ -121.674049129035637, 38.632704949714672, 0.0 ], [ -121.673800452907116, 38.632673519843692, 0.0 ], [ -121.673748208686831, 38.632539408894658, 0.0 ], [ -121.673733673047224, 38.632014853549926, 0.0 ], [ -121.673739251585118, 38.631838155572495, 0.0 ], [ -121.673829299607533, 38.63176782432312, 0.0 ] ] ] ] } },
{ "type": "Feature", "properties": { "Name": "18-1", "FolderPath": null, "SymbolID": null, "AltMode": null, "Base": null, "Clamped": null, "Extruded": null, "Snippet": null, "PopupInfo": null, "Shape_Leng": null, "Shape_Area": null, "OBJECTID": null, "Type": null, "Owner": "Conaway Preservation Group", "Access": null, "Feature_ID": null, "layer": null, "path": null, "field_id": "18-1", "joined_Name": null }, "geometry": { "type": "MultiPolygon", "coordinates": [ [ [ [ -121.68328730999275, 38.631678757904304, 0.0 ], [ -121.682909828927194, 38.631543373535834, 0.0 ], [ -121.682559134725096, 38.631545038772217, 0.0 ], [ -121.682476769095047, 38.63153849782433, 0.0 ], [ -121.682370184884903, 38.631549217652392, 0.0 ], [ -121.680743761706793, 38.631560689747339, 0.0 ], [ -121.676997403391397, 38.631560105195433, 0.0 ], [ -121.674088093461108, 38.631497362328808, 0.0 ], [ -121.673907180847706, 38.631417823859614, 0.0 ], [ -121.673930610706932, 38.630971037268466, 0.0 ], [ -121.673945347569202, 38.628521369519461, 0.0 ], [ -121.674025463817799, 38.625822090316269, 0.0 ], [ -121.674125539733708, 38.625751696319533, 0.0 ], [ -121.674566382569481, 38.625744770958548, 0.0 ], [ -121.67955073612741, 38.625759411906365, 0.0 ], [ -121.682794633466742, 38.625795983383732, 0.0 ], [ -121.683028720955065, 38.625876107073509, 0.0 ], [ -121.683011275672229, 38.626829619761487, 0.0 ], [ -121.682945996897161, 38.628736301828667, 0.0 ], [ -121.682826294588921, 38.629879404760537, 0.0 ], [ -121.682835490642489, 38.63020734461022, 0.0 ], [ -121.682965918835208, 38.630554533445661, 0.0 ], [ -121.683561584513583, 38.631640120691486, 0.0 ], [ -121.683588814246505, 38.631813285893699, 0.0 ], [ -121.68328730999275, 38.631678757904304, 0.0 ] ] ] ] } },
{ "type": "Feature", "properties": { "Name": "13-2W", "FolderPath": null, "SymbolID": null, "AltMode": null, "Base": null, "Clamped": null, "Extruded": null, "Snippet": null, "PopupInfo": null, "Shape_Leng": null, "Shape_Area": null, "OBJECTID": null, "Type": null, "Owner": "Conaway Preservation Group", "Access": null, "Feature_ID": null, "layer": null, "path": null, "field_id": "13-2W", "joined_Name": null }, "geometry": { "type": "MultiPolygon", "coordinates": [ [ [ [ -121.690961505175565, 38.632755325616962, 0.0 ], [ -121.691012956183457, 38.629909306021617, 0.0 ], [ -121.691063238483153, 38.625917799512919, 0.0 ], [ -121.691128491207095, 38.625917744070868, 0.0 ], [ -121.691162592153617, 38.625866604719747, 0.0 ], [ -121.691229662169334, 38.625855433487217, 0.0 ], [ -121.693530471292476, 38.625863073268583, 0.0 ], [ -121.695285442489393, 38.625846609770235, 0.0 ], [ -121.69551635263656, 38.625863695062286, 0.0 ], [ -121.696508059472549, 38.626259276157839, 0.0 ], [ -121.696757597085437, 38.626269312525352, 0.0 ], [ -121.69866247284881, 38.626290517250808, 0.0 ], [ -121.698840891738939, 38.626404489998727, 0.0 ], [ -121.698834210069862, 38.626450326920413, 0.0 ], [ -121.69883751587011, 38.626554585210577, 0.0 ], [ -121.698795526817108, 38.629728532641614, 0.0 ], [ -121.69876046197831, 38.631284387746142, 0.0 ], [ -121.698764599618514, 38.632590374368959, 0.0 ], [ -121.698755205037259, 38.632726305514296, 0.0 ], [ -121.698685255921021, 38.6327581746459, 0.0 ], [ -121.698573889080322, 38.632778701685346, 0.0 ], [ -121.691118260294317, 38.632755810513281, 0.0 ], [ -121.690961505175565, 38.632755325616962, 0.0 ] ] ] ] } },
{ "type": "Feature", "properties": { "Name": "7-5", "FolderPath": null, "SymbolID": null, "AltMode": null, "Base": null, "Clamped": null, "Extruded": null, "Snippet": null, "PopupInfo": null, "Shape_Leng": null, "Shape_Area": null, "OBJECTID": null, "Type": null, "Owner": "Conaway Preservation Group", "Access": null, "Feature_ID": null, "layer": null, "path": null, "field_id": "7-5", "joined_Name": null }, "geometry": { "type": "MultiPolygon", "coordinates": [ [ [ [ -121.680947730480256, 38.637409343349155, 0.0 ], [ -121.673887874255612, 38.637387015004549, 0.0 ], [ -121.673803391296403, 38.637352677293478, 0.0 ], [ -121.6738043426123, 38.637312672744706, 0.0 ], [ -121.673796225435382, 38.637258219734079, 0.0 ], [ -121.673789986635725, 38.637200926951714, 0.0 ], [ -121.673802432793991, 38.63662455199713, 0.0 ], [ -121.673841676595487, 38.634989867015349, 0.0 ], [ -121.673890921341069, 38.633604212631219, 0.0 ], [ -121.673902162858525, 38.632795829534608, 0.0 ], [ -121.6739414336095, 38.632795834446746, 0.0 ], [ -121.67856857838288, 38.632796253380064, 0.0 ], [ -121.682543192323763, 38.632780689689369, 0.0 ], [ -121.682668275540564, 38.633006297964087, 0.0 ], [ -121.682571692274465, 38.637300305516263, 0.0 ], [ -121.682510661632378, 38.637400223539345, 0.0 ], [ -121.682437897196067, 38.637395181225003, 0.0 ], [ -121.680947730480256, 38.637409343349155, 0.0 ] ] ] ] } },
{ "type": "Feature", "properties": { "Name": null, "FolderPath": null, "SymbolID": null, "AltMode": null, "Base": null, "Clamped": null, "Extruded": null, "Snippet": null, "PopupInfo": null, "Shape_Leng": null, "Shape_Area": null, "OBJECTID": null, "Type": null, "Owner": "Conaway Preservation Group", "Access": null, "Feature_ID": null, "layer": null, "path": null, "field_id": null, "joined_Name": null }, "geometry": { "type": "MultiPolygon", "coordinates": [ [ [ [ -121.698957473299885, 38.643663776919027, 0.0 ], [ -121.699638102536156, 38.643660970421031, 0.0 ], [ -121.699796427910044, 38.643662731498544, 0.0 ], [ -121.699889678426416, 38.643631460789706, 0.0 ], [ -121.699974383269492, 38.643503177701454, 0.0 ], [ -121.700008651302653, 38.643327947783213, 0.0 ], [ -121.699945316481887, 38.643262181375547, 0.0 ], [ -121.699923272723083, 38.643220211354759, 0.0 ], [ -121.699916589257384, 38.643169471645017, 0.0 ], [ -121.700304727037135, 38.643231881546079, 0.0 ], [ -121.700493998474258, 38.643272729656395, 0.0 ], [ -121.700607227522525, 38.643315712797097, 0.0 ], [ -121.700791140508983, 38.643442929748424, 0.0 ], [ -121.700945034493557, 38.643548949665792, 0.0 ], [ -121.701114179176713, 38.643652159419887, 0.0 ], [ -121.70126502877082, 38.643716420486243, 0.0 ], [ -121.701302054631881, 38.64377047848766, 0.0 ], [ -121.701306551598194, 38.645546830900749, 0.0 ], [ -121.70126269404939, 38.64763015592078, 0.0 ], [ -121.698205616644756, 38.647640319791307, 0.0 ], [ -121.693697825633265, 38.64766755112759, 0.0 ], [ -121.691501198625232, 38.647666840421685, 0.0 ], [ -121.691391002289336, 38.64745698472948, 0.0 ], [ -121.691659037112203, 38.647346730193846, 0.0 ], [ -121.692157322718842, 38.647113876126141, 0.0 ], [ -121.693467290981928, 38.646550331000924, 0.0 ], [ -121.69563644481363, 38.645549306166799, 0.0 ], [ -121.696640022886115, 38.645113442624528, 0.0 ], [ -121.697092898655129, 38.644868141005766, 0.0 ], [ -121.697970512263524, 38.644252041729231, 0.0 ], [ -121.698748786574555, 38.643664635707388, 0.0 ], [ -121.698957473299885, 38.643663776919027, 0.0 ] ] ] ] } },
{ "type": "Feature", "properties": { "Name": "13-6", "FolderPath": null, "SymbolID": null, "AltMode": null, "Base": null, "Clamped": null, "Extruded": null, "Snippet": null, "PopupInfo": null, "Shape_Leng": null, "Shape_Area": null, "OBJECTID": null, "Type": null, "Owner": "Conaway Preservation Group", "Access": null, "Feature_ID": null, "layer": null, "path": null, "field_id": "13-6", "joined_Name": null }, "geometry": { "type": "MultiPolygon", "coordinates": [ [ [ [ -121.703114292529847, 38.626319850853442, 0.0 ], [ -121.703218901344684, 38.626249482609964, 0.0 ], [ -121.705619918436099, 38.626256999535279, 0.0 ], [ -121.705625139444521, 38.626304742624953, 0.0 ], [ -121.705922687517784, 38.626322339415829, 0.0 ], [ -121.706034993097944, 38.626415376919439, 0.0 ], [ -121.706077452868186, 38.627435125902508, 0.0 ], [ -121.706024032753163, 38.628716083112728, 0.0 ], [ -121.705997410281412, 38.628836384774623, 0.0 ], [ -121.705919206546042, 38.628883015947984, 0.0 ], [ -121.705834030087445, 38.6288868405899, 0.0 ], [ -121.70565126424961, 38.628908662097928, 0.0 ], [ -121.705280515158819, 38.628904558854892, 0.0 ], [ -121.704601422041677, 38.628806438854625, 0.0 ], [ -121.704286231954555, 38.628755262966308, 0.0 ], [ -121.703657653800846, 38.628552787175259, 0.0 ], [ -121.703295817794256, 38.628391415831977, 0.0 ], [ -121.703138737485375, 38.628337219911757, 0.0 ], [ -121.703115973277761, 38.628251133881783, 0.0 ], [ -121.703123167884883, 38.628189221829196, 0.0 ], [ -121.703191570102177, 38.628104146881853, 0.0 ], [ -121.703223418972257, 38.628023434784957, 0.0 ], [ -121.703117965741043, 38.626453410598749, 0.0 ], [ -121.703114292529847, 38.626319850853442, 0.0 ] ] ] ] } },
{ "type": "Feature", "properties": { "Name": "39-1", "FolderPath": null, "SymbolID": null, "AltMode": null, "Base": null, "Clamped": null, "Extruded": null, "Snippet": null, "PopupInfo": null, "Shape_Leng": null, "Shape_Area": null, "OBJECTID": null, "Type": null, "Owner": "Conaway Preservation Group", "Access": null, "Feature_ID": null, "layer": null, "path": null, "field_id": "39-1", "joined_Name": null }, "geometry": { "type": "MultiPolygon", "coordinates": [ [ [ [ -121.698928038202993, 38.686232421803659, 0.0 ], [ -121.699045800150202, 38.686229708130561, 0.0 ], [ -121.699246052593324, 38.686325995079208, 0.0 ], [ -121.699564105611273, 38.686516755272379, 0.0 ], [ -121.700030805554178, 38.686814941256408, 0.0 ], [ -121.700584979846212, 38.687076188233981, 0.0 ], [ -121.700849891226881, 38.687158304928197, 0.0 ], [ -121.700937250591636, 38.687197677910525, 0.0 ], [ -121.701472630331295, 38.687340445897298, 0.0 ], [ -121.701865241721165, 38.687530803003661, 0.0 ], [ -121.703221533408481, 38.688375511242292, 0.0 ], [ -121.704280394701868, 38.68886330118881, 0.0 ], [ -121.70524407679595, 38.689101246810452, 0.0 ], [ -121.705755661062057, 38.689220220726845, 0.0 ], [ -121.706005504102137, 38.689410577039013, 0.0 ], [ -121.706469500116029, 38.689708009822461, 0.0 ], [ -121.706540882943472, 38.689815085938875, 0.0 ], [ -121.706564678417038, 38.689981647143597, 0.0 ], [ -121.706576574806334, 38.690136311924135, 0.0 ], [ -121.706647959430384, 38.690326670005817, 0.0 ], [ -121.706636062142763, 38.690421849207318, 0.0 ], [ -121.706576574806334, 38.690540820927644, 0.0 ], [ -121.706493293792988, 38.690671691204109, 0.0 ], [ -121.706433807354884, 38.690778767280513, 0.0 ], [ -121.706386217306076, 38.690897739809579, 0.0 ], [ -121.70636242362913, 38.691052404713091, 0.0 ], [ -121.706386219102711, 38.691195172720747, 0.0 ], [ -121.706386217306076, 38.691349836981203, 0.0 ], [ -121.70638116338425, 38.691356408227634, 0.0 ], [ -121.706223417423772, 38.691355815749723, 0.0 ], [ -121.701411513450935, 38.69130757751401, 0.0 ], [ -121.698371383662433, 38.691284049460144, 0.0 ], [ -121.698412961287076, 38.69084203178307, 0.0 ], [ -121.698928038202993, 38.686232421803659, 0.0 ] ] ] ] } },
{ "type": "Feature", "properties": { "Name": "15-2", "FolderPath": null, "SymbolID": null, "AltMode": null, "Base": null, "Clamped": null, "Extruded": null, "Snippet": null, "PopupInfo": null, "Shape_Leng": null, "Shape_Area": null, "OBJECTID": null, "Type": null, "Owner": "Conaway Preservation Group", "Access": null, "Feature_ID": null, "layer": null, "path": null, "field_id": "15-2", "joined_Name": "15-2" }, "geometry": { "type": "MultiPolygon", "coordinates": [ [ [ [ -121.62454983326333, 38.625200232530339, 0.0 ], [ -121.625004440085874, 38.625175657412733, 0.0 ], [ -121.625293158618206, 38.625179050642039, 0.0 ], [ -121.625512441870654, 38.625208261883436, 0.0 ], [ -121.625750580760894, 38.625278779931172, 0.0 ], [ -121.625795990598519, 38.625383553644852, 0.0 ], [ -121.625840037691816, 38.626029495521699, 0.0 ], [ -121.625910755765943, 38.630727603024837, 0.0 ], [ -121.625936433210029, 38.632630548565494, 0.0 ], [ -121.618338903846805, 38.632669806979187, 0.0 ], [ -121.618214265296075, 38.632630611721432, 0.0 ], [ -121.615912511145254, 38.628819952836807, 0.0 ], [ -121.615559526239196, 38.628113534549449, 0.0 ], [ -121.614670922641622, 38.626317241582328, 0.0 ], [ -121.614386508836162, 38.625764985599773, 0.0 ], [ -121.614401655330155, 38.625656874679152, 0.0 ], [ -121.614484294946408, 38.625609766288264, 0.0 ], [ -121.614720415322211, 38.625589112275577, 0.0 ], [ -121.62454983326333, 38.625200232530339, 0.0 ] ] ] ] } },
{ "type": "Feature", "properties": { "Name": "31-4", "FolderPath": null, "SymbolID": null, "AltMode": null, "Base": null, "Clamped": null, "Extruded": null, "Snippet": null, "PopupInfo": null, "Shape_Leng": null, "Shape_Area": null, "OBJECTID": null, "Type": null, "Owner": "Conaway Preservation Group", "Access": null, "Feature_ID": null, "layer": null, "path": null, "field_id": "31-4", "joined_Name": null }, "geometry": { "type": "MultiPolygon", "coordinates": [ [ [ [ -121.685044768624707, 38.657365185916547, 0.0 ], [ -121.685282420628056, 38.657339245501561, 0.0 ], [ -121.685332124412739, 38.657364840081819, 0.0 ], [ -121.685366581990394, 38.657476094956799, 0.0 ], [ -121.685319868697292, 38.659531994287775, 0.0 ], [ -121.681339415707086, 38.660195307404344, 0.0 ], [ -121.681258115478897, 38.660151474396251, 0.0 ], [ -121.681222288868753, 38.660115307655047, 0.0 ], [ -121.681233439656367, 38.6595074463727, 0.0 ], [ -121.681245597455415, 38.65809848506251, 0.0 ], [ -121.68126951240491, 38.658037956161898, 0.0 ], [ -121.68146665038897, 38.657982956309347, 0.0 ], [ -121.683438714745662, 38.657643959027823, 0.0 ], [ -121.685044768624707, 38.657365185916547, 0.0 ] ] ] ] } },
{ "type": "Feature", "properties": { "Name": "9-2", "FolderPath": null, "SymbolID": null, "AltMode": null, "Base": null, "Clamped": null, "Extruded": null, "Snippet": null, "PopupInfo": null, "Shape_Leng": null, "Shape_Area": null, "OBJECTID": null, "Type": null, "Owner": "Conaway Preservation Group", "Access": null, "Feature_ID": null, "layer": null, "path": null, "field_id": "9-2", "joined_Name": "9-2" }, "geometry": { "type": "MultiPolygon", "coordinates": [ [ [ [ -121.636888508999363, 38.632950183495559, 0.0 ], [ -121.637021311439398, 38.632871620639627, 0.0 ], [ -121.64750448012515, 38.6328788519683, 0.0 ], [ -121.654606985664543, 38.632937564295297, 0.0 ], [ -121.654809144332731, 38.632939889826766, 0.0 ], [ -121.654970128719825, 38.632981390797134, 0.0 ], [ -121.655040073344509, 38.633064667743263, 0.0 ], [ -121.654822915506017, 38.639899197478876, 0.0 ], [ -121.637025601793212, 38.639862737041405, 0.0 ], [ -121.636887739143177, 38.639851186285625, 0.0 ], [ -121.636790909738679, 38.639842160107541, 0.0 ], [ -121.636753451787968, 38.639817931718092, 0.0 ], [ -121.636715842021957, 38.63977296077443, 0.0 ], [ -121.636693961756606, 38.639663760944593, 0.0 ], [ -121.636888508999363, 38.632950183495559, 0.0 ] ] ] ] } },
{ "type": "Feature", "properties": { "Name": "8-2", "FolderPath": null, "SymbolID": null, "AltMode": null, "Base": null, "Clamped": null, "Extruded": null, "Snippet": null, "PopupInfo": null, "Shape_Leng": null, "Shape_Area": null, "OBJECTID": null, "Type": null, "Owner": "Conaway Preservation Group", "Access": null, "Feature_ID": null, "layer": null, "path": null, "field_id": "8-2", "joined_Name": null }, "geometry": { "type": "MultiPolygon", "coordinates": [ [ [ [ -121.663719723180421, 38.647107590574798, 0.0 ], [ -121.661296673110073, 38.647103726914338, 0.0 ], [ -121.65901553978658, 38.647106341743196, 0.0 ], [ -121.658975596197479, 38.647022676994361, 0.0 ], [ -121.658958691700462, 38.646950956056102, 0.0 ], [ -121.659012562769732, 38.644795009071231, 0.0 ], [ -121.65901812244303, 38.644741427536935, 0.0 ], [ -121.659059689287858, 38.644713292812717, 0.0 ], [ -121.659296840031288, 38.644712435440169, 0.0 ], [ -121.659407063316635, 38.644670781995323, 0.0 ], [ -121.659448964334757, 38.644624768690356, 0.0 ], [ -121.659449468289623, 38.644352968809883, 0.0 ], [ -121.659441149890114, 38.644309956823335, 0.0 ], [ -121.65940990199293, 38.644273834705082, 0.0 ], [ -121.659355456001904, 38.644258905664906, 0.0 ], [ -121.659008883270346, 38.644258508548717, 0.0 ], [ -121.65896738200253, 38.644283068004079, 0.0 ], [ -121.658898684239475, 38.646989608168504, 0.0 ], [ -121.65888856741276, 38.647043138208723, 0.0 ], [ -121.658837016691848, 38.647106543801371, 0.0 ], [ -121.655534853724888, 38.647081451402947, 0.0 ], [ -121.654897542149939, 38.647066073929302, 0.0 ], [ -121.654812876832722, 38.647041257943769, 0.0 ], [ -121.654777069985485, 38.647005082478152, 0.0 ], [ -121.654762718500521, 38.646959615107662, 0.0 ], [ -121.654757576543844, 38.646909487028189, 0.0 ], [ -121.654775675800181, 38.645941685977604, 0.0 ], [ -121.65487069240443, 38.642323473587858, 0.0 ], [ -121.65491547162469, 38.640199313543697, 0.0 ], [ -121.654930017145773, 38.640152988637738, 0.0 ], [ -121.654954956174691, 38.640119895591859, 0.0 ], [ -121.654991696371482, 38.640106012562036, 0.0 ], [ -121.660056724031804, 38.640123691567929, 0.0 ], [ -121.660337752985299, 38.640132869970586, 0.0 ], [ -121.660481735857331, 38.640155381294427, 0.0 ], [ -121.660564595560857, 38.640195075526862, 0.0 ], [ -121.660654335461103, 38.640273591063618, 0.0 ], [ -121.660735921353506, 38.640381817468246, 0.0 ], [ -121.661999980315684, 38.642089109405177, 0.0 ], [ -121.664966050297195, 38.646034575239561, 0.0 ], [ -121.665177087913605, 38.646261580075638, 0.0 ], [ -121.665305002620187, 38.646446151604088, 0.0 ], [ -121.665347670799548, 38.64670270631234, 0.0 ], [ -121.665227976576162, 38.646861562617751, 0.0 ], [ -121.664933198008953, 38.647018421139627, 0.0 ], [ -121.664382855031576, 38.647088938781906, 0.0 ], [ -121.664005406305407, 38.647113238380207, 0.0 ], [ -121.663719723180421, 38.647107590574798, 0.0 ] ] ] ] } },
{ "type": "Feature", "properties": { "Name": "27-1", "FolderPath": null, "SymbolID": null, "AltMode": null, "Base": null, "Clamped": null, "Extruded": null, "Snippet": null, "PopupInfo": null, "Shape_Leng": null, "Shape_Area": null, "OBJECTID": null, "Type": null, "Owner": "Conaway Preservation Group", "Access": null, "Feature_ID": null, "layer": null, "path": null, "field_id": "27-1", "joined_Name": null }, "geometry": { "type": "MultiPolygon", "coordinates": [ [ [ [ -121.620080272753711, 38.593947120753484, 0.0 ], [ -121.620138092816987, 38.593927763550951, 0.0 ], [ -121.62284698411581, 38.594024801569049, 0.0 ], [ -121.626096847166949, 38.594113296891827, 0.0 ], [ -121.629104242346472, 38.59422116748901, 0.0 ], [ -121.629404838403474, 38.594262532890177, 0.0 ], [ -121.629523926264042, 38.594339614466996, 0.0 ], [ -121.629576637608281, 38.596005369627434, 0.0 ], [ -121.62972073546473, 38.596669328263637, 0.0 ], [ -121.630164917338405, 38.598670800355571, 0.0 ], [ -121.630207838842693, 38.59880512698755, 0.0 ], [ -121.630620087404665, 38.600095278480495, 0.0 ], [ -121.631409190008128, 38.601712880194235, 0.0 ], [ -121.632552050068753, 38.603750896157365, 0.0 ], [ -121.632526325912309, 38.603835744459566, 0.0 ], [ -121.62608815327161, 38.603905900922754, 0.0 ], [ -121.622454688932905, 38.603924101324488, 0.0 ], [ -121.620930833597328, 38.603916892348515, 0.0 ], [ -121.620624465864637, 38.603913280489124, 0.0 ], [ -121.620455158586381, 38.603897674025184, 0.0 ], [ -121.620347898843164, 38.603831285264818, 0.0 ], [ -121.620291446914081, 38.603588043213072, 0.0 ], [ -121.620264322284072, 38.602670971894426, 0.0 ], [ -121.620165301888619, 38.598789145212869, 0.0 ], [ -121.620125758948134, 38.597238953726489, 0.0 ], [ -121.620092062243501, 38.596331821475133, 0.0 ], [ -121.620107126990831, 38.596211770000892, 0.0 ], [ -121.620184286883827, 38.596182621372641, 0.0 ], [ -121.620293451953771, 38.596148842452834, 0.0 ], [ -121.620363940059164, 38.59613464550057, 0.0 ], [ -121.620403287166951, 38.59608000395302, 0.0 ], [ -121.620411396259016, 38.595989925733207, 0.0 ], [ -121.620380637045358, 38.595929448290384, 0.0 ], [ -121.620171182260478, 38.595866863817882, 0.0 ], [ -121.620090038339157, 38.595770725564869, 0.0 ], [ -121.62003565253525, 38.594277227304971, 0.0 ], [ -121.620020920164563, 38.594046612619955, 0.0 ], [ -121.620080272753711, 38.593947120753484, 0.0 ] ] ] ] } },
{ "type": "Feature", "properties": { "Name": "7-3", "FolderPath": null, "SymbolID": null, "AltMode": null, "Base": null, "Clamped": null, "Extruded": null, "Snippet": null, "PopupInfo": null, "Shape_Leng": null, "Shape_Area": null, "OBJECTID": null, "Type": null, "Owner": "Conaway Preservation Group", "Access": null, "Feature_ID": null, "layer": null, "path": null, "field_id": "7-3", "joined_Name": null }, "geometry": { "type": "MultiPolygon", "coordinates": [ [ [ [ -121.68464107202422, 38.63296729376065, 0.0 ], [ -121.684952194539719, 38.63291207607223, 0.0 ], [ -121.690908194655023, 38.632928555491553, 0.0 ], [ -121.691025188542696, 38.63296341530328, 0.0 ], [ -121.691088268241941, 38.633022835605168, 0.0 ], [ -121.691083844937481, 38.633266030485643, 0.0 ], [ -121.691017049806206, 38.637526252514149, 0.0 ], [ -121.690877891785547, 38.644140665984978, 0.0 ], [ -121.690863216008765, 38.644570495235783, 0.0 ], [ -121.690861615210935, 38.644617375070311, 0.0 ], [ -121.690735476473648, 38.644724469526182, 0.0 ], [ -121.690649013627564, 38.644797891299014, 0.0 ], [ -121.690407831245139, 38.645087024185827, 0.0 ], [ -121.690080666615273, 38.64555640010493, 0.0 ], [ -121.689858585110755, 38.645864821207994, 0.0 ], [ -121.689777253441548, 38.645990276823277, 0.0 ], [ -121.689557738423773, 38.646157576360615, 0.0 ], [ -121.689387562474664, 38.646253424687849, 0.0 ], [ -121.689042360572245, 38.646377352945699, 0.0 ], [ -121.688744164813684, 38.646457699893709, 0.0 ], [ -121.688619764316499, 38.646477285676461, 0.0 ], [ -121.688462745093034, 38.64648506147487, 0.0 ], [ -121.688049887473312, 38.646513134464485, 0.0 ], [ -121.682858056322431, 38.646420127252952, 0.0 ], [ -121.682717372064104, 38.646340841079386, 0.0 ], [ -121.682656891190973, 38.646231118743358, 0.0 ], [ -121.682752400970273, 38.641015033804436, 0.0 ], [ -121.682953206775636, 38.633091984615199, 0.0 ], [ -121.683076624515863, 38.63299204304348, 0.0 ], [ -121.68464107202422, 38.63296729376065, 0.0 ] ] ] ] } },
{ "type": "Feature", "properties": { "Name": "19-2", "FolderPath": null, "SymbolID": null, "AltMode": null, "Base": null, "Clamped": null, "Extruded": null, "Snippet": null, "PopupInfo": null, "Shape_Leng": null, "Shape_Area": null, "OBJECTID": null, "Type": null, "Owner": "Conaway Preservation Group", "Access": null, "Feature_ID": null, "layer": null, "path": null, "field_id": "19-2", "joined_Name": null }, "geometry": { "type": "MultiPolygon", "coordinates": [ [ [ [ -121.674788292495805, 38.60406714624034, 0.0 ], [ -121.675955531036649, 38.604042210769741, 0.0 ], [ -121.683300138833303, 38.604100031282961, 0.0 ], [ -121.683119308864917, 38.611187134335971, 0.0 ], [ -121.674673930671943, 38.611075856733642, 0.0 ], [ -121.674603072460641, 38.611053182553292, 0.0 ], [ -121.674517775627791, 38.610842787971109, 0.0 ], [ -121.67454805603937, 38.609197320606597, 0.0 ], [ -121.674593788372192, 38.608082185233442, 0.0 ], [ -121.674714484217134, 38.604182753483421, 0.0 ], [ -121.674788292495805, 38.60406714624034, 0.0 ] ] ] ] } },
{ "type": "Feature", "properties": { "Name": "38-0", "FolderPath": null, "SymbolID": null, "AltMode": null, "Base": null, "Clamped": null, "Extruded": null, "Snippet": null, "PopupInfo": null, "Shape_Leng": null, "Shape_Area": null, "OBJECTID": null, "Type": null, "Owner": "Conaway Preservation Group", "Access": null, "Feature_ID": null, "layer": null, "path": null, "field_id": "38-0", "joined_Name": null }, "geometry": { "type": "MultiPolygon", "coordinates": [ [ [ [ -121.693663238698207, 38.684335187186946, 0.0 ], [ -121.693663238698207, 38.684192419514787, 0.0 ], [ -121.693653718352834, 38.68402109821259, 0.0 ], [ -121.693653720149442, 38.683802188153791, 0.0 ], [ -121.693663236901571, 38.683687973608791, 0.0 ], [ -121.693701309299954, 38.683621348081211, 0.0 ], [ -121.693815522901801, 38.683383402467598, 0.0 ], [ -121.693939254154088, 38.68291702749913, 0.0 ], [ -121.693977326552471, 38.682345957107287, 0.0 ], [ -121.693996361853351, 38.682260297102118, 0.0 ], [ -121.694024914804643, 38.682212706997319, 0.0 ], [ -121.694148646056945, 38.682193672349015, 0.0 ], [ -121.694548396358371, 38.682231743043062, 0.0 ], [ -121.695462109664774, 38.682355475113063, 0.0 ], [ -121.695595360364123, 38.682336439100276, 0.0 ], [ -121.696337751471106, 38.682231743043076, 0.0 ], [ -121.697413268428164, 38.682127046832633, 0.0 ], [ -121.69807951653506, 38.681993797016361, 0.0 ], [ -121.698593481336644, 38.682079456639229, 0.0 ], [ -121.699231177390558, 38.682307885772808, 0.0 ], [ -121.699554782895248, 38.682412581718609, 0.0 ], [ -121.700392353201522, 38.682536313475921, 0.0 ], [ -121.70074451345414, 38.682574384688891, 0.0 ], [ -121.701163299056475, 38.68256486741349, 0.0 ], [ -121.702086529115007, 38.682707635527919, 0.0 ], [ -121.702933618868343, 38.682831366775076, 0.0 ], [ -121.703380957421956, 38.68315497326099, 0.0 ], [ -121.703561795475167, 38.683354848856673, 0.0 ], [ -121.703609385523976, 38.683488098242378, 0.0 ], [ -121.703609384625651, 38.684135311524656, 0.0 ], [ -121.70373311767456, 38.684163865525392, 0.0 ], [ -121.704370813728474, 38.684182900350869, 0.0 ], [ -121.707606880453469, 38.684230489145428, 0.0 ], [ -121.708910825512561, 38.684220972090301, 0.0 ], [ -121.709072630061527, 38.684278077908338, 0.0 ], [ -121.709167807464212, 38.684316148895896, 0.0 ], [ -121.70928202196437, 38.684411329081023, 0.0 ], [ -121.709329611114853, 38.684506507035898, 0.0 ], [ -121.709301058163561, 38.686857414439068, 0.0 ], [ -121.709129736862437, 38.687190539714074, 0.0 ], [ -121.708815648109905, 38.687809199228305, 0.0 ], [ -121.708720468910585, 38.688151842214992, 0.0 ], [ -121.708530112308637, 38.688722912550297, 0.0 ], [ -121.70833023805622, 38.689008447761552, 0.0 ], [ -121.708195082030144, 38.689095644386903, 0.0 ], [ -121.707997113104469, 38.689151214939862, 0.0 ], [ -121.707825791803344, 38.689141697838025, 0.0 ], [ -121.707654471400588, 38.689094108803907, 0.0 ], [ -121.707130988948549, 38.688875198839284, 0.0 ], [ -121.705560545185705, 38.688437377601844, 0.0 ], [ -121.70431370692755, 38.688113771164694, 0.0 ], [ -121.70391395662611, 38.687885343035113, 0.0 ], [ -121.703143012567821, 38.68749511077803, 0.0 ], [ -121.702391102013749, 38.686971628833476, 0.0 ], [ -121.702029424110705, 38.686809826690364, 0.0 ], [ -121.701686780610189, 38.686695610635205, 0.0 ], [ -121.701115710804274, 38.686514772966596, 0.0 ], [ -121.700763549653331, 38.686381522906153, 0.0 ], [ -121.69986887344443, 38.685858041930004, 0.0 ], [ -121.69918358734175, 38.685610577066647, 0.0 ], [ -121.698764803536051, 38.685582024344441, 0.0 ], [ -121.698108072181299, 38.685562988488741, 0.0 ], [ -121.69734664307849, 38.685429739460623, 0.0 ], [ -121.695976073568062, 38.685125168019567, 0.0 ], [ -121.694814896858759, 38.684830114361169, 0.0 ], [ -121.693739380800011, 38.684696865370753, 0.0 ], [ -121.693691791649499, 38.684639758484458, 0.0 ], [ -121.693663237799896, 38.684506507737147, 0.0 ], [ -121.693663238698207, 38.684335187186946, 0.0 ] ] ] ] } },
{ "type": "Feature", "properties": { "Name": null, "FolderPath": null, "SymbolID": null, "AltMode": null, "Base": null, "Clamped": null, "Extruded": null, "Snippet": null, "PopupInfo": null, "Shape_Leng": null, "Shape_Area": null, "OBJECTID": null, "Type": null, "Owner": "Conaway Preservation Group", "Access": null, "Feature_ID": null, "layer": null, "path": null, "field_id": null, "joined_Name": null }, "geometry": { "type": "MultiPolygon", "coordinates": [ [ [ [ -121.698419583667331, 38.667307094739066, 0.0 ], [ -121.698425439784671, 38.667014358681385, 0.0 ], [ -121.702412898735801, 38.667076501621061, 0.0 ], [ -121.702270132182662, 38.668349513461841, 0.0 ], [ -121.703388479015828, 38.668385205416918, 0.0 ], [ -121.703388479015828, 38.669666548707134, 0.0 ], [ -121.699866875591255, 38.669622524411302, 0.0 ], [ -121.699950156604601, 38.668694534715371, 0.0 ], [ -121.700021541228679, 38.668266231228905, 0.0 ], [ -121.700039356617395, 38.668259105873197, 0.0 ], [ -121.699923390402418, 38.668180247867866, 0.0 ], [ -121.699875855150822, 38.667948509391977, 0.0 ], [ -121.699887738065428, 38.6678534377711, 0.0 ], [ -121.698830064344833, 38.667782134673971, 0.0 ], [ -121.69858644213808, 38.667716771568848, 0.0 ], [ -121.698414123707039, 38.667580106508517, 0.0 ], [ -121.698419583667331, 38.667307094739066, 0.0 ] ] ] ] } },
{ "type": "Feature", "properties": { "Name": "39-3", "FolderPath": null, "SymbolID": null, "AltMode": null, "Base": null, "Clamped": null, "Extruded": null, "Snippet": null, "PopupInfo": null, "Shape_Leng": null, "Shape_Area": null, "OBJECTID": null, "Type": null, "Owner": "Conaway Preservation Group", "Access": null, "Feature_ID": null, "layer": null, "path": null, "field_id": "39-3", "joined_Name": null }, "geometry": { "type": "MultiPolygon", "coordinates": [ [ [ [ -121.689728522532349, 38.691301274105385, 0.0 ], [ -121.689739126245954, 38.689519163230976, 0.0 ], [ -121.688726969262504, 38.689433384899985, 0.0 ], [ -121.687093788956858, 38.689407854371169, 0.0 ], [ -121.687159988505101, 38.68814534429908, 0.0 ], [ -121.687192220955779, 38.688077299507249, 0.0 ], [ -121.69133126881448, 38.688246358882637, 0.0 ], [ -121.691451723012619, 38.688284903865032, 0.0 ], [ -121.691395296236394, 38.691235234122544, 0.0 ], [ -121.691216834227063, 38.691294721084049, 0.0 ], [ -121.690883711071976, 38.69131851487311, 0.0 ], [ -121.689728522532349, 38.691301274105385, 0.0 ] ] ] ] } },
{ "type": "Feature", "properties": { "Name": "39-5", "FolderPath": null, "SymbolID": null, "AltMode": null, "Base": null, "Clamped": null, "Extruded": null, "Snippet": null, "PopupInfo": null, "Shape_Leng": null, "Shape_Area": null, "OBJECTID": null, "Type": null, "Owner": "Conaway Preservation Group", "Access": null, "Feature_ID": null, "layer": null, "path": null, "field_id": "39-5", "joined_Name": null }, "geometry": { "type": "MultiPolygon", "coordinates": [ [ [ [ -121.684461178100364, 38.687996144498378, 0.0 ], [ -121.684462323452365, 38.687978969543053, 0.0 ], [ -121.684943625510243, 38.68797896954306, 0.0 ], [ -121.684949687341742, 38.687977912147915, 0.0 ], [ -121.686898112531779, 38.68802296221449, 0.0 ], [ -121.687040879983243, 38.688070551259898, 0.0 ], [ -121.687076572744417, 38.688225215964756, 0.0 ], [ -121.68698622648138, 38.689761118081712, 0.0 ], [ -121.684349425882388, 38.689672436480173, 0.0 ], [ -121.684461178100364, 38.687996144498378, 0.0 ] ] ] ] } },
{ "type": "Feature", "properties": { "Name": "39-5", "FolderPath": null, "SymbolID": null, "AltMode": null, "Base": null, "Clamped": null, "Extruded": null, "Snippet": null, "PopupInfo": null, "Shape_Leng": null, "Shape_Area": null, "OBJECTID": null, "Type": null, "Owner": "Conaway Preservation Group", "Access": null, "Feature_ID": null, "layer": null, "path": null, "field_id": "39-5", "joined_Name": null }, "geometry": { "type": "MultiPolygon", "coordinates": [ [ [ [ -121.684461178100364, 38.687996144498378, 0.0 ], [ -121.684349425882388, 38.689672436480173, 0.0 ], [ -121.68698622648138, 38.689761118081712, 0.0 ], [ -121.68689811343009, 38.691259029333786, 0.0 ], [ -121.683995170758521, 38.691211441006914, 0.0 ], [ -121.678700868783181, 38.691140056003199, 0.0 ], [ -121.675005749473286, 38.691117179271544, 0.0 ], [ -121.67497701236735, 38.690973495391987, 0.0 ], [ -121.674917525030921, 38.690604678124778, 0.0 ], [ -121.674941319606162, 38.690307246264432, 0.0 ], [ -121.674810449442305, 38.688284703325444, 0.0 ], [ -121.674810450340615, 38.688082450444597, 0.0 ], [ -121.674810450340615, 38.687927784028751, 0.0 ], [ -121.674846141305167, 38.687761222249591, 0.0 ], [ -121.674883922649386, 38.687704549042664, 0.0 ], [ -121.675472088293461, 38.687818534898675, 0.0 ], [ -121.675739478125976, 38.687889839073662, 0.0 ], [ -121.678520331665581, 38.687925491134507, 0.0 ], [ -121.684461178100364, 38.687996144498378, 0.0 ] ] ] ] } },
{ "type": "Feature", "properties": { "Name": null, "FolderPath": null, "SymbolID": null, "AltMode": null, "Base": null, "Clamped": null, "Extruded": null, "Snippet": null, "PopupInfo": null, "Shape_Leng": null, "Shape_Area": null, "OBJECTID": null, "Type": null, "Owner": "Conaway Preservation Group", "Access": null, "Feature_ID": null, "layer": null, "path": null, "field_id": null, "joined_Name": null }, "geometry": { "type": "MultiPolygon", "coordinates": [ [ [ [ -121.679866802970238, 38.679540182734058, 0.0 ], [ -121.680711513086393, 38.679337928979358, 0.0 ], [ -121.680866177825479, 38.679361723939671, 0.0 ], [ -121.680997047989337, 38.679409311732691, 0.0 ], [ -121.681104123577967, 38.679468800111209, 0.0 ], [ -121.681246891927742, 38.679492593625483, 0.0 ], [ -121.681461043104946, 38.679504490730245, 0.0 ], [ -121.681651399706922, 38.679516387833083, 0.0 ], [ -121.681770374379795, 38.679528284933888, 0.0 ], [ -121.681796173096444, 38.679545485059649, 0.0 ], [ -121.682144946700419, 38.680082060004843, 0.0 ], [ -121.682174921684833, 38.680132953794249, 0.0 ], [ -121.682049875298972, 38.680141479801229, 0.0 ], [ -121.67918101201434, 38.680106705355293, 0.0 ], [ -121.679176232078703, 38.680001547406384, 0.0 ], [ -121.679379013279373, 38.67974243731971, 0.0 ], [ -121.679866802970238, 38.679540182734058, 0.0 ] ] ] ] } },
{ "type": "Feature", "properties": { "Name": "38-6", "FolderPath": null, "SymbolID": null, "AltMode": null, "Base": null, "Clamped": null, "Extruded": null, "Snippet": null, "PopupInfo": null, "Shape_Leng": null, "Shape_Area": null, "OBJECTID": null, "Type": null, "Owner": "Conaway Preservation Group", "Access": null, "Feature_ID": null, "layer": null, "path": null, "field_id": "38-6", "joined_Name": null }, "geometry": { "type": "MultiPolygon", "coordinates": [ [ [ [ -121.662246520250449, 38.640169965271717, 0.0 ], [ -121.662376357351732, 38.640135685026607, 0.0 ], [ -121.66613790348363, 38.640160758105857, 0.0 ], [ -121.672878813764967, 38.640177826655268, 0.0 ], [ -121.673106546570949, 38.640192330638946, 0.0 ], [ -121.673242330519415, 38.640247517459699, 0.0 ], [ -121.673293652169917, 38.640349430394878, 0.0 ], [ -121.673274396781792, 38.640992503104435, 0.0 ], [ -121.673270374125948, 38.641126874688439, 0.0 ], [ -121.673214608509753, 38.644527113628179, 0.0 ], [ -121.673146391345384, 38.646203651123734, 0.0 ], [ -121.673071143965586, 38.646333388702132, 0.0 ], [ -121.67296075539025, 38.646393352884346, 0.0 ], [ -121.672759501325544, 38.646462821552589, 0.0 ], [ -121.672677167136513, 38.646476192588437, 0.0 ], [ -121.67255299121814, 38.646483365715234, 0.0 ], [ -121.672217255762163, 38.646488138678606, 0.0 ], [ -121.671834261735754, 38.646483790882925, 0.0 ], [ -121.668038204127228, 38.646383402122645, 0.0 ], [ -121.667903686803342, 38.64637635737828, 0.0 ], [ -121.667742873096117, 38.646282021160992, 0.0 ], [ -121.667687965370988, 38.646186287934334, 0.0 ], [ -121.667592366658468, 38.646127977952531, 0.0 ], [ -121.667454471669103, 38.646067572942876, 0.0 ], [ -121.66730617598536, 38.646022662048964, 0.0 ], [ -121.667204195641034, 38.645995312920128, 0.0 ], [ -121.66662480024911, 38.64582175259747, 0.0 ], [ -121.666578643911478, 38.645793199440078, 0.0 ], [ -121.666278484435708, 38.645584730246078, 0.0 ], [ -121.665885204699279, 38.645315593102282, 0.0 ], [ -121.665678258908954, 38.645163023301649, 0.0 ], [ -121.665529064909947, 38.645011111989184, 0.0 ], [ -121.665377497561934, 38.644823410376326, 0.0 ], [ -121.664677991128272, 38.643854569410642, 0.0 ], [ -121.664290257590437, 38.643287456131496, 0.0 ], [ -121.6635135715008, 38.642219972143408, 0.0 ], [ -121.663225692893292, 38.641819119266422, 0.0 ], [ -121.662711291510448, 38.641093694386051, 0.0 ], [ -121.662646805947787, 38.641003525333424, 0.0 ], [ -121.662182296995837, 38.640354010109526, 0.0 ], [ -121.662191890104765, 38.640246827028264, 0.0 ], [ -121.662246520250449, 38.640169965271717, 0.0 ] ] ] ] } },
{ "type": "Feature", "properties": { "Name": "8-3", "FolderPath": null, "SymbolID": null, "AltMode": null, "Base": null, "Clamped": null, "Extruded": null, "Snippet": null, "PopupInfo": null, "Shape_Leng": null, "Shape_Area": null, "OBJECTID": null, "Type": null, "Owner": "Conaway Preservation Group", "Access": null, "Feature_ID": null, "layer": null, "path": null, "field_id": "8-3", "joined_Name": null }, "geometry": { "type": "MultiPolygon", "coordinates": [ [ [ [ -121.656831517040288, 38.632846777985108, 0.0 ], [ -121.656884277791875, 38.632795146750453, 0.0 ], [ -121.657025059068246, 38.63278515480377, 0.0 ], [ -121.657491140071954, 38.632790504800511, 0.0 ], [ -121.670124614138132, 38.63281147392108, 0.0 ], [ -121.672984269691128, 38.632804769585448, 0.0 ], [ -121.673292098084474, 38.632814791703886, 0.0 ], [ -121.673415959592461, 38.632822453900872, 0.0 ], [ -121.673530174990944, 38.63283599168664, 0.0 ], [ -121.67359667098323, 38.632897961478875, 0.0 ], [ -121.673542876270758, 38.634452233501534, 0.0 ], [ -121.67342462743666, 38.639863273110919, 0.0 ], [ -121.673395409732038, 38.639942749585018, 0.0 ], [ -121.673348098160972, 38.640000253480423, 0.0 ], [ -121.666363704013449, 38.639961457967495, 0.0 ], [ -121.662205099830999, 38.639937188220344, 0.0 ], [ -121.661938739467814, 38.639934140906718, 0.0 ], [ -121.661884042846793, 38.639909958858013, 0.0 ], [ -121.661846383673449, 38.639891646199132, 0.0 ], [ -121.66176414740076, 38.63984193487407, 0.0 ], [ -121.660713907239156, 38.638449426995869, 0.0 ], [ -121.659949348405917, 38.637389209878108, 0.0 ], [ -121.658804335981827, 38.635795024910053, 0.0 ], [ -121.657238051418744, 38.633664026769992, 0.0 ], [ -121.656893768492836, 38.633079658762227, 0.0 ], [ -121.656830216279758, 38.63291641276188, 0.0 ], [ -121.656831517040288, 38.632846777985108, 0.0 ] ] ] ] } },
{ "type": "Feature", "properties": { "Name": "22-2", "FolderPath": null, "SymbolID": null, "AltMode": null, "Base": null, "Clamped": null, "Extruded": null, "Snippet": null, "PopupInfo": null, "Shape_Leng": null, "Shape_Area": null, "OBJECTID": null, "Type": null, "Owner": "Conaway Preservation Group", "Access": null, "Feature_ID": null, "layer": null, "path": null, "field_id": "22-2", "joined_Name": null }, "geometry": { "type": "MultiPolygon", "coordinates": [ [ [ [ -121.630675402066601, 38.606906414111101, 0.0 ], [ -121.631150759972257, 38.60689452951722, 0.0 ], [ -121.631268128457378, 38.60693515684946, 0.0 ], [ -121.631277190661962, 38.606983846439263, 0.0 ], [ -121.632014291590238, 38.607819607644494, 0.0 ], [ -121.632141837089236, 38.608015655737873, 0.0 ], [ -121.63232085695229, 38.608189414996481, 0.0 ], [ -121.632621002953329, 38.608513368576489, 0.0 ], [ -121.632876968910409, 38.608859693729535, 0.0 ], [ -121.633174526865119, 38.609320948610545, 0.0 ], [ -121.633457481806573, 38.609782049605691, 0.0 ], [ -121.633901989768717, 38.610954567825303, 0.0 ], [ -121.634088695617379, 38.611551256175972, 0.0 ], [ -121.6341340596409, 38.611792722008659, 0.0 ], [ -121.63408249724192, 38.612204122254873, 0.0 ], [ -121.633926031380668, 38.612763073756504, 0.0 ], [ -121.633918348090049, 38.613552650865437, 0.0 ], [ -121.633759924799804, 38.614214589203357, 0.0 ], [ -121.633634046573988, 38.614398259874307, 0.0 ], [ -121.633562741899979, 38.614612842848295, 0.0 ], [ -121.633531186778995, 38.614738362988135, 0.0 ], [ -121.633599045515567, 38.614945687241594, 0.0 ], [ -121.633563209922244, 38.614993467341606, 0.0 ], [ -121.63349190794321, 38.615064771037837, 0.0 ], [ -121.632493652388789, 38.615076654980363, 0.0 ], [ -121.63027728849562, 38.615058828714936, 0.0 ], [ -121.630190647783095, 38.614997671753052, 0.0 ], [ -121.630201361989492, 38.614688848303381, 0.0 ], [ -121.630286857350043, 38.612590800326274, 0.0 ], [ -121.630303382758001, 38.611970112353525, 0.0 ], [ -121.630296156709861, 38.611965436064544, 0.0 ], [ -121.630330766102801, 38.610269581725255, 0.0 ], [ -121.630348591372993, 38.609045531733521, 0.0 ], [ -121.630455548383964, 38.60698365971168, 0.0 ], [ -121.630526852159662, 38.60691235570534, 0.0 ], [ -121.630675402066601, 38.606906414111101, 0.0 ] ] ] ] } },
{ "type": "Feature", "properties": { "Name": "22-2", "FolderPath": null, "SymbolID": null, "AltMode": null, "Base": null, "Clamped": null, "Extruded": null, "Snippet": null, "PopupInfo": null, "Shape_Leng": null, "Shape_Area": null, "OBJECTID": null, "Type": null, "Owner": "Conaway Preservation Group", "Access": null, "Feature_ID": null, "layer": null, "path": null, "field_id": "22-2", "joined_Name": null }, "geometry": { "type": "MultiPolygon", "coordinates": [ [ [ [ -121.627514261124517, 38.609116834321988, 0.0 ], [ -121.62763904250734, 38.609069300206841, 0.0 ], [ -121.629914827261643, 38.609116835023968, 0.0 ], [ -121.630104970064565, 38.609128719249775, 0.0 ], [ -121.630253519971504, 38.609229732983984, 0.0 ], [ -121.630217867634514, 38.609699151351194, 0.0 ], [ -121.630235694701341, 38.609853642773672, 0.0 ], [ -121.63027728849562, 38.609889295079164, 0.0 ], [ -121.630211925278914, 38.611814500284694, 0.0 ], [ -121.630135197475568, 38.611916803904165, 0.0 ], [ -121.629992378820106, 38.611983086913071, 0.0 ], [ -121.629896935516101, 38.612016303150583, 0.0 ], [ -121.62981647431441, 38.612028713346717, 0.0 ], [ -121.627515543020408, 38.612089484670435, 0.0 ], [ -121.627437014094909, 38.612070005310784, 0.0 ], [ -121.627401362656229, 38.612010586597954, 0.0 ], [ -121.627484551143127, 38.609200023159509, 0.0 ], [ -121.627514261124517, 38.609116834321988, 0.0 ] ] ] ] } },
{ "type": "Feature", "properties": { "Name": "22-2", "FolderPath": null, "SymbolID": null, "AltMode": null, "Base": null, "Clamped": null, "Extruded": null, "Snippet": null, "PopupInfo": null, "Shape_Leng": null, "Shape_Area": null, "OBJECTID": null, "Type": null, "Owner": "Conaway Preservation Group", "Access": null, "Feature_ID": null, "layer": null, "path": null, "field_id": "22-2", "joined_Name": null }, "geometry": { "type": "MultiPolygon", "coordinates": [ [ [ [ -121.627722231892548, 38.606852936230972, 0.0 ], [ -121.628560051930521, 38.606846993929828, 0.0 ], [ -121.630372358998756, 38.606894529517206, 0.0 ], [ -121.630408012234071, 38.607084673657795, 0.0 ], [ -121.630306997578685, 38.608997996167247, 0.0 ], [ -121.63020598471995, 38.609069300206841, 0.0 ], [ -121.630148335336585, 38.60909812420843, 0.0 ], [ -121.629998013951877, 38.609087125854714, 0.0 ], [ -121.627603357831035, 38.609030233143827, 0.0 ], [ -121.62756773873167, 38.609009880412728, 0.0 ], [ -121.627508318768918, 38.608914807095488, 0.0 ], [ -121.627609332525978, 38.606882646325303, 0.0 ], [ -121.627722231892548, 38.606852936230972, 0.0 ] ] ] ] } },
{ "type": "Feature", "properties": { "Name": "19-1", "FolderPath": null, "SymbolID": null, "AltMode": null, "Base": null, "Clamped": null, "Extruded": null, "Snippet": null, "PopupInfo": null, "Shape_Leng": null, "Shape_Area": null, "OBJECTID": null, "Type": null, "Owner": "Conaway Preservation Group", "Access": null, "Feature_ID": null, "layer": null, "path": null, "field_id": "19-1", "joined_Name": null }, "geometry": { "type": "MultiPolygon", "coordinates": [ [ [ [ -121.688906656573849, 38.618502369368777, 0.0 ], [ -121.691008544557093, 38.615008323161554, 0.0 ], [ -121.691890557215444, 38.6150454588375, 0.0 ], [ -121.69222479517984, 38.615091882090375, 0.0 ], [ -121.692341303078933, 38.615235802476377, 0.0 ], [ -121.692270344256329, 38.617782571316212, 0.0 ], [ -121.692210682646731, 38.617946637172416, 0.0 ], [ -121.692169088852452, 38.618053593200081, 0.0 ], [ -121.691182718009202, 38.618029824895785, 0.0 ], [ -121.690945039056402, 38.618065477349283, 0.0 ], [ -121.690897502906509, 38.618148664934814, 0.0 ], [ -121.6909272128879, 38.618320983273357, 0.0 ], [ -121.690933156141838, 38.618469533039274, 0.0 ], [ -121.690861585566509, 38.618531560168044, 0.0 ], [ -121.688906656573849, 38.618502369368777, 0.0 ] ] ] ] } },
{ "type": "Feature", "properties": { "Name": "19-1", "FolderPath": null, "SymbolID": null, "AltMode": null, "Base": null, "Clamped": null, "Extruded": null, "Snippet": null, "PopupInfo": null, "Shape_Leng": null, "Shape_Area": null, "OBJECTID": null, "Type": null, "Owner": "Conaway Preservation Group", "Access": null, "Feature_ID": null, "layer": null, "path": null, "field_id": "19-1", "joined_Name": null }, "geometry": { "type": "MultiPolygon", "coordinates": [ [ [ [ -121.687619750759055, 38.615045458837493, 0.0 ], [ -121.687759015679248, 38.614971183956882, 0.0 ], [ -121.690878562827066, 38.615008321757749, 0.0 ], [ -121.688783239731904, 38.618500526256085, 0.0 ], [ -121.686603696883921, 38.618467981202258, 0.0 ], [ -121.685627911788004, 38.618457486824788, 0.0 ], [ -121.687619750759055, 38.615045458837493, 0.0 ] ] ] ] } },
{ "type": "Feature", "properties": { "Name": "19-1", "FolderPath": null, "SymbolID": null, "AltMode": null, "Base": null, "Clamped": null, "Extruded": null, "Snippet": null, "PopupInfo": null, "Shape_Leng": null, "Shape_Area": null, "OBJECTID": null, "Type": null, "Owner": "Conaway Preservation Group", "Access": null, "Feature_ID": null, "layer": null, "path": null, "field_id": "19-1", "joined_Name": null }, "geometry": { "type": "MultiPolygon", "coordinates": [ [ [ [ -121.682372411808458, 38.618422473971087, 0.0 ], [ -121.68447235044755, 38.614952616453039, 0.0 ], [ -121.687526907179517, 38.614980469461742, 0.0 ], [ -121.68546915701944, 38.618455779873976, 0.0 ], [ -121.682372411808458, 38.618422473971087, 0.0 ] ] ] ] } },
{ "type": "Feature", "properties": { "Name": "19-1", "FolderPath": null, "SymbolID": null, "AltMode": null, "Base": null, "Clamped": null, "Extruded": null, "Snippet": null, "PopupInfo": null, "Shape_Leng": null, "Shape_Area": null, "OBJECTID": null, "Type": null, "Owner": "Conaway Preservation Group", "Access": null, "Feature_ID": null, "layer": null, "path": null, "field_id": "19-1", "joined_Name": null }, "geometry": { "type": "MultiPolygon", "coordinates": [ [ [ [ -121.679084922821659, 38.618387115077482, 0.0 ], [ -121.681102127521385, 38.614943331646451, 0.0 ], [ -121.684277379199983, 38.614971184658742, 0.0 ], [ -121.682276960419628, 38.618421445729268, 0.0 ], [ -121.679084922821659, 38.618387115077482, 0.0 ] ] ] ] } },
{ "type": "Feature", "properties": { "Name": "19-1", "FolderPath": null, "SymbolID": null, "AltMode": null, "Base": null, "Clamped": null, "Extruded": null, "Snippet": null, "PopupInfo": null, "Shape_Leng": null, "Shape_Area": null, "OBJECTID": null, "Type": null, "Owner": "Conaway Preservation Group", "Access": null, "Feature_ID": null, "layer": null, "path": null, "field_id": "19-1", "joined_Name": null }, "geometry": { "type": "MultiPolygon", "coordinates": [ [ [ [ -121.675818564905285, 38.618346543361163, 0.0 ], [ -121.677843315453401, 38.614869055958195, 0.0 ], [ -121.680888587198567, 38.614869056660083, 0.0 ], [ -121.680962860804613, 38.614934047540558, 0.0 ], [ -121.678941125900877, 38.618385568151822, 0.0 ], [ -121.676877370503121, 38.61836337144922, 0.0 ], [ -121.675818564905285, 38.618346543361163, 0.0 ] ] ] ] } },
{ "type": "Feature", "properties": { "Name": "19-1", "FolderPath": null, "SymbolID": null, "AltMode": null, "Base": null, "Clamped": null, "Extruded": null, "Snippet": null, "PopupInfo": null, "Shape_Leng": null, "Shape_Area": null, "OBJECTID": null, "Type": null, "Owner": "Conaway Preservation Group", "Access": null, "Feature_ID": null, "layer": null, "path": null, "field_id": "19-1", "joined_Name": null }, "geometry": { "type": "MultiPolygon", "coordinates": [ [ [ [ -121.674582311496138, 38.611178834569174, 0.0 ], [ -121.674715891877185, 38.611170378970222, 0.0 ], [ -121.675603736398358, 38.611182943740026, 0.0 ], [ -121.677713334621686, 38.614711221620034, 0.0 ], [ -121.677713333723361, 38.614859771842717, 0.0 ], [ -121.675672313787132, 38.618344218058184, 0.0 ], [ -121.674698529239379, 38.61832874036827, 0.0 ], [ -121.674558949908828, 38.618317189652167, 0.0 ], [ -121.674458223612675, 38.618266196485514, 0.0 ], [ -121.674383549358041, 38.618180605118205, 0.0 ], [ -121.674355546175704, 38.617975899087334, 0.0 ], [ -121.674411808560237, 38.615264659095629, 0.0 ], [ -121.674464946604246, 38.61272287579407, 0.0 ], [ -121.67450149905315, 38.611427172946328, 0.0 ], [ -121.67453094223491, 38.611208163823555, 0.0 ], [ -121.674582311496138, 38.611178834569174, 0.0 ] ] ] ] } },
{ "type": "Feature", "properties": { "Name": "19-1", "FolderPath": null, "SymbolID": null, "AltMode": null, "Base": null, "Clamped": null, "Extruded": null, "Snippet": null, "PopupInfo": null, "Shape_Leng": null, "Shape_Area": null, "OBJECTID": null, "Type": null, "Owner": "Conaway Preservation Group", "Access": null, "Feature_ID": null, "layer": null, "path": null, "field_id": "19-1", "joined_Name": null }, "geometry": { "type": "MultiPolygon", "coordinates": [ [ [ [ -121.677843315453401, 38.614748359555513, 0.0 ], [ -121.675736336717435, 38.611184820032022, 0.0 ], [ -121.678835055527074, 38.61122867176217, 0.0 ], [ -121.680999998955073, 38.614683368506789, 0.0 ], [ -121.680999998955073, 38.614804066422622, 0.0 ], [ -121.677843315453401, 38.614748359555513, 0.0 ] ] ] ] } },
{ "type": "Feature", "properties": { "Name": "19-1", "FolderPath": null, "SymbolID": null, "AltMode": null, "Base": null, "Clamped": null, "Extruded": null, "Snippet": null, "PopupInfo": null, "Shape_Leng": null, "Shape_Area": null, "OBJECTID": null, "Type": null, "Owner": "Conaway Preservation Group", "Access": null, "Feature_ID": null, "layer": null, "path": null, "field_id": "19-1", "joined_Name": null }, "geometry": { "type": "MultiPolygon", "coordinates": [ [ [ [ -121.69058146301316, 38.614284140999473, 0.0 ], [ -121.688850196559926, 38.611362629534653, 0.0 ], [ -121.692196710250812, 38.611396994433726, 0.0 ], [ -121.692298165080658, 38.611408098426338, 0.0 ], [ -121.692360693214312, 38.611463634508183, 0.0 ], [ -121.692397449580824, 38.611538821329376, 0.0 ], [ -121.692348214716716, 38.614923694431013, 0.0 ], [ -121.691017828645542, 38.614896908999356, 0.0 ], [ -121.69058146301316, 38.614284140999473, 0.0 ] ] ] ] } },
{ "type": "Feature", "properties": { "Name": "19-1", "FolderPath": null, "SymbolID": null, "AltMode": null, "Base": null, "Clamped": null, "Extruded": null, "Snippet": null, "PopupInfo": null, "Shape_Leng": null, "Shape_Area": null, "OBJECTID": null, "Type": null, "Owner": "Conaway Preservation Group", "Access": null, "Feature_ID": null, "layer": null, "path": null, "field_id": "19-1", "joined_Name": null }, "geometry": { "type": "MultiPolygon", "coordinates": [ [ [ [ -121.687666172997993, 38.614831918787097, 0.0 ], [ -121.685539618175369, 38.61132355319122, 0.0 ], [ -121.686848012590048, 38.611342068988797, 0.0 ], [ -121.68873851351222, 38.611361482563659, 0.0 ], [ -121.690822855601354, 38.614869055958209, 0.0 ], [ -121.687786869741259, 38.614841202906192, 0.0 ], [ -121.687666172997993, 38.614831918787097, 0.0 ] ] ] ] } },
{ "type": "Feature", "properties": { "Name": "19-1", "FolderPath": null, "SymbolID": null, "AltMode": null, "Base": null, "Clamped": null, "Extruded": null, "Snippet": null, "PopupInfo": null, "Shape_Leng": null, "Shape_Area": null, "OBJECTID": null, "Type": null, "Owner": "Conaway Preservation Group", "Access": null, "Feature_ID": null, "layer": null, "path": null, "field_id": "19-1", "joined_Name": null }, "geometry": { "type": "MultiPolygon", "coordinates": [ [ [ [ -121.684407361828335, 38.614822634666844, 0.0 ], [ -121.68229640535229, 38.611277656061638, 0.0 ], [ -121.685394889701641, 38.611321504927332, 0.0 ], [ -121.687517623091054, 38.614822633964927, 0.0 ], [ -121.687387642259338, 38.614850487024093, 0.0 ], [ -121.684407361828335, 38.614822634666844, 0.0 ] ] ] ] } },
{ "type": "Feature", "properties": { "Name": "24-2E", "FolderPath": null, "SymbolID": null, "AltMode": null, "Base": null, "Clamped": null, "Extruded": null, "Snippet": null, "PopupInfo": null, "Shape_Leng": null, "Shape_Area": null, "OBJECTID": null, "Type": null, "Owner": "Conaway Preservation Group", "Access": null, "Feature_ID": null, "layer": null, "path": null, "field_id": "24-2E", "joined_Name": null }, "geometry": { "type": "MultiPolygon", "coordinates": [ [ [ [ -121.696317314798407, 38.613893615027592, 0.0 ], [ -121.695692691028526, 38.611202475284237, 0.0 ], [ -121.695201422162569, 38.609028469811591, 0.0 ], [ -121.697122422685268, 38.609042770911863, 0.0 ], [ -121.697902622984259, 38.609046442179896, 0.0 ], [ -121.698972672794511, 38.613890746297379, 0.0 ], [ -121.698045653642097, 38.613887353937798, 0.0 ], [ -121.696317314798407, 38.613893615027592, 0.0 ] ] ] ] } },
{ "type": "Feature", "properties": { "Name": "24-3", "FolderPath": null, "SymbolID": null, "AltMode": null, "Base": null, "Clamped": null, "Extruded": null, "Snippet": null, "PopupInfo": null, "Shape_Leng": null, "Shape_Area": null, "OBJECTID": null, "Type": null, "Owner": "Conaway Preservation Group", "Access": null, "Feature_ID": null, "layer": null, "path": null, "field_id": "24-3", "joined_Name": null }, "geometry": { "type": "MultiPolygon", "coordinates": [ [ [ [ -121.708301601561601, 38.608914807797476, 0.0 ], [ -121.707496181959343, 38.604280731669576, 0.0 ], [ -121.707623369928811, 38.604281503880529, 0.0 ], [ -121.711091626900256, 38.604302462383153, 0.0 ], [ -121.711129990352774, 38.60485048416178, 0.0 ], [ -121.711141874165676, 38.606478589953888, 0.0 ], [ -121.711147533551951, 38.60860093558405, 0.0 ], [ -121.711104137737223, 38.608700127755846, 0.0 ], [ -121.711008958537946, 38.608833377052548, 0.0 ], [ -121.710904263484807, 38.608900001959078, 0.0 ], [ -121.710856673435998, 38.608928555070378, 0.0 ], [ -121.710666316834036, 38.609004697814981, 0.0 ], [ -121.708420104618952, 38.609004697814981, 0.0 ], [ -121.708342058088732, 38.609003814042666, 0.0 ], [ -121.708301601561601, 38.608914807797476, 0.0 ] ] ] ] } },
{ "type": "Feature", "properties": { "Name": "24-3", "FolderPath": null, "SymbolID": null, "AltMode": null, "Base": null, "Clamped": null, "Extruded": null, "Snippet": null, "PopupInfo": null, "Shape_Leng": null, "Shape_Area": null, "OBJECTID": null, "Type": null, "Owner": "Conaway Preservation Group", "Access": null, "Feature_ID": null, "layer": null, "path": null, "field_id": "24-3", "joined_Name": null }, "geometry": { "type": "MultiPolygon", "coordinates": [ [ [ [ -121.704920606936881, 38.605492219961448, 0.0 ], [ -121.704677203020736, 38.604269538822706, 0.0 ], [ -121.706440393802524, 38.604274330040937, 0.0 ], [ -121.70734748023709, 38.604279829586844, 0.0 ], [ -121.707541026756644, 38.605088163482726, 0.0 ], [ -121.708218413074704, 38.608938576314074, 0.0 ], [ -121.708192993447128, 38.609002127223874, 0.0 ], [ -121.705897876049619, 38.608976145435904, 0.0 ], [ -121.705542569896863, 38.608972061409382, 0.0 ], [ -121.705116691197063, 38.606609314116568, 0.0 ], [ -121.704920606936881, 38.605492219961448, 0.0 ] ] ] ] } },
{ "type": "Feature", "properties": { "Name": "24-4", "FolderPath": null, "SymbolID": null, "AltMode": null, "Base": null, "Clamped": null, "Extruded": null, "Snippet": null, "PopupInfo": null, "Shape_Leng": null, "Shape_Area": null, "OBJECTID": null, "Type": null, "Owner": "Conaway Preservation Group", "Access": null, "Feature_ID": null, "layer": null, "path": null, "field_id": "24-4", "joined_Name": null }, "geometry": { "type": "MultiPolygon", "coordinates": [ [ [ [ -121.699332613355821, 38.608949161935605, 0.0 ], [ -121.698515898337149, 38.604236035386648, 0.0 ], [ -121.698708645356092, 38.604237836043154, 0.0 ], [ -121.698711224419256, 38.604238459428373, 0.0 ], [ -121.701157810350068, 38.604278946458365, 0.0 ], [ -121.701157248004705, 38.604285693475511, 0.0 ], [ -121.701569321395212, 38.604291937150933, 0.0 ], [ -121.701729756911689, 38.604404834980407, 0.0 ], [ -121.701762010023643, 38.604605870333444, 0.0 ], [ -121.702048880721435, 38.606393896406182, 0.0 ], [ -121.70237627352337, 38.608861930190344, 0.0 ], [ -121.702281095222375, 38.608957109574256, 0.0 ], [ -121.699332613355821, 38.608949161935605, 0.0 ] ] ] ] } },
{ "type": "Feature", "properties": { "Name": "24-4", "FolderPath": null, "SymbolID": null, "AltMode": null, "Base": null, "Clamped": null, "Extruded": null, "Snippet": null, "PopupInfo": null, "Shape_Leng": null, "Shape_Area": null, "OBJECTID": null, "Type": null, "Owner": "Conaway Preservation Group", "Access": null, "Feature_ID": null, "layer": null, "path": null, "field_id": "24-4", "joined_Name": null }, "geometry": { "type": "MultiPolygon", "coordinates": [ [ [ [ -121.693153480707082, 38.604426616902977, 0.0 ], [ -121.693248658109752, 38.604179151465573, 0.0 ], [ -121.694466942518289, 38.604198186488773, 0.0 ], [ -121.695113409722623, 38.604204229396764, 0.0 ], [ -121.695668923402735, 38.60691235570534, 0.0 ], [ -121.696066705495383, 38.608936367934177, 0.0 ], [ -121.69310281662338, 38.608919185248411, 0.0 ], [ -121.693039268003531, 38.608823861209331, 0.0 ], [ -121.693048784755661, 38.608623986091999, 0.0 ], [ -121.693153480707082, 38.604426616902977, 0.0 ] ] ] ] } },
{ "type": "Feature", "properties": { "Name": "19-2", "FolderPath": null, "SymbolID": null, "AltMode": null, "Base": null, "Clamped": null, "Extruded": null, "Snippet": null, "PopupInfo": null, "Shape_Leng": null, "Shape_Area": null, "OBJECTID": null, "Type": null, "Owner": "Conaway Preservation Group", "Access": null, "Feature_ID": null, "layer": null, "path": null, "field_id": "19-2", "joined_Name": null }, "geometry": { "type": "MultiPolygon", "coordinates": [ [ [ [ -121.683260314720116, 38.610944098320545, 0.0 ], [ -121.68339056145318, 38.604100741718767, 0.0 ], [ -121.684340555018949, 38.604108187254148, 0.0 ], [ -121.692372869878014, 38.604188693197173, 0.0 ], [ -121.692385418444204, 38.604192130944007, 0.0 ], [ -121.6923889434334, 38.604297878961667, 0.0 ], [ -121.692543435695953, 38.604375124562196, 0.0 ], [ -121.692366145089778, 38.611248046760927, 0.0 ], [ -121.692243914024019, 38.611292410167678, 0.0 ], [ -121.691952074744407, 38.611298686224664, 0.0 ], [ -121.684672781655422, 38.6112075376912, 0.0 ], [ -121.683539655739196, 38.611192657218098, 0.0 ], [ -121.683260314720116, 38.610944098320545, 0.0 ] ] ] ] } },
{ "type": "Feature", "properties": { "Name": null, "FolderPath": null, "SymbolID": null, "AltMode": null, "Base": null, "Clamped": null, "Extruded": null, "Snippet": null, "PopupInfo": null, "Shape_Leng": null, "Shape_Area": null, "OBJECTID": null, "Type": null, "Owner": "Conaway Preservation Group", "Access": null, "Feature_ID": null, "layer": null, "path": null, "field_id": null, "joined_Name": null }, "geometry": { "type": "MultiPolygon", "coordinates": [ [ [ [ -121.709267865413807, 38.632944178095379, 0.0 ], [ -121.710445351935391, 38.632954196685716, 0.0 ], [ -121.710448880517845, 38.633435859972131, 0.0 ], [ -121.710408232649556, 38.634466747064444, 0.0 ], [ -121.709260828910175, 38.634485395827127, 0.0 ], [ -121.709267865413807, 38.632944178095379, 0.0 ] ] ] ] } },
{ "type": "Feature", "properties": { "Name": "36-1", "FolderPath": null, "SymbolID": null, "AltMode": null, "Base": null, "Clamped": null, "Extruded": null, "Snippet": null, "PopupInfo": null, "Shape_Leng": null, "Shape_Area": null, "OBJECTID": null, "Type": null, "Owner": "Conaway Preservation Group", "Access": null, "Feature_ID": null, "layer": null, "path": null, "field_id": "36-1", "joined_Name": null }, "geometry": { "type": "MultiPolygon", "coordinates": [ [ [ [ -121.697819338377627, 38.675272858597147, 0.0 ], [ -121.696333779120934, 38.675246860147951, 0.0 ], [ -121.694834543912322, 38.675249706786104, 0.0 ], [ -121.694048048219841, 38.675194786777787, 0.0 ], [ -121.694123741164006, 38.674036603686922, 0.0 ], [ -121.697851015669514, 38.674058480176924, 0.0 ], [ -121.701749565662041, 38.674076770076041, 0.0 ], [ -121.701804120349237, 38.675317899129539, 0.0 ], [ -121.70070482139333, 38.67532664732552, 0.0 ], [ -121.699476470463736, 38.675309540863395, 0.0 ], [ -121.697819338377627, 38.675272858597147, 0.0 ] ] ] ] } },
{ "type": "Feature", "properties": { "Name": "36-1", "FolderPath": null, "SymbolID": null, "AltMode": null, "Base": null, "Clamped": null, "Extruded": null, "Snippet": null, "PopupInfo": null, "Shape_Leng": null, "Shape_Area": null, "OBJECTID": null, "Type": null, "Owner": "Conaway Preservation Group", "Access": null, "Feature_ID": null, "layer": null, "path": null, "field_id": "36-1", "joined_Name": null }, "geometry": { "type": "MultiPolygon", "coordinates": [ [ [ [ -121.694005386328698, 38.676566463610364, 0.0 ], [ -121.693969288427283, 38.675524853920564, 0.0 ], [ -121.694481911145857, 38.675456999807167, 0.0 ], [ -121.696423301628883, 38.675430611494619, 0.0 ], [ -121.69765344649413, 38.675533355229305, 0.0 ], [ -121.698466992256456, 38.675516314038653, 0.0 ], [ -121.699267162104206, 38.675542389534321, 0.0 ], [ -121.700053059518709, 38.675568763078118, 0.0 ], [ -121.700681956574428, 38.675598427166818, 0.0 ], [ -121.701081593688102, 38.675590056309801, 0.0 ], [ -121.701238892287648, 38.675601040254207, 0.0 ], [ -121.701397984822748, 38.675697659899143, 0.0 ], [ -121.701655491390525, 38.67572082418895, 0.0 ], [ -121.701747107871412, 38.676004484791378, 0.0 ], [ -121.701566644415664, 38.676251008760516, 0.0 ], [ -121.701547068328978, 38.676679788349162, 0.0 ], [ -121.700719847513071, 38.67672567446612, 0.0 ], [ -121.69944867748714, 38.676709464600812, 0.0 ], [ -121.697763598812571, 38.676701925616584, 0.0 ], [ -121.695578376815362, 38.676676303583854, 0.0 ], [ -121.694005386328698, 38.676566463610364, 0.0 ] ] ] ] } },
{ "type": "Feature", "properties": { "Name": "36-3", "FolderPath": null, "SymbolID": null, "AltMode": null, "Base": null, "Clamped": null, "Extruded": null, "Snippet": null, "PopupInfo": null, "Shape_Leng": null, "Shape_Area": null, "OBJECTID": null, "Type": null, "Owner": "Conaway Preservation Group", "Access": null, "Feature_ID": null, "layer": null, "path": null, "field_id": "36-3", "joined_Name": null }, "geometry": { "type": "MultiPolygon", "coordinates": [ [ [ [ -121.702882465202819, 38.676667831164231, 0.0 ], [ -121.702249709882992, 38.676606794087128, 0.0 ], [ -121.701934500931259, 38.676631970116972, 0.0 ], [ -121.701947908286854, 38.675498748262015, 0.0 ], [ -121.701954704041995, 38.674049926794851, 0.0 ], [ -121.703943067431197, 38.674101139769071, 0.0 ], [ -121.703979335114184, 38.676719146057962, 0.0 ], [ -121.702882465202819, 38.676667831164231, 0.0 ] ] ] ] } },
{ "type": "Feature", "properties": { "Name": "23-1", "FolderPath": null, "SymbolID": null, "AltMode": null, "Base": null, "Clamped": null, "Extruded": null, "Snippet": null, "PopupInfo": null, "Shape_Leng": null, "Shape_Area": null, "OBJECTID": null, "Type": null, "Owner": "Conaway Preservation Group", "Access": null, "Feature_ID": null, "layer": null, "path": null, "field_id": "22-2", "joined_Name": "23-1" }, "geometry": { "type": "MultiPolygon", "coordinates": [ [ [ [ -121.6230116165613, 38.618175119271491, 0.0 ], [ -121.622936887509425, 38.618109864615114, 0.0 ], [ -121.622874768109227, 38.618020915990897, 0.0 ], [ -121.622842668609167, 38.617951394489182, 0.0 ], [ -121.622811070369053, 38.617855651498516, 0.0 ], [ -121.622716853265445, 38.617220329190594, 0.0 ], [ -121.622574790991479, 38.616226802270127, 0.0 ], [ -121.622472513304785, 38.61553654610907, 0.0 ], [ -121.622441731633245, 38.615247953815441, 0.0 ], [ -121.622725015358114, 38.615195494998829, 0.0 ], [ -121.625969342990459, 38.615142016979803, 0.0 ], [ -121.626088182017725, 38.615189552686736, 0.0 ], [ -121.626153545234416, 38.615272740098106, 0.0 ], [ -121.626200443580444, 38.618157055840733, 0.0 ], [ -121.62615892883791, 38.618156568038195, 0.0 ], [ -121.626096593842021, 38.618239224901814, 0.0 ], [ -121.624306860538525, 38.61824991723951, 0.0 ], [ -121.623429620629281, 38.618266316505846, 0.0 ], [ -121.623174900635561, 38.618229922271965, 0.0 ], [ -121.6230116165613, 38.618175119271491, 0.0 ] ] ] ] } },
{ "type": "Feature", "properties": { "Name": "6-3", "FolderPath": null, "SymbolID": null, "AltMode": null, "Base": null, "Clamped": null, "Extruded": null, "Snippet": null, "PopupInfo": null, "Shape_Leng": null, "Shape_Area": null, "OBJECTID": null, "Type": null, "Owner": "Conaway Preservation Group", "Access": null, "Feature_ID": null, "layer": null, "path": null, "field_id": "6-3", "joined_Name": null }, "geometry": { "type": "MultiPolygon", "coordinates": [ [ [ [ -121.683795115944761, 38.655911902107881, 0.0 ], [ -121.683742234818922, 38.65476816276955, 0.0 ], [ -121.683766421957955, 38.65470693655341, 0.0 ], [ -121.684507859054122, 38.65487220379304, 0.0 ], [ -121.684697645225853, 38.654874337800813, 0.0 ], [ -121.684818703091878, 38.654858480760623, 0.0 ], [ -121.684888706107031, 38.654838322728146, 0.0 ], [ -121.684941048243687, 38.654804378510875, 0.0 ], [ -121.685104341301084, 38.65469285150683, 0.0 ], [ -121.685207596354786, 38.654669202680672, 0.0 ], [ -121.685270405661143, 38.654694716839145, 0.0 ], [ -121.685283045855499, 38.654868515929984, 0.0 ], [ -121.685250821489632, 38.657063659491307, 0.0 ], [ -121.685185291186272, 38.657186962961163, 0.0 ], [ -121.685089034008641, 38.657260303918491, 0.0 ], [ -121.684842524616585, 38.657331955611205, 0.0 ], [ -121.683915372513539, 38.657490557558752, 0.0 ], [ -121.683874066180124, 38.657389587954469, 0.0 ], [ -121.683814647115668, 38.656254666931986, 0.0 ], [ -121.683799710827429, 38.656239731970075, 0.0 ], [ -121.683795115944761, 38.655911902107881, 0.0 ] ] ] ] } },
{ "type": "Feature", "properties": { "Name": "6-3", "FolderPath": null, "SymbolID": null, "AltMode": null, "Base": null, "Clamped": null, "Extruded": null, "Snippet": null, "PopupInfo": null, "Shape_Leng": null, "Shape_Area": null, "OBJECTID": null, "Type": null, "Owner": "Conaway Preservation Group", "Access": null, "Feature_ID": null, "layer": null, "path": null, "field_id": "6-3", "joined_Name": null }, "geometry": { "type": "MultiPolygon", "coordinates": [ [ [ [ -121.681972630065999, 38.654478011059439, 0.0 ], [ -121.682025256070276, 38.654346444634733, 0.0 ], [ -121.682073345582396, 38.654354837618079, 0.0 ], [ -121.682507247136002, 38.654415543607868, 0.0 ], [ -121.683184582250107, 38.654572020802391, 0.0 ], [ -121.683683728442787, 38.654687918442733, 0.0 ], [ -121.683700721873009, 38.654767695560039, 0.0 ], [ -121.683741242180531, 38.655578481832755, 0.0 ], [ -121.683721698433217, 38.655582053910443, 0.0 ], [ -121.683677981021603, 38.655636699942463, 0.0 ], [ -121.683600734890319, 38.655666409469525, 0.0 ], [ -121.683481894964743, 38.655678293697804, 0.0 ], [ -121.683412992385826, 38.655697433607713, 0.0 ], [ -121.683430783520024, 38.656250267116377, 0.0 ], [ -121.683589513135786, 38.656299739772201, 0.0 ], [ -121.683766657316554, 38.656346595797913, 0.0 ], [ -121.683824631890062, 38.657506080809043, 0.0 ], [ -121.682286531969012, 38.657769194093675, 0.0 ], [ -121.68223407664459, 38.657734224288731, 0.0 ], [ -121.681972630065999, 38.654478011059439, 0.0 ] ] ] ] } },
{ "type": "Feature", "properties": { "Name": "39-3", "FolderPath": null, "SymbolID": null, "AltMode": null, "Base": null, "Clamped": null, "Extruded": null, "Snippet": null, "PopupInfo": null, "Shape_Leng": null, "Shape_Area": null, "OBJECTID": null, "Type": null, "Owner": "Conaway Preservation Group", "Access": null, "Feature_ID": null, "layer": null, "path": null, "field_id": "39-3", "joined_Name": null }, "geometry": { "type": "MultiPolygon", "coordinates": [ [ [ [ -121.687093788956858, 38.689407854371169, 0.0 ], [ -121.688726969262504, 38.689433384899985, 0.0 ], [ -121.689739126245954, 38.689519163230976, 0.0 ], [ -121.689728522532349, 38.691301274105385, 0.0 ], [ -121.686996647836949, 38.691260500363747, 0.0 ], [ -121.687093788956858, 38.689407854371169, 0.0 ] ] ] ] } },
{ "type": "Feature", "properties": { "Name": "6-3", "FolderPath": null, "SymbolID": null, "AltMode": null, "Base": null, "Clamped": null, "Extruded": null, "Snippet": null, "PopupInfo": null, "Shape_Leng": null, "Shape_Area": null, "OBJECTID": null, "Type": null, "Owner": "Conaway Preservation Group", "Access": null, "Feature_ID": null, "layer": null, "path": null, "field_id": "6-3", "joined_Name": null }, "geometry": { "type": "MultiPolygon", "coordinates": [ [ [ [ -121.68057168492254, 38.65429449356138, 0.0 ], [ -121.681308233386929, 38.654240779528273, 0.0 ], [ -121.681655490634753, 38.654281906881472, 0.0 ], [ -121.681906187074347, 38.65432566350843, 0.0 ], [ -121.681901324493694, 38.65444235987583, 0.0 ], [ -121.68218654049474, 38.657740165880845, 0.0 ], [ -121.682170233377363, 38.657789088945457, 0.0 ], [ -121.681406874693323, 38.657919671878538, 0.0 ], [ -121.680738848820511, 38.65804536242667, 0.0 ], [ -121.680695099967849, 38.658001612280863, 0.0 ], [ -121.68005336598678, 38.654662212767761, 0.0 ], [ -121.680025423889859, 38.654382796684082, 0.0 ], [ -121.68057168492254, 38.65429449356138, 0.0 ] ] ] ] } },
{ "type": "Feature", "properties": { "Name": "6-3", "FolderPath": null, "SymbolID": null, "AltMode": null, "Base": null, "Clamped": null, "Extruded": null, "Snippet": null, "PopupInfo": null, "Shape_Leng": null, "Shape_Area": null, "OBJECTID": null, "Type": null, "Owner": "Conaway Preservation Group", "Access": null, "Feature_ID": null, "layer": null, "path": null, "field_id": "6-3", "joined_Name": null }, "geometry": { "type": "MultiPolygon", "coordinates": [ [ [ [ -121.679926149271168, 38.654398844642898, 0.0 ], [ -121.679929169407174, 38.654398357086933, 0.0 ], [ -121.680635680005068, 38.657995671412003, 0.0 ], [ -121.680631570212626, 38.658065546914472, 0.0 ], [ -121.679509898714585, 38.658276590005336, 0.0 ], [ -121.678710730488405, 38.658413105168115, 0.0 ], [ -121.678674823029837, 38.658370017444504, 0.0 ], [ -121.677982145588999, 38.654569019008221, 0.0 ], [ -121.678012942531879, 38.654567947089227, 0.0 ], [ -121.679926149271168, 38.654398844642898, 0.0 ] ] ] ] } },
{ "type": "Feature", "properties": { "Name": "6-4", "FolderPath": null, "SymbolID": null, "AltMode": null, "Base": null, "Clamped": null, "Extruded": null, "Snippet": null, "PopupInfo": null, "Shape_Leng": null, "Shape_Area": null, "OBJECTID": null, "Type": null, "Owner": "Conaway Preservation Group", "Access": null, "Feature_ID": null, "layer": null, "path": null, "field_id": "6-4", "joined_Name": null }, "geometry": { "type": "MultiPolygon", "coordinates": [ [ [ [ -121.682594501397844, 38.651322722814577, 0.0 ], [ -121.68631028375593, 38.651316871190062, 0.0 ], [ -121.686358275351679, 38.651331636000307, 0.0 ], [ -121.686189135160078, 38.652233720424881, 0.0 ], [ -121.686196273173323, 38.652440733522603, 0.0 ], [ -121.686224826124644, 38.652583501384143, 0.0 ], [ -121.686253379075936, 38.652697716450604, 0.0 ], [ -121.686274794014011, 38.652911867017188, 0.0 ], [ -121.686189134261753, 38.653083187711054, 0.0 ], [ -121.685718001132912, 38.653611428322463, 0.0 ], [ -121.684818564751325, 38.654368097744054, 0.0 ], [ -121.684611552485677, 38.654482312771314, 0.0 ], [ -121.68455411330811, 38.654482312771307, 0.0 ], [ -121.682969724098768, 38.654075423843061, 0.0 ], [ -121.682877286557741, 38.65404803569664, 0.0 ], [ -121.682685667822767, 38.654002652769258, 0.0 ], [ -121.682602480234209, 38.653877869914957, 0.0 ], [ -121.682525234102926, 38.653432220902104, 0.0 ], [ -121.6825311755602, 38.651352523227558, 0.0 ], [ -121.682594501397844, 38.651322722814577, 0.0 ] ] ] ] } },
{ "type": "Feature", "properties": { "Name": "6-5W", "FolderPath": null, "SymbolID": null, "AltMode": null, "Base": null, "Clamped": null, "Extruded": null, "Snippet": null, "PopupInfo": null, "Shape_Leng": null, "Shape_Area": null, "OBJECTID": null, "Type": null, "Owner": "Conaway Preservation Group", "Access": null, "Feature_ID": null, "layer": null, "path": null, "field_id": "6-5W", "joined_Name": null }, "geometry": { "type": "MultiPolygon", "coordinates": [ [ [ [ -121.67527600313494, 38.654210622540923, 0.0 ], [ -121.675287887846139, 38.651964547923384, 0.0 ], [ -121.675272073005587, 38.650172457248104, 0.0 ], [ -121.675288599311855, 38.650174829224987, 0.0 ], [ -121.675295659171667, 38.650079026132374, 0.0 ], [ -121.675299143736652, 38.650031728232285, 0.0 ], [ -121.675281968846733, 38.647547184950994, 0.0 ], [ -121.67530210368551, 38.647548333448007, 0.0 ], [ -121.675317596929219, 38.647508052552404, 0.0 ], [ -121.67544237831207, 38.647478343851347, 0.0 ], [ -121.678609461609767, 38.647656603590029, 0.0 ], [ -121.681695419850797, 38.647878107084708, 0.0 ], [ -121.682333989965457, 38.647904576411484, 0.0 ], [ -121.682315611333053, 38.648513161965191, 0.0 ], [ -121.682284438894371, 38.651063026261902, 0.0 ], [ -121.682267336768021, 38.65107841761025, 0.0 ], [ -121.682247880157277, 38.651075793806179, 0.0 ], [ -121.682216250476102, 38.651133783361786, 0.0 ], [ -121.68042436840247, 38.650883105300366, 0.0 ], [ -121.680390451610606, 38.6508702577446, 0.0 ], [ -121.680368291070849, 38.650871221679637, 0.0 ], [ -121.680100901238333, 38.650823686475619, 0.0 ], [ -121.680063215115524, 38.650820455817637, 0.0 ], [ -121.679940467518492, 38.650984119855217, 0.0 ], [ -121.679924870968506, 38.651219956965548, 0.0 ], [ -121.679928958303066, 38.651223439462115, 0.0 ], [ -121.680608094539323, 38.651314278964449, 0.0 ], [ -121.68072858736501, 38.651275547805227, 0.0 ], [ -121.680802055182227, 38.651019770655211, 0.0 ], [ -121.680849592230416, 38.650996002755662, 0.0 ], [ -121.681004083594658, 38.651007886355643, 0.0 ], [ -121.681919151560493, 38.651126727859626, 0.0 ], [ -121.68223407664459, 38.651251508490574, 0.0 ], [ -121.6822934966074, 38.651340639684747, 0.0 ], [ -121.682293497505725, 38.651518898232624, 0.0 ], [ -121.682297723180795, 38.651709126812307, 0.0 ], [ -121.682299438963, 38.65171498542027, 0.0 ], [ -121.682311322775888, 38.653646132858469, 0.0 ], [ -121.682257845168706, 38.653860043474545, 0.0 ], [ -121.68213306288753, 38.653901638962999, 0.0 ], [ -121.681687414064982, 38.653877869914965, 0.0 ], [ -121.681183178916243, 38.653829702527361, 0.0 ], [ -121.68109946671153, 38.653832719084548, 0.0 ], [ -121.680178615391867, 38.653925518142444, 0.0 ], [ -121.676816436879079, 38.654211053976454, 0.0 ], [ -121.675319212998417, 38.654292720117809, 0.0 ], [ -121.67527600313494, 38.654210622540923, 0.0 ] ] ] ] } },
{ "type": "Feature", "properties": { "Name": "6-5E", "FolderPath": null, "SymbolID": null, "AltMode": null, "Base": null, "Clamped": null, "Extruded": null, "Snippet": null, "PopupInfo": null, "Shape_Leng": null, "Shape_Area": null, "OBJECTID": null, "Type": null, "Owner": "Conaway Preservation Group", "Access": null, "Feature_ID": null, "layer": null, "path": null, "field_id": "6-5E", "joined_Name": null }, "geometry": { "type": "MultiPolygon", "coordinates": [ [ [ [ -121.668010057214445, 38.650799946573166, 0.0 ], [ -121.668056481250019, 38.650782092707715, 0.0 ], [ -121.668311987269647, 38.650799917809401, 0.0 ], [ -121.668561549137038, 38.650841511566959, 0.0 ], [ -121.668799230784813, 38.650847454432324, 0.0 ], [ -121.669143865850302, 38.65082368577405, 0.0 ], [ -121.669363719532925, 38.650764265496896, 0.0 ], [ -121.669708355496738, 38.65072267239605, 0.0 ], [ -121.669987630040467, 38.650722672396057, 0.0 ], [ -121.670385741814826, 38.650793976343188, 0.0 ], [ -121.670783855385807, 38.650853396595686, 0.0 ], [ -121.671259215088099, 38.650823686475619, 0.0 ], [ -121.671710807164558, 38.650740497512594, 0.0 ], [ -121.671948486117387, 38.650704846573575, 0.0 ], [ -121.672198049781414, 38.650716729520347, 0.0 ], [ -121.672827900847906, 38.650811802143515, 0.0 ], [ -121.673119059204524, 38.650841510865405, 0.0 ], [ -121.67334485524276, 38.650829627939373, 0.0 ], [ -121.673748909372748, 38.650764266198458, 0.0 ], [ -121.674034126272076, 38.65071078804722, 0.0 ], [ -121.674408472217294, 38.650698904397956, 0.0 ], [ -121.674943250984001, 38.650734556041428, 0.0 ], [ -121.675103685602181, 38.650716730221902, 0.0 ], [ -121.675103961384977, 38.650714065012799, 0.0 ], [ -121.675115568516759, 38.651352523227551, 0.0 ], [ -121.675121510872358, 38.654216564425276, 0.0 ], [ -121.675073420461942, 38.654296714574848, 0.0 ], [ -121.674774859089055, 38.654296714574855, 0.0 ], [ -121.674375108787629, 38.6542396065853, 0.0 ], [ -121.672975986325881, 38.653846996518048, 0.0 ], [ -121.670420443734244, 38.653018943463472, 0.0 ], [ -121.669007043449383, 38.652562087661202, 0.0 ], [ -121.668718177593334, 38.652453763898279, 0.0 ], [ -121.668341696352726, 38.652332952567875, 0.0 ], [ -121.668276334932628, 38.652261647346322, 0.0 ], [ -121.667985176576011, 38.650912815395792, 0.0 ], [ -121.667991779193358, 38.650899611456104, 0.0 ], [ -121.667979235118722, 38.650811801441954, 0.0 ], [ -121.668011689453309, 38.650808710392795, 0.0 ], [ -121.668010057214445, 38.650799946573166, 0.0 ] ] ] ] } },
{ "type": "Feature", "properties": { "Name": "22-2", "FolderPath": null, "SymbolID": null, "AltMode": null, "Base": null, "Clamped": null, "Extruded": null, "Snippet": null, "PopupInfo": null, "Shape_Leng": null, "Shape_Area": null, "OBJECTID": null, "Type": null, "Owner": "Conaway Preservation Group", "Access": null, "Feature_ID": null, "layer": null, "path": null, "field_id": "22-2", "joined_Name": null }, "geometry": { "type": "MultiPolygon", "coordinates": [ [ [ [ -121.63377688319575, 38.61511169052433, 0.0 ], [ -121.633920951407745, 38.61510483222056, 0.0 ], [ -121.634569641942392, 38.61525015006869, 0.0 ], [ -121.635143741765759, 38.615430841326898, 0.0 ], [ -121.635528319522052, 38.615616571063057, 0.0 ], [ -121.635730464715479, 38.615676925929357, 0.0 ], [ -121.63602982019907, 38.61572753980613, 0.0 ], [ -121.636560542173967, 38.615757929172005, 0.0 ], [ -121.63676841412736, 38.615761522185863, 0.0 ], [ -121.636953220937485, 38.615819727019648, 0.0 ], [ -121.637080051377509, 38.615895648372259, 0.0 ], [ -121.637135012103215, 38.616110459193969, 0.0 ], [ -121.637065926267965, 38.617572041354201, 0.0 ], [ -121.637012643595227, 38.61799728805088, 0.0 ], [ -121.637003898495934, 38.618067082537465, 0.0 ], [ -121.636904522367615, 38.618090267571482, 0.0 ], [ -121.636751271576799, 38.618124394119874, 0.0 ], [ -121.634529940000093, 38.618144099242805, 0.0 ], [ -121.63438320469001, 38.618095187713685, 0.0 ], [ -121.634305959457038, 38.6177743207421, 0.0 ], [ -121.63377688319575, 38.61511169052433, 0.0 ] ] ] ] } },
{ "type": "Feature", "properties": { "Name": "22-2", "FolderPath": null, "SymbolID": null, "AltMode": null, "Base": null, "Clamped": null, "Extruded": null, "Snippet": null, "PopupInfo": null, "Shape_Leng": null, "Shape_Area": null, "OBJECTID": null, "Type": null, "Owner": "Conaway Preservation Group", "Access": null, "Feature_ID": null, "layer": null, "path": null, "field_id": "22-2", "joined_Name": null }, "geometry": { "type": "MultiPolygon", "coordinates": [ [ [ [ -121.630413952793035, 38.615118248412593, 0.0 ], [ -121.633373068017633, 38.615118248412578, 0.0 ], [ -121.633545384652066, 38.615124190028702, 0.0 ], [ -121.633680834427267, 38.615181496943428, 0.0 ], [ -121.634317844168251, 38.618000114504291, 0.0 ], [ -121.634282191831261, 38.618107070452204, 0.0 ], [ -121.634215835976164, 38.618146884279852, 0.0 ], [ -121.634197096221015, 38.61814705132592, 0.0 ], [ -121.630185275857684, 38.618179692682105, 0.0 ], [ -121.630105776751677, 38.618124168818149, 0.0 ], [ -121.630096026437599, 38.618037625538456, 0.0 ], [ -121.630126012201785, 38.616860746449525, 0.0 ], [ -121.630183969707289, 38.615190168255808, 0.0 ], [ -121.630253519971504, 38.61513607536515, 0.0 ], [ -121.630413952793035, 38.615118248412593, 0.0 ] ] ] ] } },
{ "type": "Feature", "properties": { "Name": "22-2", "FolderPath": null, "SymbolID": null, "AltMode": null, "Base": null, "Clamped": null, "Extruded": null, "Snippet": null, "PopupInfo": null, "Shape_Leng": null, "Shape_Area": null, "OBJECTID": null, "Type": null, "Owner": "Conaway Preservation Group", "Access": null, "Feature_ID": null, "layer": null, "path": null, "field_id": "22-2", "joined_Name": null }, "geometry": { "type": "MultiPolygon", "coordinates": [ [ [ [ -121.626670497832663, 38.615153900909476, 0.0 ], [ -121.629837582028671, 38.615112306796021, 0.0 ], [ -121.629985555217203, 38.615200166163966, 0.0 ], [ -121.629880629297062, 38.618037291445802, 0.0 ], [ -121.629857189556361, 38.618114579106717, 0.0 ], [ -121.629764592115194, 38.618166666602761, 0.0 ], [ -121.629654801817807, 38.618186840565784, 0.0 ], [ -121.626427278969459, 38.618188329942086, 0.0 ], [ -121.626368168027156, 38.618180482992116, 0.0 ], [ -121.626300213170836, 38.618158227268673, 0.0 ], [ -121.626259656032389, 38.61815775069612, 0.0 ], [ -121.626207022841584, 38.615397522087115, 0.0 ], [ -121.626207022841584, 38.615237087660255, 0.0 ], [ -121.626302095141355, 38.615183611076041, 0.0 ], [ -121.626670497832663, 38.615153900909476, 0.0 ] ] ] ] } },
{ "type": "Feature", "properties": { "Name": "22-2", "FolderPath": null, "SymbolID": null, "AltMode": null, "Base": null, "Clamped": null, "Extruded": null, "Snippet": null, "PopupInfo": null, "Shape_Leng": null, "Shape_Area": null, "OBJECTID": null, "Type": null, "Owner": "Conaway Preservation Group", "Access": null, "Feature_ID": null, "layer": null, "path": null, "field_id": "22-2", "joined_Name": null }, "geometry": { "type": "MultiPolygon", "coordinates": [ [ [ [ -121.627550875557162, 38.6121490275601, 0.0 ], [ -121.629924541643121, 38.612098645604163, 0.0 ], [ -121.629985231823724, 38.612103170266913, 0.0 ], [ -121.63003347854098, 38.612122810360255, 0.0 ], [ -121.630074182104821, 38.6121557120671, 0.0 ], [ -121.630091595048285, 38.612332984291946, 0.0 ], [ -121.629991943137185, 38.615027476741439, 0.0 ], [ -121.629891058737542, 38.615070713360311, 0.0 ], [ -121.627419188824732, 38.615100422859406, 0.0 ], [ -121.627300350695805, 38.615076654980371, 0.0 ], [ -121.627247130006765, 38.615012598464503, 0.0 ], [ -121.62730034979748, 38.61403086331277, 0.0 ], [ -121.627383538284349, 38.612277976735676, 0.0 ], [ -121.627431073535931, 38.612206672375201, 0.0 ], [ -121.627518317018016, 38.612153498170827, 0.0 ], [ -121.627550875557162, 38.6121490275601, 0.0 ] ] ] ] } },
{ "type": "Feature", "properties": { "Name": null, "FolderPath": null, "SymbolID": null, "AltMode": null, "Base": null, "Clamped": null, "Extruded": null, "Snippet": null, "PopupInfo": null, "Shape_Leng": null, "Shape_Area": null, "OBJECTID": null, "Type": null, "Owner": "Conaway Preservation Group", "Access": null, "Feature_ID": null, "layer": null, "path": null, "field_id": null, "joined_Name": null }, "geometry": { "type": "MultiPolygon", "coordinates": [ [ [ [ -121.697772947579736, 38.659878630714047, 0.0 ], [ -121.697963305080023, 38.659878630714054, 0.0 ], [ -121.703935754246487, 38.659997603406218, 0.0 ], [ -121.709297330155138, 38.660088099288309, 0.0 ], [ -121.709163517110397, 38.663507122638599, 0.0 ], [ -121.709158671597748, 38.663507309219057, 0.0 ], [ -121.704328364738018, 38.663447821604272, 0.0 ], [ -121.697677771075377, 38.663352644404213, 0.0 ], [ -121.697701565650618, 38.661627535201895, 0.0 ], [ -121.697701563854011, 38.659902425829465, 0.0 ], [ -121.697772947579736, 38.659878630714047, 0.0 ] ] ] ] } },
{ "type": "Feature", "properties": { "Name": null, "FolderPath": null, "SymbolID": null, "AltMode": null, "Base": null, "Clamped": null, "Extruded": null, "Snippet": null, "PopupInfo": null, "Shape_Leng": null, "Shape_Area": null, "OBJECTID": null, "Type": null, "Owner": "Conaway Preservation Group", "Access": null, "Feature_ID": null, "layer": null, "path": null, "field_id": null, "joined_Name": null }, "geometry": { "type": "MultiPolygon", "coordinates": [ [ [ [ -121.685774513249129, 38.657501104446382, 0.0 ], [ -121.685831620948377, 38.657434479096281, 0.0 ], [ -121.685888727749301, 38.657405924954972, 0.0 ], [ -121.685993424599033, 38.657367854385662, 0.0 ], [ -121.686164746798454, 38.657348818742683, 0.0 ], [ -121.691409079087791, 38.657405925656427, 0.0 ], [ -121.696712838526409, 38.657466798820941, 0.0 ], [ -121.697214963532588, 38.657472551033138, 0.0 ], [ -121.697291107431013, 38.657472549630128, 0.0 ], [ -121.697405321032861, 38.657577246124582, 0.0 ], [ -121.697414838683301, 38.657700978020372, 0.0 ], [ -121.697395804280745, 38.660889455992674, 0.0 ], [ -121.697357732780688, 38.661165473406548, 0.0 ], [ -121.697339691914834, 38.661243652415472, 0.0 ], [ -121.697234001528415, 38.661308240012296, 0.0 ], [ -121.696529680124826, 38.66130824141522, 0.0 ], [ -121.690914150485369, 38.661213063475856, 0.0 ], [ -121.68600294314777, 38.661146438772924, 0.0 ], [ -121.685869693346731, 38.661127402731303, 0.0 ], [ -121.685774515045765, 38.661079814007934, 0.0 ], [ -121.685707889696062, 38.660975117723311, 0.0 ], [ -121.685745961196119, 38.659138173725829, 0.0 ], [ -121.685745960297808, 38.659062030901133, 0.0 ], [ -121.685784031797866, 38.658938298550609, 0.0 ], [ -121.685879210098847, 38.658871674537409, 0.0 ], [ -121.685983906948579, 38.658814566687838, 0.0 ], [ -121.686031496099091, 38.65873842351909, 0.0 ], [ -121.686031496099091, 38.658652764023515, 0.0 ], [ -121.68602197844865, 38.658509995631611, 0.0 ], [ -121.685993423700722, 38.658424335161399, 0.0 ], [ -121.685898245399713, 38.658348192980725, 0.0 ], [ -121.685764995598689, 38.658272050017679, 0.0 ], [ -121.685755477948263, 38.658157836122768, 0.0 ], [ -121.685764995598689, 38.658005549710921, 0.0 ], [ -121.685774514147425, 38.657834228864303, 0.0 ], [ -121.685774514147425, 38.657605799496075, 0.0 ], [ -121.685774513249129, 38.657501104446382, 0.0 ] ] ] ] } },
{ "type": "Feature", "properties": { "Name": null, "FolderPath": null, "SymbolID": null, "AltMode": null, "Base": null, "Clamped": null, "Extruded": null, "Snippet": null, "PopupInfo": null, "Shape_Leng": null, "Shape_Area": null, "OBJECTID": null, "Type": null, "Owner": "Conaway Preservation Group", "Access": null, "Feature_ID": null, "layer": null, "path": null, "field_id": null, "joined_Name": null }, "geometry": { "type": "MultiPolygon", "coordinates": [ [ [ [ -121.697713462039943, 38.663424029069702, 0.0 ], [ -121.697796743053303, 38.663424029069702, 0.0 ], [ -121.703400375405138, 38.66350730992044, 0.0 ], [ -121.707103557094712, 38.663563992468838, 0.0 ], [ -121.706921594350788, 38.667018257039146, 0.0 ], [ -121.701948904518517, 38.666945630276523, 0.0 ], [ -121.69784192292218, 38.666923614840591, 0.0 ], [ -121.6976420792125, 38.666886144816758, 0.0 ], [ -121.697570694588464, 38.666838555711983, 0.0 ], [ -121.697523105437966, 38.666671992543954, 0.0 ], [ -121.697594489163706, 38.663483515301365, 0.0 ], [ -121.697630181026568, 38.663435925338, 0.0 ], [ -121.697713462039943, 38.663424029069702, 0.0 ] ] ] ] } },
{ "type": "Feature", "properties": { "Name": null, "FolderPath": null, "SymbolID": null, "AltMode": null, "Base": null, "Clamped": null, "Extruded": null, "Snippet": null, "PopupInfo": null, "Shape_Leng": null, "Shape_Area": null, "OBJECTID": null, "Type": null, "Owner": "Conaway Preservation Group", "Access": null, "Feature_ID": null, "layer": null, "path": null, "field_id": null, "joined_Name": null }, "geometry": { "type": "MultiPolygon", "coordinates": [ [ [ [ -121.692252541444034, 38.665380750646619, 0.0 ], [ -121.692188353223685, 38.669368929520118, 0.0 ], [ -121.686565686469308, 38.669277503421483, 0.0 ], [ -121.686446713593071, 38.669229913801992, 0.0 ], [ -121.686353240294508, 38.66926431759596, 0.0 ], [ -121.685496634687354, 38.669250040430256, 0.0 ], [ -121.685460941926152, 38.669164379480385, 0.0 ], [ -121.685503772700585, 38.665752233507042, 0.0 ], [ -121.685596570466075, 38.66551666658998, 0.0 ], [ -121.685625125214003, 38.665416728153239, 0.0 ], [ -121.685710784966233, 38.665366758181143, 0.0 ], [ -121.685803583630033, 38.665338207202417, 0.0 ], [ -121.685939213966563, 38.66532392925378, 0.0 ], [ -121.686317547533307, 38.665331068228461, 0.0 ], [ -121.686434815407139, 38.665410879082913, 0.0 ], [ -121.686494301845244, 38.66531570168631, 0.0 ], [ -121.690658358801471, 38.665351392348121, 0.0 ], [ -121.692252541444034, 38.665380750646619, 0.0 ] ] ] ] } },
{ "type": "Feature", "properties": { "Name": null, "FolderPath": null, "SymbolID": null, "AltMode": null, "Base": null, "Clamped": null, "Extruded": null, "Snippet": null, "PopupInfo": null, "Shape_Leng": null, "Shape_Area": null, "OBJECTID": null, "Type": null, "Owner": "Conaway Preservation Group", "Access": null, "Feature_ID": null, "layer": null, "path": null, "field_id": null, "joined_Name": null }, "geometry": { "type": "MultiPolygon", "coordinates": [ [ [ [ -121.697265465021204, 38.657435050810292, 0.0 ], [ -121.697300624183114, 38.654683821586019, 0.0 ], [ -121.697338696581497, 38.654626713905074, 0.0 ], [ -121.697414838683301, 38.654636231387357, 0.0 ], [ -121.697519536431329, 38.654636231387364, 0.0 ], [ -121.69762423148444, 38.654607678936657, 0.0 ], [ -121.697700374484569, 38.654531535504773, 0.0 ], [ -121.697728928334186, 38.654407803746111, 0.0 ], [ -121.69780507043599, 38.65439828553194, 0.0 ], [ -121.698109641538124, 38.65439828553194, 0.0 ], [ -121.704210580332926, 38.654493464109251, 0.0 ], [ -121.709959360671746, 38.654560088687404, 0.0 ], [ -121.710006948923919, 38.654626713905067, 0.0 ], [ -121.709949842123009, 38.657291709678923, 0.0 ], [ -121.709930806822129, 38.657367851579707, 0.0 ], [ -121.70981659142366, 38.657424959881297, 0.0 ], [ -121.705324168790042, 38.657367852281226, 0.0 ], [ -121.703001814473154, 38.657339299516288, 0.0 ], [ -121.70277338547281, 38.657396406437684, 0.0 ], [ -121.702421226118503, 38.657491585240244, 0.0 ], [ -121.700203567753007, 38.657463030420203, 0.0 ], [ -121.697265465021204, 38.657435050810292, 0.0 ] ] ] ] } },
{ "type": "Feature", "properties": { "Name": null, "FolderPath": null, "SymbolID": null, "AltMode": null, "Base": null, "Clamped": null, "Extruded": null, "Snippet": null, "PopupInfo": null, "Shape_Leng": null, "Shape_Area": null, "OBJECTID": null, "Type": null, "Owner": "Conaway Preservation Group", "Access": null, "Feature_ID": null, "layer": null, "path": null, "field_id": null, "joined_Name": null }, "geometry": { "type": "MultiPolygon", "coordinates": [ [ [ [ -121.697528496227989, 38.659694636726783, 0.0 ], [ -121.697519536431329, 38.657624835772232, 0.0 ], [ -121.697529052285148, 38.657529657146753, 0.0 ], [ -121.697576644130592, 38.657472548928638, 0.0 ], [ -121.701897744564775, 38.657539174243361, 0.0 ], [ -121.702059548215431, 38.657605799496061, 0.0 ], [ -121.702411708468048, 38.657643870640371, 0.0 ], [ -121.702716278671872, 38.657567727630067, 0.0 ], [ -121.702792421672001, 38.657443995504011, 0.0 ], [ -121.703344457973643, 38.657377370100789, 0.0 ], [ -121.70978803937065, 38.657520137944402, 0.0 ], [ -121.709902253870808, 38.657577244721558, 0.0 ], [ -121.709835627622823, 38.659880563252017, 0.0 ], [ -121.709797557021105, 38.65996622408499, 0.0 ], [ -121.708798183064147, 38.659928152070719, 0.0 ], [ -121.703601439026983, 38.659852010787354, 0.0 ], [ -121.697528496227989, 38.659694636726783, 0.0 ] ] ] ] } },
{ "type": "Feature", "properties": { "Name": null, "FolderPath": null, "SymbolID": null, "AltMode": null, "Base": null, "Clamped": null, "Extruded": null, "Snippet": null, "PopupInfo": null, "Shape_Leng": null, "Shape_Area": null, "OBJECTID": null, "Type": null, "Owner": "Conaway Preservation Group", "Access": null, "Feature_ID": null, "layer": null, "path": null, "field_id": null, "joined_Name": null }, "geometry": { "type": "MultiPolygon", "coordinates": [ [ [ [ -121.68607908524956, 38.654265037415804, 0.0 ], [ -121.686278959501976, 38.654246000246701, 0.0 ], [ -121.690200312329665, 38.654312626458015, 0.0 ], [ -121.696672447576319, 38.654407803746118, 0.0 ], [ -121.696729554377228, 38.654426839469188, 0.0 ], [ -121.696786660279841, 38.654531535504766, 0.0 ], [ -121.696805696479032, 38.654607678936664, 0.0 ], [ -121.69682473357652, 38.654893213454592, 0.0 ], [ -121.696715381656972, 38.657408301602757, 0.0 ], [ -121.696215590473926, 38.657424961284256, 0.0 ], [ -121.688801188969606, 38.657301229613132, 0.0 ], [ -121.685955353098976, 38.657282193952419, 0.0 ], [ -121.685822104196248, 38.657272675418703, 0.0 ], [ -121.685745959399497, 38.65715846203463, 0.0 ], [ -121.685736441749071, 38.657006175602483, 0.0 ], [ -121.685745960297808, 38.654912250451659, 0.0 ], [ -121.685755478846573, 38.654721893581915, 0.0 ], [ -121.685784031797866, 38.654541055805822, 0.0 ], [ -121.685917281598904, 38.654331661504834, 0.0 ], [ -121.685974388399842, 38.654265037415811, 0.0 ], [ -121.68607908524956, 38.654265037415804, 0.0 ] ] ] ] } },
{ "type": "Feature", "properties": { "Name": null, "FolderPath": null, "SymbolID": null, "AltMode": null, "Base": null, "Clamped": null, "Extruded": null, "Snippet": null, "PopupInfo": null, "Shape_Leng": null, "Shape_Area": null, "OBJECTID": null, "Type": null, "Owner": "Conaway Preservation Group", "Access": null, "Feature_ID": null, "layer": null, "path": null, "field_id": null, "joined_Name": null }, "geometry": { "type": "MultiPolygon", "coordinates": [ [ [ [ -121.685613900764537, 38.665125344409375, 0.0 ], [ -121.685685285388573, 38.661175438248527, 0.0 ], [ -121.689635191167596, 38.661258719609897, 0.0 ], [ -121.697285159685507, 38.661449075942251, 0.0 ], [ -121.697285158787196, 38.665268110836365, 0.0 ], [ -121.697226816802768, 38.665406673419376, 0.0 ], [ -121.693180588269101, 38.665351393049491, 0.0 ], [ -121.68566148991502, 38.66523242013308, 0.0 ], [ -121.685613900764537, 38.665125344409375, 0.0 ] ] ] ] } },
{ "type": "Feature", "properties": { "Name": null, "FolderPath": null, "SymbolID": null, "AltMode": null, "Base": null, "Clamped": null, "Extruded": null, "Snippet": null, "PopupInfo": null, "Shape_Leng": null, "Shape_Area": null, "OBJECTID": null, "Type": null, "Owner": "Conaway Preservation Group", "Access": null, "Feature_ID": null, "layer": null, "path": null, "field_id": null, "joined_Name": null }, "geometry": { "type": "MultiPolygon", "coordinates": [ [ [ [ -121.692188353223685, 38.669368929520118, 0.0 ], [ -121.692252541444034, 38.665380750646619, 0.0 ], [ -121.697118597658786, 38.665470365768293, 0.0 ], [ -121.69724946782263, 38.665517953678183, 0.0 ], [ -121.697273261499575, 38.666231792379271, 0.0 ], [ -121.697201880468796, 38.668861098087987, 0.0 ], [ -121.697213775061471, 38.669099043587991, 0.0 ], [ -121.696915456233683, 38.669414910800583, 0.0 ], [ -121.692419160962899, 38.669372682565573, 0.0 ], [ -121.692188353223685, 38.669368929520118, 0.0 ] ] ] ] } },
{ "type": "Feature", "properties": { "Name": "23-1", "FolderPath": null, "SymbolID": null, "AltMode": null, "Base": null, "Clamped": null, "Extruded": null, "Snippet": null, "PopupInfo": null, "Shape_Leng": null, "Shape_Area": null, "OBJECTID": null, "Type": null, "Owner": "Conaway Preservation Group", "Access": null, "Feature_ID": null, "layer": null, "path": null, "field_id": "23-1", "joined_Name": "23-1" }, "geometry": { "type": "MultiPolygon", "coordinates": [ [ [ [ -121.62246767073286, 38.618283954459166, 0.0 ], [ -121.611021864350022, 38.618471239090375, 0.0 ], [ -121.60970349921692, 38.616645193076181, 0.0 ], [ -121.610961938662172, 38.605125985305847, 0.0 ], [ -121.611081790037886, 38.603627415837487, 0.0 ], [ -121.611201641413615, 38.600489684660452, 0.0 ], [ -121.619711089090899, 38.600677015745447, 0.0 ], [ -121.620190494593885, 38.608076202493628, 0.0 ], [ -121.620370271657464, 38.610838994314221, 0.0 ], [ -121.621029454224043, 38.611822335222492, 0.0 ], [ -121.621808488166337, 38.612337413176419, 0.0 ], [ -121.621808488166337, 38.612337413176419, 0.0 ], [ -121.621808488166337, 38.612337413176419, 0.0 ], [ -121.62246767073286, 38.618283954459166, 0.0 ] ] ] ] } },
{ "type": "Feature", "properties": { "Name": "23-2", "FolderPath": null, "SymbolID": null, "AltMode": null, "Base": null, "Clamped": null, "Extruded": null, "Snippet": null, "PopupInfo": null, "Shape_Leng": null, "Shape_Area": null, "OBJECTID": null, "Type": null, "Owner": "Conaway Preservation Group", "Access": null, "Feature_ID": null, "layer": null, "path": null, "field_id": "23-2", "joined_Name": null }, "geometry": { "type": "MultiPolygon", "coordinates": [ [ [ [ -121.619980754686324, 38.600559933874621, 0.0 ], [ -121.611276548523449, 38.600302353086548, 0.0 ], [ -121.610767180176538, 38.600173562345816, 0.0 ], [ -121.610752198754611, 38.598393884813675, 0.0 ], [ -121.619666144825018, 38.59871001496677, 0.0 ], [ -121.619771014778792, 38.598733431959751, 0.0 ], [ -121.619980754686324, 38.600559933874621, 0.0 ] ] ] ] } },
{ "type": "Feature", "properties": { "Name": "34-2", "FolderPath": null, "SymbolID": null, "AltMode": null, "Base": null, "Clamped": null, "Extruded": null, "Snippet": null, "PopupInfo": null, "Shape_Leng": null, "Shape_Area": null, "OBJECTID": null, "Type": null, "Owner": "Conaway Preservation Group", "Access": null, "Feature_ID": null, "layer": null, "path": null, "field_id": "34-2", "joined_Name": null }, "geometry": { "type": "MultiPolygon", "coordinates": [ [ [ [ -121.634557678260279, 38.575125225873222, 0.0 ], [ -121.633254294549161, 38.576366723679818, 0.0 ], [ -121.63258013056064, 38.577256840975878, 0.0 ], [ -121.631846040884241, 38.578228930159113, 0.0 ], [ -121.631531431022935, 38.578837943185569, 0.0 ], [ -121.631351653959328, 38.578978483919919, 0.0 ], [ -121.630947155566218, 38.578955060483281, 0.0 ], [ -121.630962136988202, 38.578638843341174, 0.0 ], [ -121.630857267034401, 38.575043239413773, 0.0 ], [ -121.631081988363917, 38.574996389966337, 0.0 ], [ -121.634557678260279, 38.575008102331061, 0.0 ], [ -121.634557678260279, 38.575125225873222, 0.0 ] ] ] ] } },
{ "type": "Feature", "properties": { "Name": "28-5", "FolderPath": null, "SymbolID": null, "AltMode": null, "Base": null, "Clamped": null, "Extruded": null, "Snippet": null, "PopupInfo": null, "Shape_Leng": null, "Shape_Area": null, "OBJECTID": null, "Type": null, "Owner": "Conaway Preservation Group", "Access": null, "Feature_ID": null, "layer": null, "path": null, "field_id": "28-5", "joined_Name": null }, "geometry": { "type": "MultiPolygon", "coordinates": [ [ [ [ -121.646093373174921, 38.59664928966658, 0.0 ], [ -121.638303033752067, 38.596649289666573, 0.0 ], [ -121.631771133774436, 38.592551080592905, 0.0 ], [ -121.631741170930496, 38.591848506974628, 0.0 ], [ -121.632100725057711, 38.591684572141077, 0.0 ], [ -121.632310464965229, 38.591356701350968, 0.0 ], [ -121.632160650745561, 38.590981990043133, 0.0 ], [ -121.631861022306225, 38.590583857135748, 0.0 ], [ -121.631950910838, 38.58964706511545, 0.0 ], [ -121.644775008041833, 38.58964706511545, 0.0 ], [ -121.644924822261515, 38.589764164786416, 0.0 ], [ -121.645224450700837, 38.590138882450113, 0.0 ], [ -121.645584004828066, 38.590513598158211, 0.0 ], [ -121.646273150238571, 38.591028829063575, 0.0 ], [ -121.646093373174921, 38.59664928966658, 0.0 ] ] ] ] } },
{ "type": "Feature", "properties": { "Name": "28-4", "FolderPath": null, "SymbolID": null, "AltMode": null, "Base": null, "Clamped": null, "Extruded": null, "Snippet": null, "PopupInfo": null, "Shape_Leng": null, "Shape_Area": null, "OBJECTID": null, "Type": null, "Owner": "Conaway Preservation Group", "Access": null, "Feature_ID": null, "layer": null, "path": null, "field_id": "28-4", "joined_Name": null }, "geometry": { "type": "MultiPolygon", "coordinates": [ [ [ [ -121.658748929381659, 38.596570254989864, 0.0 ], [ -121.646269404883085, 38.596593672680925, 0.0 ], [ -121.646134572085344, 38.596453166419941, 0.0 ], [ -121.646284386305055, 38.591055175999124, 0.0 ], [ -121.647475409351443, 38.591514782097413, 0.0 ], [ -121.648449201779314, 38.591655298024264, 0.0 ], [ -121.649591535204308, 38.591661152848566, 0.0 ], [ -121.650688924363394, 38.591637733548438, 0.0 ], [ -121.65168893427969, 38.59160553199829, 0.0 ], [ -121.653441760649812, 38.59154112885463, 0.0 ], [ -121.656348156511427, 38.591453306292927, 0.0 ], [ -121.658093492170593, 38.591388903012735, 0.0 ], [ -121.658595369806505, 38.591394757858772, 0.0 ], [ -121.658670276916311, 38.591915837244244, 0.0 ], [ -121.658827581846964, 38.592313962765395, 0.0 ], [ -121.658748929381659, 38.596570254989864, 0.0 ] ] ] ] } },
{ "type": "Feature", "properties": { "Name": "38-7", "FolderPath": null, "SymbolID": null, "AltMode": null, "Base": null, "Clamped": null, "Extruded": null, "Snippet": null, "PopupInfo": null, "Shape_Leng": null, "Shape_Area": null, "OBJECTID": null, "Type": null, "Owner": "Conaway Preservation Group", "Access": null, "Feature_ID": null, "layer": null, "path": null, "field_id": "38-7", "joined_Name": null }, "geometry": { "type": "MultiPolygon", "coordinates": [ [ [ [ -121.646939823516163, 38.603805957982615, 0.0 ], [ -121.635494017133297, 38.603876203950755, 0.0 ], [ -121.6348647974107, 38.603197156711836, 0.0 ], [ -121.633965912092677, 38.601815626978492, 0.0 ], [ -121.633037063930686, 38.599942323845006, 0.0 ], [ -121.632108215768753, 38.59720252996712, 0.0 ], [ -121.631868513017281, 38.595563287046893, 0.0 ], [ -121.631808587329388, 38.592893582738903, 0.0 ], [ -121.646999749204042, 38.602541518798226, 0.0 ], [ -121.646939823516163, 38.603805957982615, 0.0 ] ] ] ] } },
{ "type": "Feature", "properties": { "Name": "28-2", "FolderPath": null, "SymbolID": null, "AltMode": null, "Base": null, "Clamped": null, "Extruded": null, "Snippet": null, "PopupInfo": null, "Shape_Leng": null, "Shape_Area": null, "OBJECTID": null, "Type": null, "Owner": "Conaway Preservation Group", "Access": null, "Feature_ID": null, "layer": null, "path": null, "field_id": "28-2", "joined_Name": null }, "geometry": { "type": "MultiPolygon", "coordinates": [ [ [ [ -121.647089637735832, 38.602260529287335, 0.0 ], [ -121.638789929966052, 38.59700348103793, 0.0 ], [ -121.638722513567217, 38.596915665158377, 0.0 ], [ -121.638759967122141, 38.596781013934418, 0.0 ], [ -121.647389266175168, 38.596781013934418, 0.0 ], [ -121.647089637735832, 38.602260529287335, 0.0 ] ] ] ] } },
{ "type": "Feature", "properties": { "Name": "28-1", "FolderPath": null, "SymbolID": null, "AltMode": null, "Base": null, "Clamped": null, "Extruded": null, "Snippet": null, "PopupInfo": null, "Shape_Leng": null, "Shape_Area": null, "OBJECTID": null, "Type": null, "Owner": "Conaway Preservation Group", "Access": null, "Feature_ID": null, "layer": null, "path": null, "field_id": "28-1", "joined_Name": null }, "geometry": { "type": "MultiPolygon", "coordinates": [ [ [ [ -121.658700239760307, 38.603794250314557, 0.0 ], [ -121.647569043238775, 38.603829373312948, 0.0 ], [ -121.647314359065348, 38.603759127298979, 0.0 ], [ -121.647239451955485, 38.60368888121625, 0.0 ], [ -121.647254433377469, 38.602412732075614, 0.0 ], [ -121.64716454484568, 38.602084910284354, 0.0 ], [ -121.647494136128969, 38.596921519553661, 0.0 ], [ -121.647509117550925, 38.59682784917139, 0.0 ], [ -121.647658931770565, 38.596769305120397, 0.0 ], [ -121.658595369806562, 38.596734178666878, 0.0 ], [ -121.658730202604261, 38.596781013934411, 0.0 ], [ -121.658745184026216, 38.59696835469898, 0.0 ], [ -121.658700239760307, 38.603794250314557, 0.0 ] ] ] ] } },
{ "type": "Feature", "properties": { "Name": "16-1", "FolderPath": null, "SymbolID": null, "AltMode": null, "Base": null, "Clamped": null, "Extruded": null, "Snippet": null, "PopupInfo": null, "Shape_Leng": null, "Shape_Area": null, "OBJECTID": null, "Type": null, "Owner": "Conaway Preservation Group", "Access": null, "Feature_ID": null, "layer": null, "path": null, "field_id": "16-1", "joined_Name": null }, "geometry": { "type": "MultiPolygon", "coordinates": [ [ [ [ -121.655067244933349, 38.630506177376688, 0.0 ], [ -121.655007319245499, 38.630570545552089, 0.0 ], [ -121.654872486447786, 38.630459364121926, 0.0 ], [ -121.652917410881102, 38.627849476815136, 0.0 ], [ -121.652745124528465, 38.627586142102068, 0.0 ], [ -121.652497931066023, 38.627305250675477, 0.0 ], [ -121.650512892655371, 38.62457235373958, 0.0 ], [ -121.647599006082757, 38.620469886807655, 0.0 ], [ -121.646271277560899, 38.618690712645233, 0.0 ], [ -121.646181389029067, 38.618554639120305, 0.0 ], [ -121.646162662251641, 38.61846977593104, 0.0 ], [ -121.646245060072431, 38.618412712695616, 0.0 ], [ -121.646481017468446, 38.618398081089467, 0.0 ], [ -121.652284445802977, 38.618367354706862, 0.0 ], [ -121.653093442589181, 38.618390765285291, 0.0 ], [ -121.654254502791645, 38.618349796768015, 0.0 ], [ -121.655123425265728, 38.618332238824898, 0.0 ], [ -121.655235785930515, 38.618431733779133, 0.0 ], [ -121.655340655884274, 38.618554639120333, 0.0 ], [ -121.655067244933349, 38.630506177376688, 0.0 ] ] ] ] } },
{ "type": "Feature", "properties": { "Name": "4-2", "FolderPath": null, "SymbolID": null, "AltMode": null, "Base": null, "Clamped": null, "Extruded": null, "Snippet": null, "PopupInfo": null, "Shape_Leng": null, "Shape_Area": null, "OBJECTID": null, "Type": null, "Owner": "Conaway Preservation Group", "Access": null, "Feature_ID": null, "layer": null, "path": null, "field_id": "4-2", "joined_Name": "4-2" }, "geometry": { "type": "MultiPolygon", "coordinates": [ [ [ [ -121.654314428479537, 38.655247092559058, 0.0 ], [ -121.641715052605264, 38.655039430213243, 0.0 ], [ -121.641355498478063, 38.654735247662252, 0.0 ], [ -121.635329221491759, 38.647425703527333, 0.0 ], [ -121.635235587604456, 38.647270671105801, 0.0 ], [ -121.63526929580388, 38.647200467634768, 0.0 ], [ -121.635407873957064, 38.647153665282559, 0.0 ], [ -121.635947205147914, 38.647197542488676, 0.0 ], [ -121.654584094074934, 38.647384751599525, 0.0 ], [ -121.654524168387056, 38.652953998911556, 0.0 ], [ -121.654374354167416, 38.653211390631256, 0.0 ], [ -121.654314428479537, 38.655247092559058, 0.0 ] ] ] ] } }
]
}
